# Original sci-fi starship cockpit interior
# Forward direction: +Z | Up: +Y | Units: approximately metres
mtllib starship_cockpit.mtl
o Starship_Cockpit
v -3.725000 -1.740000 -4.175000
v 3.725000 -1.740000 -4.175000
v 3.725000 -1.500000 -4.175000
v -3.725000 -1.500000 -4.175000
v -3.725000 -1.740000 4.175000
v 3.725000 -1.740000 4.175000
v 3.725000 -1.500000 4.175000
v -3.725000 -1.500000 4.175000
v -3.425000 -1.525000 -4.180000
v 3.425000 -1.525000 -4.180000
v 3.425000 2.225000 -4.180000
v -3.425000 2.225000 -4.180000
v -3.425000 -1.525000 -3.900000
v 3.425000 -1.525000 -3.900000
v 3.425000 2.225000 -3.900000
v -3.425000 2.225000 -3.900000
v -3.425000 2.410000 -3.875000
v 3.425000 2.410000 -3.875000
v 3.425000 2.670000 -3.875000
v -3.425000 2.670000 -3.875000
v -3.425000 2.410000 1.475000
v 3.425000 2.410000 1.475000
v 3.425000 2.670000 1.475000
v -3.425000 2.670000 1.475000
v -3.700000 -1.540000 -4.175000
v -3.380000 -1.540000 -4.175000
v -3.380000 0.380000 -4.175000
v -3.700000 0.380000 -4.175000
v -3.700000 -1.540000 3.775000
v -3.380000 -1.540000 3.775000
v -3.380000 0.380000 3.775000
v -3.700000 0.380000 3.775000
v 3.380000 -1.540000 -4.175000
v 3.700000 -1.540000 -4.175000
v 3.700000 0.380000 -4.175000
v 3.380000 0.380000 -4.175000
v 3.380000 -1.540000 3.775000
v 3.700000 -1.540000 3.775000
v 3.700000 0.380000 3.775000
v 3.380000 0.380000 3.775000
v -3.560000 1.025000 -3.875000
v -3.340000 1.025000 -3.875000
v -3.340000 2.475000 -3.875000
v -3.560000 2.475000 -3.875000
v -3.560000 1.025000 1.675000
v -3.340000 1.025000 1.675000
v -3.340000 2.475000 1.675000
v -3.560000 2.475000 1.675000
v 3.340000 1.025000 -3.875000
v 3.560000 1.025000 -3.875000
v 3.560000 2.475000 -3.875000
v 3.340000 2.475000 -3.875000
v 3.340000 1.025000 1.675000
v 3.560000 1.025000 1.675000
v 3.560000 2.475000 1.675000
v 3.340000 2.475000 1.675000
v -2.715000 -1.497500 -3.775000
v -2.585000 -1.497500 -3.775000
v -2.585000 -1.442500 -3.775000
v -2.715000 -1.442500 -3.775000
v -2.715000 -1.497500 3.575000
v -2.585000 -1.497500 3.575000
v -2.585000 -1.442500 3.575000
v -2.715000 -1.442500 3.575000
v -2.315000 -1.497500 -3.775000
v -2.185000 -1.497500 -3.775000
v -2.185000 -1.442500 -3.775000
v -2.315000 -1.442500 -3.775000
v -2.315000 -1.497500 3.575000
v -2.185000 -1.497500 3.575000
v -2.185000 -1.442500 3.575000
v -2.315000 -1.442500 3.575000
v -0.985000 -1.497500 -3.775000
v -0.855000 -1.497500 -3.775000
v -0.855000 -1.442500 -3.775000
v -0.985000 -1.442500 -3.775000
v -0.985000 -1.497500 3.575000
v -0.855000 -1.497500 3.575000
v -0.855000 -1.442500 3.575000
v -0.985000 -1.442500 3.575000
v -0.645000 -1.497500 -3.775000
v -0.515000 -1.497500 -3.775000
v -0.515000 -1.442500 -3.775000
v -0.645000 -1.442500 -3.775000
v -0.645000 -1.497500 3.575000
v -0.515000 -1.497500 3.575000
v -0.515000 -1.442500 3.575000
v -0.645000 -1.442500 3.575000
v 0.515000 -1.497500 -3.775000
v 0.645000 -1.497500 -3.775000
v 0.645000 -1.442500 -3.775000
v 0.515000 -1.442500 -3.775000
v 0.515000 -1.497500 3.575000
v 0.645000 -1.497500 3.575000
v 0.645000 -1.442500 3.575000
v 0.515000 -1.442500 3.575000
v 0.855000 -1.497500 -3.775000
v 0.985000 -1.497500 -3.775000
v 0.985000 -1.442500 -3.775000
v 0.855000 -1.442500 -3.775000
v 0.855000 -1.497500 3.575000
v 0.985000 -1.497500 3.575000
v 0.985000 -1.442500 3.575000
v 0.855000 -1.442500 3.575000
v 2.185000 -1.497500 -3.775000
v 2.315000 -1.497500 -3.775000
v 2.315000 -1.442500 -3.775000
v 2.185000 -1.442500 -3.775000
v 2.185000 -1.497500 3.575000
v 2.315000 -1.497500 3.575000
v 2.315000 -1.442500 3.575000
v 2.185000 -1.442500 3.575000
v 2.585000 -1.497500 -3.775000
v 2.715000 -1.497500 -3.775000
v 2.715000 -1.442500 -3.775000
v 2.585000 -1.442500 -3.775000
v 2.585000 -1.497500 3.575000
v 2.715000 -1.497500 3.575000
v 2.715000 -1.442500 3.575000
v 2.585000 -1.442500 3.575000
v -3.225000 -1.470000 -3.287500
v 3.225000 -1.470000 -3.287500
v 3.225000 -1.430000 -3.287500
v -3.225000 -1.430000 -3.287500
v -3.225000 -1.470000 -3.212500
v 3.225000 -1.470000 -3.212500
v 3.225000 -1.430000 -3.212500
v -3.225000 -1.430000 -3.212500
v -3.225000 -1.470000 -2.387500
v 3.225000 -1.470000 -2.387500
v 3.225000 -1.430000 -2.387500
v -3.225000 -1.430000 -2.387500
v -3.225000 -1.470000 -2.312500
v 3.225000 -1.470000 -2.312500
v 3.225000 -1.430000 -2.312500
v -3.225000 -1.430000 -2.312500
v -3.225000 -1.470000 -0.137500
v 3.225000 -1.470000 -0.137500
v 3.225000 -1.430000 -0.137500
v -3.225000 -1.430000 -0.137500
v -3.225000 -1.470000 -0.062500
v 3.225000 -1.470000 -0.062500
v 3.225000 -1.430000 -0.062500
v -3.225000 -1.430000 -0.062500
v -3.225000 -1.470000 1.562500
v 3.225000 -1.470000 1.562500
v 3.225000 -1.430000 1.562500
v -3.225000 -1.430000 1.562500
v -3.225000 -1.470000 1.637500
v 3.225000 -1.470000 1.637500
v 3.225000 -1.430000 1.637500
v -3.225000 -1.430000 1.637500
v -3.020000 -1.455000 -2.575000
v -2.680000 -1.455000 -2.575000
v -2.680000 -1.405000 -2.575000
v -3.020000 -1.405000 -2.575000
v -3.020000 -1.455000 3.175000
v -2.680000 -1.455000 3.175000
v -2.680000 -1.405000 3.175000
v -3.020000 -1.405000 3.175000
v 2.680000 -1.455000 -2.575000
v 3.020000 -1.455000 -2.575000
v 3.020000 -1.405000 -2.575000
v 2.680000 -1.405000 -2.575000
v 2.680000 -1.455000 3.175000
v 3.020000 -1.455000 3.175000
v 3.020000 -1.405000 3.175000
v 2.680000 -1.405000 3.175000
v -1.300000 -0.028146 3.550518
v 1.300000 -0.028146 3.550518
v 1.550000 2.171854 1.660518
v -1.550000 2.171854 1.660518
v -1.300000 -0.011854 3.569482
v 1.300000 -0.011854 3.569482
v 1.550000 2.188146 1.679482
v -1.550000 2.188146 1.679482
v -3.368694 0.111658 3.130783
v -1.298694 -0.028342 3.550783
v -1.548694 2.171658 1.660783
v -3.178694 2.041658 1.410783
v -3.371306 0.128342 3.149217
v -1.301306 -0.011658 3.569217
v -1.551306 2.188342 1.679217
v -3.181306 2.058342 1.429217
v 1.298614 -0.028004 3.550499
v 3.368614 0.111996 3.130499
v 3.178614 2.041996 1.410499
v 1.548614 2.171996 1.660499
v 1.301386 -0.011996 3.569501
v 3.371386 0.128004 3.149501
v 3.181386 2.058004 1.429501
v 1.551386 2.188004 1.679501
v -3.305496 0.100000 3.158613
v -3.105496 2.050000 1.428613
v -3.312266 0.075021 3.129675
v -3.112266 2.025021 1.399675
v -3.337185 0.056735 3.106183
v -3.137185 2.006735 1.376183
v -3.373576 0.050042 3.094431
v -3.173576 2.000042 1.364431
v -3.411688 0.056735 3.097569
v -3.211688 2.006735 1.367569
v -3.441310 0.075021 3.114756
v -3.241310 2.025021 1.384756
v -3.454504 0.100000 3.141387
v -3.254504 2.050000 1.411387
v -3.447734 0.124979 3.170325
v -3.247734 2.074979 1.440325
v -3.422815 0.143265 3.193817
v -3.222815 2.093265 1.463817
v -3.386424 0.149958 3.205569
v -3.186424 2.099958 1.475569
v -3.348312 0.143265 3.202431
v -3.148312 2.093265 1.472431
v -3.318690 0.124979 3.185244
v -3.118690 2.074979 1.455244
v -3.380000 0.100000 3.150000
v -3.180000 2.050000 1.420000
v 3.454504 0.100000 3.141387
v 3.254504 2.050000 1.411387
v 3.441310 0.075021 3.114756
v 3.241310 2.025021 1.384756
v 3.411688 0.056735 3.097569
v 3.211688 2.006735 1.367569
v 3.373576 0.050042 3.094431
v 3.173576 2.000042 1.364431
v 3.337185 0.056735 3.106183
v 3.137185 2.006735 1.376183
v 3.312266 0.075021 3.129675
v 3.112266 2.025021 1.399675
v 3.305496 0.100000 3.158613
v 3.105496 2.050000 1.428613
v 3.318690 0.124979 3.185244
v 3.118690 2.074979 1.455244
v 3.348312 0.143265 3.202431
v 3.148312 2.093265 1.472431
v 3.386424 0.149958 3.205569
v 3.186424 2.099958 1.475569
v 3.422815 0.143265 3.193817
v 3.222815 2.093265 1.463817
v 3.447734 0.124979 3.170325
v 3.247734 2.074979 1.440325
v 3.380000 0.100000 3.150000
v 3.180000 2.050000 1.420000
v -3.191370 2.050000 1.494133
v -1.561370 2.180000 1.744133
v -3.186934 2.012616 1.484648
v -1.556934 2.142616 1.734648
v -3.180640 1.985249 1.457840
v -1.550640 2.115249 1.707840
v -3.174174 1.975232 1.420894
v -1.544174 2.105232 1.670894
v -3.169269 1.985249 1.383707
v -1.539269 2.115249 1.633707
v -3.167240 2.012616 1.356246
v -1.537240 2.142616 1.606246
v -3.168630 2.050000 1.345867
v -1.538630 2.180000 1.595867
v -3.173066 2.087384 1.355352
v -1.543066 2.217384 1.605352
v -3.179360 2.114751 1.382160
v -1.549360 2.244751 1.632160
v -3.185826 2.124768 1.419106
v -1.555826 2.254768 1.669106
v -3.190731 2.114751 1.456293
v -1.560731 2.244751 1.706293
v -3.192760 2.087384 1.483754
v -1.562760 2.217384 1.733754
v -3.180000 2.050000 1.420000
v -1.550000 2.180000 1.670000
v 1.561370 2.180000 1.744133
v 3.191370 2.050000 1.494133
v 1.556934 2.142616 1.734648
v 3.186934 2.012616 1.484648
v 1.550640 2.115249 1.707840
v 3.180640 1.985249 1.457840
v 1.544174 2.105232 1.670894
v 3.174174 1.975232 1.420894
v 1.539269 2.115249 1.633707
v 3.169269 1.985249 1.383707
v 1.537240 2.142616 1.606246
v 3.167240 2.012616 1.356246
v 1.538630 2.180000 1.595867
v 3.168630 2.050000 1.345867
v 1.543066 2.217384 1.605352
v 3.173066 2.087384 1.355352
v 1.549360 2.244751 1.632160
v 3.179360 2.114751 1.382160
v 1.555826 2.254768 1.669106
v 3.185826 2.124768 1.419106
v 1.560731 2.244751 1.706293
v 3.190731 2.114751 1.456293
v 1.562760 2.217384 1.733754
v 3.192760 2.087384 1.483754
v 1.550000 2.180000 1.670000
v 3.180000 2.050000 1.420000
v -1.550000 2.180000 1.745000
v 1.550000 2.180000 1.745000
v -1.550000 2.142500 1.734952
v 1.550000 2.142500 1.734952
v -1.550000 2.115048 1.707500
v 1.550000 2.115048 1.707500
v -1.550000 2.105000 1.670000
v 1.550000 2.105000 1.670000
v -1.550000 2.115048 1.632500
v 1.550000 2.115048 1.632500
v -1.550000 2.142500 1.605048
v 1.550000 2.142500 1.605048
v -1.550000 2.180000 1.595000
v 1.550000 2.180000 1.595000
v -1.550000 2.217500 1.605048
v 1.550000 2.217500 1.605048
v -1.550000 2.244952 1.632500
v 1.550000 2.244952 1.632500
v -1.550000 2.255000 1.670000
v 1.550000 2.255000 1.670000
v -1.550000 2.244952 1.707500
v 1.550000 2.244952 1.707500
v -1.550000 2.217500 1.734952
v 1.550000 2.217500 1.734952
v -1.550000 2.180000 1.670000
v 1.550000 2.180000 1.670000
v -1.225648 -0.020000 3.550165
v -1.475648 2.180000 1.660165
v -1.239325 -0.044558 3.523388
v -1.489325 2.155442 1.633388
v -1.269261 -0.062536 3.506421
v -1.519261 2.137464 1.616421
v -1.307433 -0.069117 3.503810
v -1.557433 2.130883 1.613810
v -1.343613 -0.062536 3.516256
v -1.593613 2.137464 1.626256
v -1.368107 -0.044558 3.540422
v -1.618107 2.155442 1.650422
v -1.374352 -0.020000 3.569835
v -1.624352 2.180000 1.679835
v -1.360675 0.004558 3.596612
v -1.610675 2.204558 1.706612
v -1.330739 0.022536 3.613579
v -1.580739 2.222536 1.723579
v -1.292567 0.029117 3.616190
v -1.542567 2.229117 1.726190
v -1.256387 0.022536 3.603744
v -1.506387 2.222536 1.713744
v -1.231893 0.004558 3.579578
v -1.481893 2.204558 1.689578
v -1.300000 -0.020000 3.560000
v -1.550000 2.180000 1.670000
v 1.374352 -0.020000 3.569835
v 1.624352 2.180000 1.679835
v 1.368107 -0.044558 3.540422
v 1.618107 2.155442 1.650422
v 1.343613 -0.062536 3.516256
v 1.593613 2.137464 1.626256
v 1.307433 -0.069117 3.503810
v 1.557433 2.130883 1.613810
v 1.269261 -0.062536 3.506421
v 1.519261 2.137464 1.616421
v 1.239325 -0.044558 3.523388
v 1.489325 2.155442 1.633388
v 1.225648 -0.020000 3.550165
v 1.475648 2.180000 1.660165
v 1.231893 0.004558 3.579578
v 1.481893 2.204558 1.689578
v 1.256387 0.022536 3.603744
v 1.506387 2.222536 1.713744
v 1.292567 0.029117 3.616190
v 1.542567 2.229117 1.726190
v 1.330739 0.022536 3.613579
v 1.580739 2.222536 1.723579
v 1.360675 0.004558 3.596612
v 1.610675 2.204558 1.706612
v 1.300000 -0.020000 3.560000
v 1.550000 2.180000 1.670000
v -3.394505 0.100000 3.223584
v -1.314505 -0.020000 3.633584
v -3.394641 0.062560 3.213316
v -1.314641 -0.057440 3.623316
v -3.390854 0.035152 3.186082
v -1.310854 -0.084848 3.596082
v -3.384158 0.025120 3.149180
v -1.304158 -0.094880 3.559180
v -3.376349 0.035152 3.112498
v -1.296349 -0.084848 3.522498
v -3.369518 0.062560 3.085864
v -1.289518 -0.057440 3.495864
v -3.365495 0.100000 3.076416
v -1.285495 -0.020000 3.486416
v -3.365359 0.137440 3.086684
v -1.285359 0.017440 3.496684
v -3.369146 0.164848 3.113918
v -1.289146 0.044848 3.523918
v -3.375842 0.174880 3.150820
v -1.295842 0.054880 3.560820
v -3.383651 0.164848 3.187502
v -1.303651 0.044848 3.597502
v -3.390482 0.137440 3.214136
v -1.310482 0.017440 3.624136
v -3.380000 0.100000 3.150000
v -1.300000 -0.020000 3.560000
v 1.314505 -0.020000 3.633584
v 3.394505 0.100000 3.223584
v 1.314641 -0.057440 3.623316
v 3.394641 0.062560 3.213316
v 1.310854 -0.084848 3.596082
v 3.390854 0.035152 3.186082
v 1.304158 -0.094880 3.559180
v 3.384158 0.025120 3.149180
v 1.296349 -0.084848 3.522498
v 3.376349 0.035152 3.112498
v 1.289518 -0.057440 3.495864
v 3.369518 0.062560 3.085864
v 1.285495 -0.020000 3.486416
v 3.365495 0.100000 3.076416
v 1.285359 0.017440 3.496684
v 3.365359 0.137440 3.086684
v 1.289146 0.044848 3.523918
v 3.369146 0.164848 3.113918
v 1.295842 0.054880 3.560820
v 3.375842 0.174880 3.150820
v 1.303651 0.044848 3.597502
v 3.383651 0.164848 3.187502
v 1.310482 0.017440 3.624136
v 3.390482 0.137440 3.214136
v 1.300000 -0.020000 3.560000
v 3.380000 0.100000 3.150000
v -3.105000 2.050000 1.420000
v -3.105000 2.500000 -1.100000
v -3.115048 2.013084 1.413408
v -3.115048 2.463084 -1.106592
v -3.142500 1.986060 1.408582
v -3.142500 2.436060 -1.111418
v -3.180000 1.976168 1.406816
v -3.180000 2.426168 -1.113184
v -3.217500 1.986060 1.408582
v -3.217500 2.436060 -1.111418
v -3.244952 2.013084 1.413408
v -3.244952 2.463084 -1.106592
v -3.255000 2.050000 1.420000
v -3.255000 2.500000 -1.100000
v -3.244952 2.086916 1.426592
v -3.244952 2.536916 -1.093408
v -3.217500 2.113940 1.431418
v -3.217500 2.563940 -1.088582
v -3.180000 2.123832 1.433184
v -3.180000 2.573832 -1.086816
v -3.142500 2.113940 1.431418
v -3.142500 2.563940 -1.088582
v -3.115048 2.086916 1.426592
v -3.115048 2.536916 -1.093408
v -3.180000 2.050000 1.420000
v -3.180000 2.500000 -1.100000
v 3.255000 2.050000 1.420000
v 3.255000 2.500000 -1.100000
v 3.244952 2.013084 1.413408
v 3.244952 2.463084 -1.106592
v 3.217500 1.986060 1.408582
v 3.217500 2.436060 -1.111418
v 3.180000 1.976168 1.406816
v 3.180000 2.426168 -1.113184
v 3.142500 1.986060 1.408582
v 3.142500 2.436060 -1.111418
v 3.115048 2.013084 1.413408
v 3.115048 2.463084 -1.106592
v 3.105000 2.050000 1.420000
v 3.105000 2.500000 -1.100000
v 3.115048 2.086916 1.426592
v 3.115048 2.536916 -1.093408
v 3.142500 2.113940 1.431418
v 3.142500 2.563940 -1.088582
v 3.180000 2.123832 1.433184
v 3.180000 2.573832 -1.086816
v 3.217500 2.113940 1.431418
v 3.217500 2.563940 -1.088582
v 3.244952 2.086916 1.426592
v 3.244952 2.536916 -1.093408
v 3.180000 2.050000 1.420000
v 3.180000 2.500000 -1.100000
v -3.235000 2.080000 1.290000
v -3.005000 2.080000 1.290000
v -3.005000 2.280000 1.290000
v -3.235000 2.280000 1.290000
v -3.235000 2.080000 1.670000
v -3.005000 2.080000 1.670000
v -3.005000 2.280000 1.670000
v -3.235000 2.280000 1.670000
v 3.005000 2.080000 1.290000
v 3.235000 2.080000 1.290000
v 3.235000 2.280000 1.290000
v 3.005000 2.280000 1.290000
v 3.005000 2.080000 1.670000
v 3.235000 2.080000 1.670000
v 3.235000 2.280000 1.670000
v 3.005000 2.280000 1.670000
v -1.715000 2.080000 1.510000
v -1.485000 2.080000 1.510000
v -1.485000 2.280000 1.510000
v -1.715000 2.280000 1.510000
v -1.715000 2.080000 1.890000
v -1.485000 2.080000 1.890000
v -1.485000 2.280000 1.890000
v -1.715000 2.280000 1.890000
v 1.485000 2.080000 1.510000
v 1.715000 2.080000 1.510000
v 1.715000 2.280000 1.510000
v 1.485000 2.280000 1.510000
v 1.485000 2.080000 1.890000
v 1.715000 2.080000 1.890000
v 1.715000 2.280000 1.890000
v 1.485000 2.280000 1.890000
v -3.185000 -1.080000 -3.650000
v -3.185000 -1.080000 3.050000
v -3.176292 -1.112500 -3.650000
v -3.176292 -1.112500 3.050000
v -3.152500 -1.136292 -3.650000
v -3.152500 -1.136292 3.050000
v -3.120000 -1.145000 -3.650000
v -3.120000 -1.145000 3.050000
v -3.087500 -1.136292 -3.650000
v -3.087500 -1.136292 3.050000
v -3.063708 -1.112500 -3.650000
v -3.063708 -1.112500 3.050000
v -3.055000 -1.080000 -3.650000
v -3.055000 -1.080000 3.050000
v -3.063708 -1.047500 -3.650000
v -3.063708 -1.047500 3.050000
v -3.087500 -1.023708 -3.650000
v -3.087500 -1.023708 3.050000
v -3.120000 -1.015000 -3.650000
v -3.120000 -1.015000 3.050000
v -3.152500 -1.023708 -3.650000
v -3.152500 -1.023708 3.050000
v -3.176292 -1.047500 -3.650000
v -3.176292 -1.047500 3.050000
v -3.120000 -1.080000 -3.650000
v -3.120000 -1.080000 3.050000
v -3.165000 -0.870000 -3.650000
v -3.165000 -0.870000 3.050000
v -3.158971 -0.892500 -3.650000
v -3.158971 -0.892500 3.050000
v -3.142500 -0.908971 -3.650000
v -3.142500 -0.908971 3.050000
v -3.120000 -0.915000 -3.650000
v -3.120000 -0.915000 3.050000
v -3.097500 -0.908971 -3.650000
v -3.097500 -0.908971 3.050000
v -3.081029 -0.892500 -3.650000
v -3.081029 -0.892500 3.050000
v -3.075000 -0.870000 -3.650000
v -3.075000 -0.870000 3.050000
v -3.081029 -0.847500 -3.650000
v -3.081029 -0.847500 3.050000
v -3.097500 -0.831029 -3.650000
v -3.097500 -0.831029 3.050000
v -3.120000 -0.825000 -3.650000
v -3.120000 -0.825000 3.050000
v -3.142500 -0.831029 -3.650000
v -3.142500 -0.831029 3.050000
v -3.158971 -0.847500 -3.650000
v -3.158971 -0.847500 3.050000
v -3.120000 -0.870000 -3.650000
v -3.120000 -0.870000 3.050000
v -3.400000 -0.610000 -3.495000
v -3.300000 -0.610000 -3.495000
v -3.300000 0.010000 -3.495000
v -3.400000 0.010000 -3.495000
v -3.400000 -0.610000 -3.005000
v -3.300000 -0.610000 -3.005000
v -3.300000 0.010000 -3.005000
v -3.400000 0.010000 -3.005000
v -3.400000 -0.610000 -2.745000
v -3.300000 -0.610000 -2.745000
v -3.300000 0.010000 -2.745000
v -3.400000 0.010000 -2.745000
v -3.400000 -0.610000 -2.255000
v -3.300000 -0.610000 -2.255000
v -3.300000 0.010000 -2.255000
v -3.400000 0.010000 -2.255000
v -3.400000 -0.610000 -1.995000
v -3.300000 -0.610000 -1.995000
v -3.300000 0.010000 -1.995000
v -3.400000 0.010000 -1.995000
v -3.400000 -0.610000 -1.505000
v -3.300000 -0.610000 -1.505000
v -3.300000 0.010000 -1.505000
v -3.400000 0.010000 -1.505000
v -3.400000 -0.610000 -1.245000
v -3.300000 -0.610000 -1.245000
v -3.300000 0.010000 -1.245000
v -3.400000 0.010000 -1.245000
v -3.400000 -0.610000 -0.755000
v -3.300000 -0.610000 -0.755000
v -3.300000 0.010000 -0.755000
v -3.400000 0.010000 -0.755000
v -3.400000 -0.610000 -0.495000
v -3.300000 -0.610000 -0.495000
v -3.300000 0.010000 -0.495000
v -3.400000 0.010000 -0.495000
v -3.400000 -0.610000 -0.005000
v -3.300000 -0.610000 -0.005000
v -3.300000 0.010000 -0.005000
v -3.400000 0.010000 -0.005000
v -3.400000 -0.610000 0.255000
v -3.300000 -0.610000 0.255000
v -3.300000 0.010000 0.255000
v -3.400000 0.010000 0.255000
v -3.400000 -0.610000 0.745000
v -3.300000 -0.610000 0.745000
v -3.300000 0.010000 0.745000
v -3.400000 0.010000 0.745000
v -3.400000 -0.610000 1.005000
v -3.300000 -0.610000 1.005000
v -3.300000 0.010000 1.005000
v -3.400000 0.010000 1.005000
v -3.400000 -0.610000 1.495000
v -3.300000 -0.610000 1.495000
v -3.300000 0.010000 1.495000
v -3.400000 0.010000 1.495000
v -3.400000 -0.610000 1.755000
v -3.300000 -0.610000 1.755000
v -3.300000 0.010000 1.755000
v -3.400000 0.010000 1.755000
v -3.400000 -0.610000 2.245000
v -3.300000 -0.610000 2.245000
v -3.300000 0.010000 2.245000
v -3.400000 0.010000 2.245000
v -3.400000 -0.610000 2.505000
v -3.300000 -0.610000 2.505000
v -3.300000 0.010000 2.505000
v -3.400000 0.010000 2.505000
v -3.400000 -0.610000 2.995000
v -3.300000 -0.610000 2.995000
v -3.300000 0.010000 2.995000
v -3.400000 0.010000 2.995000
v -3.352500 -0.775000 -2.800000
v -3.287500 -0.775000 -2.800000
v -3.287500 -0.685000 -2.800000
v -3.352500 -0.685000 -2.800000
v -3.352500 -0.775000 -2.500000
v -3.287500 -0.775000 -2.500000
v -3.287500 -0.685000 -2.500000
v -3.352500 -0.685000 -2.500000
v -3.352500 -0.775000 -0.400000
v -3.287500 -0.775000 -0.400000
v -3.287500 -0.685000 -0.400000
v -3.352500 -0.685000 -0.400000
v -3.352500 -0.775000 -0.100000
v -3.287500 -0.775000 -0.100000
v -3.287500 -0.685000 -0.100000
v -3.352500 -0.685000 -0.100000
v -3.352500 -0.775000 2.000000
v -3.287500 -0.775000 2.000000
v -3.287500 -0.685000 2.000000
v -3.352500 -0.685000 2.000000
v -3.352500 -0.775000 2.300000
v -3.287500 -0.775000 2.300000
v -3.287500 -0.685000 2.300000
v -3.352500 -0.685000 2.300000
v 3.055000 -1.080000 -3.650000
v 3.055000 -1.080000 3.050000
v 3.063708 -1.112500 -3.650000
v 3.063708 -1.112500 3.050000
v 3.087500 -1.136292 -3.650000
v 3.087500 -1.136292 3.050000
v 3.120000 -1.145000 -3.650000
v 3.120000 -1.145000 3.050000
v 3.152500 -1.136292 -3.650000
v 3.152500 -1.136292 3.050000
v 3.176292 -1.112500 -3.650000
v 3.176292 -1.112500 3.050000
v 3.185000 -1.080000 -3.650000
v 3.185000 -1.080000 3.050000
v 3.176292 -1.047500 -3.650000
v 3.176292 -1.047500 3.050000
v 3.152500 -1.023708 -3.650000
v 3.152500 -1.023708 3.050000
v 3.120000 -1.015000 -3.650000
v 3.120000 -1.015000 3.050000
v 3.087500 -1.023708 -3.650000
v 3.087500 -1.023708 3.050000
v 3.063708 -1.047500 -3.650000
v 3.063708 -1.047500 3.050000
v 3.120000 -1.080000 -3.650000
v 3.120000 -1.080000 3.050000
v 3.075000 -0.870000 -3.650000
v 3.075000 -0.870000 3.050000
v 3.081029 -0.892500 -3.650000
v 3.081029 -0.892500 3.050000
v 3.097500 -0.908971 -3.650000
v 3.097500 -0.908971 3.050000
v 3.120000 -0.915000 -3.650000
v 3.120000 -0.915000 3.050000
v 3.142500 -0.908971 -3.650000
v 3.142500 -0.908971 3.050000
v 3.158971 -0.892500 -3.650000
v 3.158971 -0.892500 3.050000
v 3.165000 -0.870000 -3.650000
v 3.165000 -0.870000 3.050000
v 3.158971 -0.847500 -3.650000
v 3.158971 -0.847500 3.050000
v 3.142500 -0.831029 -3.650000
v 3.142500 -0.831029 3.050000
v 3.120000 -0.825000 -3.650000
v 3.120000 -0.825000 3.050000
v 3.097500 -0.831029 -3.650000
v 3.097500 -0.831029 3.050000
v 3.081029 -0.847500 -3.650000
v 3.081029 -0.847500 3.050000
v 3.120000 -0.870000 -3.650000
v 3.120000 -0.870000 3.050000
v 3.300000 -0.610000 -3.495000
v 3.400000 -0.610000 -3.495000
v 3.400000 0.010000 -3.495000
v 3.300000 0.010000 -3.495000
v 3.300000 -0.610000 -3.005000
v 3.400000 -0.610000 -3.005000
v 3.400000 0.010000 -3.005000
v 3.300000 0.010000 -3.005000
v 3.300000 -0.610000 -2.745000
v 3.400000 -0.610000 -2.745000
v 3.400000 0.010000 -2.745000
v 3.300000 0.010000 -2.745000
v 3.300000 -0.610000 -2.255000
v 3.400000 -0.610000 -2.255000
v 3.400000 0.010000 -2.255000
v 3.300000 0.010000 -2.255000
v 3.300000 -0.610000 -1.995000
v 3.400000 -0.610000 -1.995000
v 3.400000 0.010000 -1.995000
v 3.300000 0.010000 -1.995000
v 3.300000 -0.610000 -1.505000
v 3.400000 -0.610000 -1.505000
v 3.400000 0.010000 -1.505000
v 3.300000 0.010000 -1.505000
v 3.300000 -0.610000 -1.245000
v 3.400000 -0.610000 -1.245000
v 3.400000 0.010000 -1.245000
v 3.300000 0.010000 -1.245000
v 3.300000 -0.610000 -0.755000
v 3.400000 -0.610000 -0.755000
v 3.400000 0.010000 -0.755000
v 3.300000 0.010000 -0.755000
v 3.300000 -0.610000 -0.495000
v 3.400000 -0.610000 -0.495000
v 3.400000 0.010000 -0.495000
v 3.300000 0.010000 -0.495000
v 3.300000 -0.610000 -0.005000
v 3.400000 -0.610000 -0.005000
v 3.400000 0.010000 -0.005000
v 3.300000 0.010000 -0.005000
v 3.300000 -0.610000 0.255000
v 3.400000 -0.610000 0.255000
v 3.400000 0.010000 0.255000
v 3.300000 0.010000 0.255000
v 3.300000 -0.610000 0.745000
v 3.400000 -0.610000 0.745000
v 3.400000 0.010000 0.745000
v 3.300000 0.010000 0.745000
v 3.300000 -0.610000 1.005000
v 3.400000 -0.610000 1.005000
v 3.400000 0.010000 1.005000
v 3.300000 0.010000 1.005000
v 3.300000 -0.610000 1.495000
v 3.400000 -0.610000 1.495000
v 3.400000 0.010000 1.495000
v 3.300000 0.010000 1.495000
v 3.300000 -0.610000 1.755000
v 3.400000 -0.610000 1.755000
v 3.400000 0.010000 1.755000
v 3.300000 0.010000 1.755000
v 3.300000 -0.610000 2.245000
v 3.400000 -0.610000 2.245000
v 3.400000 0.010000 2.245000
v 3.300000 0.010000 2.245000
v 3.300000 -0.610000 2.505000
v 3.400000 -0.610000 2.505000
v 3.400000 0.010000 2.505000
v 3.300000 0.010000 2.505000
v 3.300000 -0.610000 2.995000
v 3.400000 -0.610000 2.995000
v 3.400000 0.010000 2.995000
v 3.300000 0.010000 2.995000
v 3.287500 -0.775000 -2.800000
v 3.352500 -0.775000 -2.800000
v 3.352500 -0.685000 -2.800000
v 3.287500 -0.685000 -2.800000
v 3.287500 -0.775000 -2.500000
v 3.352500 -0.775000 -2.500000
v 3.352500 -0.685000 -2.500000
v 3.287500 -0.685000 -2.500000
v 3.287500 -0.775000 -0.400000
v 3.352500 -0.775000 -0.400000
v 3.352500 -0.685000 -0.400000
v 3.287500 -0.685000 -0.400000
v 3.287500 -0.775000 -0.100000
v 3.352500 -0.775000 -0.100000
v 3.352500 -0.685000 -0.100000
v 3.287500 -0.685000 -0.100000
v 3.287500 -0.775000 2.000000
v 3.352500 -0.775000 2.000000
v 3.352500 -0.685000 2.000000
v 3.287500 -0.685000 2.000000
v 3.287500 -0.775000 2.300000
v 3.352500 -0.775000 2.300000
v 3.352500 -0.685000 2.300000
v 3.287500 -0.685000 2.300000
v -0.585000 -1.360000 -3.050000
v -0.585000 -1.360000 -0.450000
v -0.576292 -1.392500 -3.050000
v -0.576292 -1.392500 -0.450000
v -0.552500 -1.416292 -3.050000
v -0.552500 -1.416292 -0.450000
v -0.520000 -1.425000 -3.050000
v -0.520000 -1.425000 -0.450000
v -0.487500 -1.416292 -3.050000
v -0.487500 -1.416292 -0.450000
v -0.463708 -1.392500 -3.050000
v -0.463708 -1.392500 -0.450000
v -0.455000 -1.360000 -3.050000
v -0.455000 -1.360000 -0.450000
v -0.463708 -1.327500 -3.050000
v -0.463708 -1.327500 -0.450000
v -0.487500 -1.303708 -3.050000
v -0.487500 -1.303708 -0.450000
v -0.520000 -1.295000 -3.050000
v -0.520000 -1.295000 -0.450000
v -0.552500 -1.303708 -3.050000
v -0.552500 -1.303708 -0.450000
v -0.576292 -1.327500 -3.050000
v -0.576292 -1.327500 -0.450000
v -0.520000 -1.360000 -3.050000
v -0.520000 -1.360000 -0.450000
v -0.620000 -1.395000 -2.885000
v -0.420000 -1.395000 -2.885000
v -0.420000 -1.285000 -2.885000
v -0.620000 -1.285000 -2.885000
v -0.620000 -1.395000 -2.675000
v -0.420000 -1.395000 -2.675000
v -0.420000 -1.285000 -2.675000
v -0.620000 -1.285000 -2.675000
v 0.455000 -1.360000 -3.050000
v 0.455000 -1.360000 -0.450000
v 0.463708 -1.392500 -3.050000
v 0.463708 -1.392500 -0.450000
v 0.487500 -1.416292 -3.050000
v 0.487500 -1.416292 -0.450000
v 0.520000 -1.425000 -3.050000
v 0.520000 -1.425000 -0.450000
v 0.552500 -1.416292 -3.050000
v 0.552500 -1.416292 -0.450000
v 0.576292 -1.392500 -3.050000
v 0.576292 -1.392500 -0.450000
v 0.585000 -1.360000 -3.050000
v 0.585000 -1.360000 -0.450000
v 0.576292 -1.327500 -3.050000
v 0.576292 -1.327500 -0.450000
v 0.552500 -1.303708 -3.050000
v 0.552500 -1.303708 -0.450000
v 0.520000 -1.295000 -3.050000
v 0.520000 -1.295000 -0.450000
v 0.487500 -1.303708 -3.050000
v 0.487500 -1.303708 -0.450000
v 0.463708 -1.327500 -3.050000
v 0.463708 -1.327500 -0.450000
v 0.520000 -1.360000 -3.050000
v 0.520000 -1.360000 -0.450000
v 0.420000 -1.395000 -2.885000
v 0.620000 -1.395000 -2.885000
v 0.620000 -1.285000 -2.885000
v 0.420000 -1.285000 -2.885000
v 0.420000 -1.395000 -2.675000
v 0.620000 -1.395000 -2.675000
v 0.620000 -1.285000 -2.675000
v 0.420000 -1.285000 -2.675000
v -0.560000 -1.290000 -1.960000
v 0.560000 -1.290000 -1.960000
v 0.560000 -0.910000 -1.960000
v -0.560000 -0.910000 -1.960000
v -0.560000 -1.290000 -0.760000
v 0.560000 -1.290000 -0.760000
v 0.560000 -0.910000 -0.760000
v -0.560000 -0.910000 -0.760000
v -0.760000 -0.876344 -1.948143
v 0.760000 -0.876344 -1.948143
v 0.760000 -0.566902 -1.929554
v -0.760000 -0.566902 -1.929554
v -0.760000 -0.953098 -0.670446
v 0.760000 -0.953098 -0.670446
v 0.760000 -0.643656 -0.651857
v -0.760000 -0.643656 -0.651857
v -0.780000 -0.772914 -2.028506
v 0.780000 -0.772914 -2.028506
v 0.780000 0.752044 -2.306001
v -0.780000 0.752044 -2.306001
v -0.780000 -0.712044 -1.693999
v 0.780000 -0.712044 -1.693999
v 0.780000 0.812914 -1.971494
v -0.780000 0.812914 -1.971494
v -0.450000 0.758638 -2.267373
v 0.450000 0.758638 -2.267373
v 0.450000 1.364251 -2.340398
v -0.450000 1.364251 -2.340398
v -0.450000 0.795749 -1.959602
v 0.450000 0.795749 -1.959602
v 0.450000 1.401362 -2.032627
v -0.450000 1.401362 -2.032627
v -1.015000 -0.730000 -1.550000
v -1.015000 -0.150000 -1.200000
v -1.007631 -0.744208 -1.526455
v -1.007631 -0.164208 -1.176455
v -0.987500 -0.754609 -1.509219
v -0.987500 -0.174609 -1.159219
v -0.960000 -0.758417 -1.502910
v -0.960000 -0.178417 -1.152910
v -0.932500 -0.754609 -1.509219
v -0.932500 -0.174609 -1.159219
v -0.912369 -0.744208 -1.526455
v -0.912369 -0.164208 -1.176455
v -0.905000 -0.730000 -1.550000
v -0.905000 -0.150000 -1.200000
v -0.912369 -0.715792 -1.573545
v -0.912369 -0.135792 -1.223545
v -0.932500 -0.705391 -1.590781
v -0.932500 -0.125391 -1.240781
v -0.960000 -0.701583 -1.597090
v -0.960000 -0.121583 -1.247090
v -0.987500 -0.705391 -1.590781
v -0.987500 -0.125391 -1.240781
v -1.007631 -0.715792 -1.573545
v -1.007631 -0.135792 -1.223545
v -0.960000 -0.730000 -1.550000
v -0.960000 -0.150000 -1.200000
v -1.113829 -0.169362 -1.310000
v -0.814564 -0.190344 -1.310000
v -0.806171 -0.070638 -1.310000
v -1.105436 -0.049656 -1.310000
v -1.113829 -0.169362 -0.730000
v -0.814564 -0.190344 -0.730000
v -0.806171 -0.070638 -0.730000
v -1.105436 -0.049656 -0.730000
v -1.060000 -0.220000 -0.940000
v -1.060000 0.120000 -0.940000
v -1.090000 -0.220000 -0.931962
v -1.090000 0.120000 -0.931962
v -1.111962 -0.220000 -0.910000
v -1.111962 0.120000 -0.910000
v -1.120000 -0.220000 -0.880000
v -1.120000 0.120000 -0.880000
v -1.111962 -0.220000 -0.850000
v -1.111962 0.120000 -0.850000
v -1.090000 -0.220000 -0.828038
v -1.090000 0.120000 -0.828038
v -1.060000 -0.220000 -0.820000
v -1.060000 0.120000 -0.820000
v -1.030000 -0.220000 -0.828038
v -1.030000 0.120000 -0.828038
v -1.008038 -0.220000 -0.850000
v -1.008038 0.120000 -0.850000
v -1.000000 -0.220000 -0.880000
v -1.000000 0.120000 -0.880000
v -1.008038 -0.220000 -0.910000
v -1.008038 0.120000 -0.910000
v -1.030000 -0.220000 -0.931962
v -1.030000 0.120000 -0.931962
v -1.060000 -0.220000 -0.880000
v -1.060000 0.120000 -0.880000
v -1.175000 0.110000 -1.030000
v -0.945000 0.110000 -1.030000
v -0.945000 0.210000 -1.030000
v -1.175000 0.210000 -1.030000
v -1.175000 0.110000 -0.730000
v -0.945000 0.110000 -0.730000
v -0.945000 0.210000 -0.730000
v -1.175000 0.210000 -0.730000
v 0.905000 -0.730000 -1.550000
v 0.905000 -0.150000 -1.200000
v 0.912369 -0.744208 -1.526455
v 0.912369 -0.164208 -1.176455
v 0.932500 -0.754609 -1.509219
v 0.932500 -0.174609 -1.159219
v 0.960000 -0.758417 -1.502910
v 0.960000 -0.178417 -1.152910
v 0.987500 -0.754609 -1.509219
v 0.987500 -0.174609 -1.159219
v 1.007631 -0.744208 -1.526455
v 1.007631 -0.164208 -1.176455
v 1.015000 -0.730000 -1.550000
v 1.015000 -0.150000 -1.200000
v 1.007631 -0.715792 -1.573545
v 1.007631 -0.135792 -1.223545
v 0.987500 -0.705391 -1.590781
v 0.987500 -0.125391 -1.240781
v 0.960000 -0.701583 -1.597090
v 0.960000 -0.121583 -1.247090
v 0.932500 -0.705391 -1.590781
v 0.932500 -0.125391 -1.240781
v 0.912369 -0.715792 -1.573545
v 0.912369 -0.135792 -1.223545
v 0.960000 -0.730000 -1.550000
v 0.960000 -0.150000 -1.200000
v 0.814564 -0.190344 -1.310000
v 1.113829 -0.169362 -1.310000
v 1.105436 -0.049656 -1.310000
v 0.806171 -0.070638 -1.310000
v 0.814564 -0.190344 -0.730000
v 1.113829 -0.169362 -0.730000
v 1.105436 -0.049656 -0.730000
v 0.806171 -0.070638 -0.730000
v 1.060000 -0.220000 -0.940000
v 1.060000 0.120000 -0.940000
v 1.030000 -0.220000 -0.931962
v 1.030000 0.120000 -0.931962
v 1.008038 -0.220000 -0.910000
v 1.008038 0.120000 -0.910000
v 1.000000 -0.220000 -0.880000
v 1.000000 0.120000 -0.880000
v 1.008038 -0.220000 -0.850000
v 1.008038 0.120000 -0.850000
v 1.030000 -0.220000 -0.828038
v 1.030000 0.120000 -0.828038
v 1.060000 -0.220000 -0.820000
v 1.060000 0.120000 -0.820000
v 1.090000 -0.220000 -0.828038
v 1.090000 0.120000 -0.828038
v 1.111962 -0.220000 -0.850000
v 1.111962 0.120000 -0.850000
v 1.120000 -0.220000 -0.880000
v 1.120000 0.120000 -0.880000
v 1.111962 -0.220000 -0.910000
v 1.111962 0.120000 -0.910000
v 1.090000 -0.220000 -0.931962
v 1.090000 0.120000 -0.931962
v 1.060000 -0.220000 -0.880000
v 1.060000 0.120000 -0.880000
v 0.945000 0.110000 -1.030000
v 1.175000 0.110000 -1.030000
v 1.175000 0.210000 -1.030000
v 0.945000 0.210000 -1.030000
v 0.945000 0.110000 -0.730000
v 1.175000 0.110000 -0.730000
v 1.175000 0.210000 -0.730000
v 0.945000 0.210000 -0.730000
v -1.140000 -1.300000 0.040000
v 1.140000 -1.300000 0.040000
v 1.140000 -1.300000 2.220000
v -1.140000 -1.300000 2.220000
v -0.940000 -0.320000 0.180000
v 0.940000 -0.320000 0.180000
v 0.840000 -0.320000 2.060000
v -0.840000 -0.320000 2.060000
v -0.780000 -0.320000 0.620000
v 0.780000 -0.320000 0.620000
v 0.820000 -0.320000 1.850000
v -0.820000 -0.320000 1.850000
v -0.680000 0.650000 0.850000
v 0.680000 0.650000 0.850000
v 0.640000 0.650000 1.620000
v -0.640000 0.650000 1.620000
v -0.590000 0.251992 1.069545
v 0.590000 0.251992 1.069545
v 0.590000 0.787434 0.874093
v -0.590000 0.787434 0.874093
v -0.590000 0.272566 1.125907
v 0.590000 0.272566 1.125907
v 0.590000 0.808008 0.930455
v -0.590000 0.808008 0.930455
v -0.680000 0.352457 1.430783
v 0.680000 0.352457 1.430783
v 0.680000 0.446395 1.396493
v -0.680000 0.446395 1.396493
v -0.680000 0.393605 1.543507
v 0.680000 0.393605 1.543507
v 0.680000 0.487543 1.509217
v -0.680000 0.487543 1.509217
v -0.590000 0.030000 1.640000
v 0.590000 0.030000 1.640000
v 0.590000 0.110000 1.640000
v -0.590000 0.110000 1.640000
v -0.590000 0.030000 2.160000
v 0.590000 0.030000 2.160000
v 0.590000 0.110000 2.160000
v -0.590000 0.110000 2.160000
v -0.530000 0.132500 1.835000
v -0.430000 0.132500 1.835000
v -0.430000 0.207500 1.835000
v -0.530000 0.207500 1.835000
v -0.530000 0.132500 1.985000
v -0.430000 0.132500 1.985000
v -0.430000 0.207500 1.985000
v -0.530000 0.207500 1.985000
v -0.290000 0.132500 1.835000
v -0.190000 0.132500 1.835000
v -0.190000 0.207500 1.835000
v -0.290000 0.207500 1.835000
v -0.290000 0.132500 1.985000
v -0.190000 0.132500 1.985000
v -0.190000 0.207500 1.985000
v -0.290000 0.207500 1.985000
v -0.050000 0.132500 1.835000
v 0.050000 0.132500 1.835000
v 0.050000 0.207500 1.835000
v -0.050000 0.207500 1.835000
v -0.050000 0.132500 1.985000
v 0.050000 0.132500 1.985000
v 0.050000 0.207500 1.985000
v -0.050000 0.207500 1.985000
v 0.190000 0.132500 1.835000
v 0.290000 0.132500 1.835000
v 0.290000 0.207500 1.835000
v 0.190000 0.207500 1.835000
v 0.190000 0.132500 1.985000
v 0.290000 0.132500 1.985000
v 0.290000 0.207500 1.985000
v 0.190000 0.207500 1.985000
v 0.430000 0.132500 1.835000
v 0.530000 0.132500 1.835000
v 0.530000 0.207500 1.835000
v 0.430000 0.207500 1.835000
v 0.430000 0.132500 1.985000
v 0.530000 0.132500 1.985000
v 0.530000 0.207500 1.985000
v 0.430000 0.207500 1.985000
v -0.425000 -0.210000 2.055000
v -0.235000 -0.210000 2.055000
v -0.235000 -0.070000 2.055000
v -0.425000 -0.070000 2.055000
v -0.425000 -0.210000 2.185000
v -0.235000 -0.210000 2.185000
v -0.235000 -0.070000 2.185000
v -0.425000 -0.070000 2.185000
v 0.235000 -0.210000 2.055000
v 0.425000 -0.210000 2.055000
v 0.425000 -0.070000 2.055000
v 0.235000 -0.070000 2.055000
v 0.235000 -0.210000 2.185000
v 0.425000 -0.210000 2.185000
v 0.425000 -0.070000 2.185000
v 0.235000 -0.070000 2.185000
v -3.022442 -1.127371 -0.060000
v -1.490923 -1.288774 -0.060000
v -1.417558 -0.592629 -0.060000
v -2.949077 -0.431226 -0.060000
v -3.022442 -1.127371 2.260000
v -1.490923 -1.288774 2.260000
v -1.417558 -0.592629 2.260000
v -2.949077 -0.431226 2.260000
v -2.735079 -0.264037 0.397239
v -1.442239 -0.400287 0.397239
v -1.395837 0.040005 0.477803
v -2.688678 0.176254 0.477803
v -2.764163 -0.540005 1.922197
v -1.471322 -0.676254 1.922197
v -1.424921 -0.235963 2.002761
v -2.717761 -0.099713 2.002761
v -2.378779 -0.079272 1.267203
v -1.662744 -0.154733 1.267203
v -1.622820 0.224103 1.145180
v -2.338854 0.299564 1.145180
v -2.377180 -0.064103 1.314820
v -1.661146 -0.139564 1.314820
v -1.621221 0.239272 1.192797
v -2.337256 0.314733 1.192797
v -2.884052 -0.224925 1.184138
v -2.565814 -0.258463 1.184138
v -2.537867 0.006722 1.098722
v -2.856104 0.040260 1.098722
v -2.882133 -0.206722 1.241278
v -2.563896 -0.240260 1.241278
v -2.535948 0.024925 1.155862
v -2.854186 0.058463 1.155862
v -2.412500 -0.030000 1.680000
v -2.347500 -0.030000 1.680000
v -2.347500 0.010000 1.680000
v -2.412500 0.010000 1.680000
v -2.412500 -0.030000 1.760000
v -2.347500 -0.030000 1.760000
v -2.347500 0.010000 1.760000
v -2.412500 0.010000 1.760000
v -2.542500 -0.030000 1.680000
v -2.477500 -0.030000 1.680000
v -2.477500 0.010000 1.680000
v -2.542500 0.010000 1.680000
v -2.542500 -0.030000 1.760000
v -2.477500 -0.030000 1.760000
v -2.477500 0.010000 1.760000
v -2.542500 0.010000 1.760000
v -2.672500 -0.030000 1.680000
v -2.607500 -0.030000 1.680000
v -2.607500 0.010000 1.680000
v -2.672500 0.010000 1.680000
v -2.672500 -0.030000 1.760000
v -2.607500 -0.030000 1.760000
v -2.607500 0.010000 1.760000
v -2.672500 0.010000 1.760000
v -2.412500 0.090000 1.680000
v -2.347500 0.090000 1.680000
v -2.347500 0.130000 1.680000
v -2.412500 0.130000 1.680000
v -2.412500 0.090000 1.760000
v -2.347500 0.090000 1.760000
v -2.347500 0.130000 1.760000
v -2.412500 0.130000 1.760000
v -2.542500 0.090000 1.680000
v -2.477500 0.090000 1.680000
v -2.477500 0.130000 1.680000
v -2.542500 0.130000 1.680000
v -2.542500 0.090000 1.760000
v -2.477500 0.090000 1.760000
v -2.477500 0.130000 1.760000
v -2.542500 0.130000 1.760000
v -2.672500 0.090000 1.680000
v -2.607500 0.090000 1.680000
v -2.607500 0.130000 1.680000
v -2.672500 0.130000 1.680000
v -2.672500 0.090000 1.760000
v -2.607500 0.090000 1.760000
v -2.607500 0.130000 1.760000
v -2.672500 0.130000 1.760000
v -2.412500 0.210000 1.680000
v -2.347500 0.210000 1.680000
v -2.347500 0.250000 1.680000
v -2.412500 0.250000 1.680000
v -2.412500 0.210000 1.760000
v -2.347500 0.210000 1.760000
v -2.347500 0.250000 1.760000
v -2.412500 0.250000 1.760000
v -2.542500 0.210000 1.680000
v -2.477500 0.210000 1.680000
v -2.477500 0.250000 1.680000
v -2.542500 0.250000 1.680000
v -2.542500 0.210000 1.760000
v -2.477500 0.210000 1.760000
v -2.477500 0.250000 1.760000
v -2.542500 0.250000 1.760000
v -2.672500 0.210000 1.680000
v -2.607500 0.210000 1.680000
v -2.607500 0.250000 1.680000
v -2.672500 0.250000 1.680000
v -2.672500 0.210000 1.760000
v -2.607500 0.210000 1.760000
v -2.607500 0.250000 1.760000
v -2.672500 0.250000 1.760000
v -2.412500 0.330000 1.680000
v -2.347500 0.330000 1.680000
v -2.347500 0.370000 1.680000
v -2.412500 0.370000 1.680000
v -2.412500 0.330000 1.760000
v -2.347500 0.330000 1.760000
v -2.347500 0.370000 1.760000
v -2.412500 0.370000 1.760000
v -2.542500 0.330000 1.680000
v -2.477500 0.330000 1.680000
v -2.477500 0.370000 1.680000
v -2.542500 0.370000 1.680000
v -2.542500 0.330000 1.760000
v -2.477500 0.330000 1.760000
v -2.477500 0.370000 1.760000
v -2.542500 0.370000 1.760000
v -2.672500 0.330000 1.680000
v -2.607500 0.330000 1.680000
v -2.607500 0.370000 1.680000
v -2.672500 0.370000 1.680000
v -2.672500 0.330000 1.760000
v -2.607500 0.330000 1.760000
v -2.607500 0.370000 1.760000
v -2.672500 0.370000 1.760000
v -3.034890 -0.820000 0.196855
v -3.144890 -0.280000 1.766855
v -3.026917 -0.845019 0.206019
v -3.136917 -0.305019 1.776019
v -3.004843 -0.860481 0.212883
v -3.114843 -0.320481 1.782883
v -2.977099 -0.860481 0.214827
v -3.087099 -0.320481 1.784827
v -2.954283 -0.845019 0.211108
v -3.064283 -0.305019 1.781108
v -2.945110 -0.820000 0.203145
v -3.055110 -0.280000 1.773145
v -2.953083 -0.794981 0.193981
v -3.063083 -0.254981 1.763981
v -2.975157 -0.779519 0.187117
v -3.085157 -0.239519 1.757117
v -3.002901 -0.779519 0.185173
v -3.112901 -0.239519 1.755173
v -3.025717 -0.794981 0.188892
v -3.135717 -0.254981 1.758892
v -2.990000 -0.820000 0.200000
v -3.100000 -0.280000 1.770000
v 1.490923 -1.288774 -0.060000
v 3.022442 -1.127371 -0.060000
v 2.949077 -0.431226 -0.060000
v 1.417558 -0.592629 -0.060000
v 1.490923 -1.288774 2.260000
v 3.022442 -1.127371 2.260000
v 2.949077 -0.431226 2.260000
v 1.417558 -0.592629 2.260000
v 1.442239 -0.400287 0.397239
v 2.735079 -0.264037 0.397239
v 2.688678 0.176254 0.477803
v 1.395837 0.040005 0.477803
v 1.471322 -0.676254 1.922197
v 2.764163 -0.540005 1.922197
v 2.717761 -0.099713 2.002761
v 1.424921 -0.235963 2.002761
v 1.662744 -0.154733 1.267203
v 2.378779 -0.079272 1.267203
v 2.338854 0.299564 1.145180
v 1.622820 0.224103 1.145180
v 1.661146 -0.139564 1.314820
v 2.377180 -0.064103 1.314820
v 2.337256 0.314733 1.192797
v 1.621221 0.239272 1.192797
v 2.565814 -0.258463 1.184138
v 2.884052 -0.224925 1.184138
v 2.856104 0.040260 1.098722
v 2.537867 0.006722 1.098722
v 2.563896 -0.240260 1.241278
v 2.882133 -0.206722 1.241278
v 2.854186 0.058463 1.155862
v 2.535948 0.024925 1.155862
v 2.347500 -0.030000 1.680000
v 2.412500 -0.030000 1.680000
v 2.412500 0.010000 1.680000
v 2.347500 0.010000 1.680000
v 2.347500 -0.030000 1.760000
v 2.412500 -0.030000 1.760000
v 2.412500 0.010000 1.760000
v 2.347500 0.010000 1.760000
v 2.477500 -0.030000 1.680000
v 2.542500 -0.030000 1.680000
v 2.542500 0.010000 1.680000
v 2.477500 0.010000 1.680000
v 2.477500 -0.030000 1.760000
v 2.542500 -0.030000 1.760000
v 2.542500 0.010000 1.760000
v 2.477500 0.010000 1.760000
v 2.607500 -0.030000 1.680000
v 2.672500 -0.030000 1.680000
v 2.672500 0.010000 1.680000
v 2.607500 0.010000 1.680000
v 2.607500 -0.030000 1.760000
v 2.672500 -0.030000 1.760000
v 2.672500 0.010000 1.760000
v 2.607500 0.010000 1.760000
v 2.347500 0.090000 1.680000
v 2.412500 0.090000 1.680000
v 2.412500 0.130000 1.680000
v 2.347500 0.130000 1.680000
v 2.347500 0.090000 1.760000
v 2.412500 0.090000 1.760000
v 2.412500 0.130000 1.760000
v 2.347500 0.130000 1.760000
v 2.477500 0.090000 1.680000
v 2.542500 0.090000 1.680000
v 2.542500 0.130000 1.680000
v 2.477500 0.130000 1.680000
v 2.477500 0.090000 1.760000
v 2.542500 0.090000 1.760000
v 2.542500 0.130000 1.760000
v 2.477500 0.130000 1.760000
v 2.607500 0.090000 1.680000
v 2.672500 0.090000 1.680000
v 2.672500 0.130000 1.680000
v 2.607500 0.130000 1.680000
v 2.607500 0.090000 1.760000
v 2.672500 0.090000 1.760000
v 2.672500 0.130000 1.760000
v 2.607500 0.130000 1.760000
v 2.347500 0.210000 1.680000
v 2.412500 0.210000 1.680000
v 2.412500 0.250000 1.680000
v 2.347500 0.250000 1.680000
v 2.347500 0.210000 1.760000
v 2.412500 0.210000 1.760000
v 2.412500 0.250000 1.760000
v 2.347500 0.250000 1.760000
v 2.477500 0.210000 1.680000
v 2.542500 0.210000 1.680000
v 2.542500 0.250000 1.680000
v 2.477500 0.250000 1.680000
v 2.477500 0.210000 1.760000
v 2.542500 0.210000 1.760000
v 2.542500 0.250000 1.760000
v 2.477500 0.250000 1.760000
v 2.607500 0.210000 1.680000
v 2.672500 0.210000 1.680000
v 2.672500 0.250000 1.680000
v 2.607500 0.250000 1.680000
v 2.607500 0.210000 1.760000
v 2.672500 0.210000 1.760000
v 2.672500 0.250000 1.760000
v 2.607500 0.250000 1.760000
v 2.347500 0.330000 1.680000
v 2.412500 0.330000 1.680000
v 2.412500 0.370000 1.680000
v 2.347500 0.370000 1.680000
v 2.347500 0.330000 1.760000
v 2.412500 0.330000 1.760000
v 2.412500 0.370000 1.760000
v 2.347500 0.370000 1.760000
v 2.477500 0.330000 1.680000
v 2.542500 0.330000 1.680000
v 2.542500 0.370000 1.680000
v 2.477500 0.370000 1.680000
v 2.477500 0.330000 1.760000
v 2.542500 0.330000 1.760000
v 2.542500 0.370000 1.760000
v 2.477500 0.370000 1.760000
v 2.607500 0.330000 1.680000
v 2.672500 0.330000 1.680000
v 2.672500 0.370000 1.680000
v 2.607500 0.370000 1.680000
v 2.607500 0.330000 1.760000
v 2.672500 0.330000 1.760000
v 2.672500 0.370000 1.760000
v 2.607500 0.370000 1.760000
v 2.945110 -0.820000 0.203145
v 3.055110 -0.280000 1.773145
v 2.954283 -0.845019 0.211108
v 3.064283 -0.305019 1.781108
v 2.977099 -0.860481 0.214827
v 3.087099 -0.320481 1.784827
v 3.004843 -0.860481 0.212883
v 3.114843 -0.320481 1.782883
v 3.026917 -0.845019 0.206019
v 3.136917 -0.305019 1.776019
v 3.034890 -0.820000 0.196855
v 3.144890 -0.280000 1.766855
v 3.025717 -0.794981 0.188892
v 3.135717 -0.254981 1.758892
v 3.002901 -0.779519 0.185173
v 3.112901 -0.239519 1.755173
v 2.975157 -0.779519 0.187117
v 3.085157 -0.239519 1.757117
v 2.953083 -0.794981 0.193981
v 3.063083 -0.254981 1.763981
v 2.990000 -0.820000 0.200000
v 3.100000 -0.280000 1.770000
v -2.090000 -0.690000 2.500000
v 2.090000 -0.690000 2.500000
v 2.090000 -0.070000 2.500000
v -2.090000 -0.070000 2.500000
v -2.090000 -0.690000 3.060000
v 2.090000 -0.690000 3.060000
v 2.090000 -0.070000 3.060000
v -2.090000 -0.070000 3.060000
v -1.810000 -0.079632 2.563194
v 1.810000 -0.079632 2.563194
v 1.810000 0.118930 2.539251
v -1.810000 0.118930 2.539251
v -1.810000 -0.038930 2.900749
v 1.810000 -0.038930 2.900749
v 1.810000 0.159632 2.876806
v -1.810000 0.159632 2.876806
v -1.625000 0.130000 2.575000
v -1.335000 0.130000 2.575000
v -1.335000 0.190000 2.575000
v -1.625000 0.190000 2.575000
v -1.625000 0.130000 2.685000
v -1.335000 0.130000 2.685000
v -1.335000 0.190000 2.685000
v -1.625000 0.190000 2.685000
v -1.125000 0.130000 2.575000
v -0.835000 0.130000 2.575000
v -0.835000 0.190000 2.575000
v -1.125000 0.190000 2.575000
v -1.125000 0.130000 2.685000
v -0.835000 0.130000 2.685000
v -0.835000 0.190000 2.685000
v -1.125000 0.190000 2.685000
v -0.625000 0.130000 2.575000
v -0.335000 0.130000 2.575000
v -0.335000 0.190000 2.575000
v -0.625000 0.190000 2.575000
v -0.625000 0.130000 2.685000
v -0.335000 0.130000 2.685000
v -0.335000 0.190000 2.685000
v -0.625000 0.190000 2.685000
v 0.335000 0.130000 2.575000
v 0.625000 0.130000 2.575000
v 0.625000 0.190000 2.575000
v 0.335000 0.190000 2.575000
v 0.335000 0.130000 2.685000
v 0.625000 0.130000 2.685000
v 0.625000 0.190000 2.685000
v 0.335000 0.190000 2.685000
v 0.835000 0.130000 2.575000
v 1.125000 0.130000 2.575000
v 1.125000 0.190000 2.575000
v 0.835000 0.190000 2.575000
v 0.835000 0.130000 2.685000
v 1.125000 0.130000 2.685000
v 1.125000 0.190000 2.685000
v 0.835000 0.190000 2.685000
v 1.335000 0.130000 2.575000
v 1.625000 0.130000 2.575000
v 1.625000 0.190000 2.575000
v 1.335000 0.190000 2.575000
v 1.335000 0.130000 2.685000
v 1.625000 0.130000 2.685000
v 1.625000 0.190000 2.685000
v 1.335000 0.190000 2.685000
v -2.170000 -0.105000 2.545000
v -1.730000 -0.105000 2.545000
v -1.730000 0.065000 2.545000
v -2.170000 0.065000 2.545000
v -2.170000 -0.105000 2.755000
v -1.730000 -0.105000 2.755000
v -1.730000 0.065000 2.755000
v -2.170000 0.065000 2.755000
v 1.730000 -0.105000 2.545000
v 2.170000 -0.105000 2.545000
v 2.170000 0.065000 2.545000
v 1.730000 0.065000 2.545000
v 1.730000 -0.105000 2.755000
v 2.170000 -0.105000 2.755000
v 2.170000 0.065000 2.755000
v 1.730000 0.065000 2.755000
v -1.560000 0.410000 3.124000
v 1.560000 0.410000 3.124000
v 1.560000 1.910000 3.124000
v -1.560000 1.910000 3.124000
v -1.560000 0.410000 3.136000
v 1.560000 0.410000 3.136000
v 1.560000 1.910000 3.136000
v -1.560000 1.910000 3.136000
v 0.385000 1.100000 3.090000
v 0.372500 1.100000 3.111651
v 0.347500 1.100000 3.111651
v 0.335000 1.100000 3.090000
v 0.347500 1.100000 3.068349
v 0.372500 1.100000 3.068349
v 0.333420 0.907500 3.090000
v 0.322594 0.913750 3.111651
v 0.300944 0.926250 3.111651
v 0.290119 0.932500 3.090000
v 0.300944 0.926250 3.068349
v 0.322594 0.913750 3.068349
v 0.192500 0.766580 3.090000
v 0.186250 0.777406 3.111651
v 0.173750 0.799056 3.111651
v 0.167500 0.809881 3.090000
v 0.173750 0.799056 3.068349
v 0.186250 0.777406 3.068349
v 0.000000 0.715000 3.090000
v 0.000000 0.727500 3.111651
v 0.000000 0.752500 3.111651
v 0.000000 0.765000 3.090000
v 0.000000 0.752500 3.068349
v 0.000000 0.727500 3.068349
v -0.192500 0.766580 3.090000
v -0.186250 0.777406 3.111651
v -0.173750 0.799056 3.111651
v -0.167500 0.809881 3.090000
v -0.173750 0.799056 3.068349
v -0.186250 0.777406 3.068349
v -0.333420 0.907500 3.090000
v -0.322594 0.913750 3.111651
v -0.300944 0.926250 3.111651
v -0.290119 0.932500 3.090000
v -0.300944 0.926250 3.068349
v -0.322594 0.913750 3.068349
v -0.385000 1.100000 3.090000
v -0.372500 1.100000 3.111651
v -0.347500 1.100000 3.111651
v -0.335000 1.100000 3.090000
v -0.347500 1.100000 3.068349
v -0.372500 1.100000 3.068349
v -0.333420 1.292500 3.090000
v -0.322594 1.286250 3.111651
v -0.300944 1.273750 3.111651
v -0.290119 1.267500 3.090000
v -0.300944 1.273750 3.068349
v -0.322594 1.286250 3.068349
v -0.192500 1.433420 3.090000
v -0.186250 1.422594 3.111651
v -0.173750 1.400944 3.111651
v -0.167500 1.390119 3.090000
v -0.173750 1.400944 3.068349
v -0.186250 1.422594 3.068349
v -0.000000 1.485000 3.090000
v -0.000000 1.472500 3.111651
v -0.000000 1.447500 3.111651
v -0.000000 1.435000 3.090000
v -0.000000 1.447500 3.068349
v -0.000000 1.472500 3.068349
v 0.192500 1.433420 3.090000
v 0.186250 1.422594 3.111651
v 0.173750 1.400944 3.111651
v 0.167500 1.390119 3.090000
v 0.173750 1.400944 3.068349
v 0.186250 1.422594 3.068349
v 0.333420 1.292500 3.090000
v 0.322594 1.286250 3.111651
v 0.300944 1.273750 3.111651
v 0.290119 1.267500 3.090000
v 0.300944 1.273750 3.068349
v 0.322594 1.286250 3.068349
v 0.207000 1.100000 3.090000
v 0.195253 1.100000 3.106168
v 0.176247 1.100000 3.099992
v 0.176247 1.100000 3.080008
v 0.195253 1.100000 3.073832
v 0.179267 0.996500 3.090000
v 0.169094 1.002373 3.106168
v 0.152634 1.011877 3.099992
v 0.152634 1.011877 3.080008
v 0.169094 1.002373 3.073832
v 0.103500 0.920733 3.090000
v 0.097627 0.930906 3.106168
v 0.088123 0.947366 3.099992
v 0.088123 0.947366 3.080008
v 0.097627 0.930906 3.073832
v 0.000000 0.893000 3.090000
v 0.000000 0.904747 3.106168
v 0.000000 0.923753 3.099992
v 0.000000 0.923753 3.080008
v 0.000000 0.904747 3.073832
v -0.103500 0.920733 3.090000
v -0.097627 0.930906 3.106168
v -0.088123 0.947366 3.099992
v -0.088123 0.947366 3.080008
v -0.097627 0.930906 3.073832
v -0.179267 0.996500 3.090000
v -0.169094 1.002373 3.106168
v -0.152634 1.011877 3.099992
v -0.152634 1.011877 3.080008
v -0.169094 1.002373 3.073832
v -0.207000 1.100000 3.090000
v -0.195253 1.100000 3.106168
v -0.176247 1.100000 3.099992
v -0.176247 1.100000 3.080008
v -0.195253 1.100000 3.073832
v -0.179267 1.203500 3.090000
v -0.169094 1.197627 3.106168
v -0.152634 1.188123 3.099992
v -0.152634 1.188123 3.080008
v -0.169094 1.197627 3.073832
v -0.103500 1.279267 3.090000
v -0.097627 1.269094 3.106168
v -0.088123 1.252634 3.099992
v -0.088123 1.252634 3.080008
v -0.097627 1.269094 3.073832
v -0.000000 1.307000 3.090000
v -0.000000 1.295253 3.106168
v -0.000000 1.276247 3.099992
v -0.000000 1.276247 3.080008
v -0.000000 1.295253 3.073832
v 0.103500 1.279267 3.090000
v 0.097627 1.269094 3.106168
v 0.088123 1.252634 3.099992
v 0.088123 1.252634 3.080008
v 0.097627 1.269094 3.073832
v 0.179267 1.203500 3.090000
v 0.169094 1.197627 3.106168
v 0.152634 1.188123 3.099992
v 0.152634 1.188123 3.080008
v 0.169094 1.197627 3.073832
v -0.720000 1.100000 3.112000
v -0.440000 1.100000 3.112000
v -0.720000 1.084444 3.105556
v -0.440000 1.084444 3.105556
v -0.720000 1.078000 3.090000
v -0.440000 1.078000 3.090000
v -0.720000 1.084444 3.074444
v -0.440000 1.084444 3.074444
v -0.720000 1.100000 3.068000
v -0.440000 1.100000 3.068000
v -0.720000 1.115556 3.074444
v -0.440000 1.115556 3.074444
v -0.720000 1.122000 3.090000
v -0.440000 1.122000 3.090000
v -0.720000 1.115556 3.105556
v -0.440000 1.115556 3.105556
v -0.720000 1.100000 3.090000
v -0.440000 1.100000 3.090000
v 0.440000 1.100000 3.112000
v 0.720000 1.100000 3.112000
v 0.440000 1.084444 3.105556
v 0.720000 1.084444 3.105556
v 0.440000 1.078000 3.090000
v 0.720000 1.078000 3.090000
v 0.440000 1.084444 3.074444
v 0.720000 1.084444 3.074444
v 0.440000 1.100000 3.068000
v 0.720000 1.100000 3.068000
v 0.440000 1.115556 3.074444
v 0.720000 1.115556 3.074444
v 0.440000 1.122000 3.090000
v 0.720000 1.122000 3.090000
v 0.440000 1.115556 3.105556
v 0.720000 1.115556 3.105556
v 0.440000 1.100000 3.090000
v 0.720000 1.100000 3.090000
v 0.000000 0.640000 3.068000
v 0.000000 0.890000 3.068000
v -0.015556 0.640000 3.074444
v -0.015556 0.890000 3.074444
v -0.022000 0.640000 3.090000
v -0.022000 0.890000 3.090000
v -0.015556 0.640000 3.105556
v -0.015556 0.890000 3.105556
v -0.000000 0.640000 3.112000
v -0.000000 0.890000 3.112000
v 0.015556 0.640000 3.105556
v 0.015556 0.890000 3.105556
v 0.022000 0.640000 3.090000
v 0.022000 0.890000 3.090000
v 0.015556 0.640000 3.074444
v 0.015556 0.890000 3.074444
v 0.000000 0.640000 3.090000
v 0.000000 0.890000 3.090000
v 0.000000 1.310000 3.068000
v 0.000000 1.570000 3.068000
v -0.015556 1.310000 3.074444
v -0.015556 1.570000 3.074444
v -0.022000 1.310000 3.090000
v -0.022000 1.570000 3.090000
v -0.015556 1.310000 3.105556
v -0.015556 1.570000 3.105556
v -0.000000 1.310000 3.112000
v -0.000000 1.570000 3.112000
v 0.015556 1.310000 3.105556
v 0.015556 1.570000 3.105556
v 0.022000 1.310000 3.090000
v 0.022000 1.570000 3.090000
v 0.015556 1.310000 3.074444
v 0.015556 1.570000 3.074444
v 0.000000 1.310000 3.090000
v 0.000000 1.570000 3.090000
v -1.320000 0.650000 3.112000
v -1.080000 0.650000 3.112000
v -1.320000 0.634444 3.105556
v -1.080000 0.634444 3.105556
v -1.320000 0.628000 3.090000
v -1.080000 0.628000 3.090000
v -1.320000 0.634444 3.074444
v -1.080000 0.634444 3.074444
v -1.320000 0.650000 3.068000
v -1.080000 0.650000 3.068000
v -1.320000 0.665556 3.074444
v -1.080000 0.665556 3.074444
v -1.320000 0.672000 3.090000
v -1.080000 0.672000 3.090000
v -1.320000 0.665556 3.105556
v -1.080000 0.665556 3.105556
v -1.320000 0.650000 3.090000
v -1.080000 0.650000 3.090000
v -1.080000 0.650000 3.068000
v -0.980000 0.860000 3.068000
v -1.094045 0.656688 3.074444
v -0.994045 0.866688 3.074444
v -1.099863 0.659459 3.090000
v -0.999863 0.869459 3.090000
v -1.094045 0.656688 3.105556
v -0.994045 0.866688 3.105556
v -1.080000 0.650000 3.112000
v -0.980000 0.860000 3.112000
v -1.065955 0.643312 3.105556
v -0.965955 0.853312 3.105556
v -1.060137 0.640541 3.090000
v -0.960137 0.850541 3.090000
v -1.065955 0.643312 3.074444
v -0.965955 0.853312 3.074444
v -1.080000 0.650000 3.090000
v -0.980000 0.860000 3.090000
v -0.980000 0.860000 3.068000
v -0.980000 1.550000 3.068000
v -0.995556 0.860000 3.074444
v -0.995556 1.550000 3.074444
v -1.002000 0.860000 3.090000
v -1.002000 1.550000 3.090000
v -0.995556 0.860000 3.105556
v -0.995556 1.550000 3.105556
v -0.980000 0.860000 3.112000
v -0.980000 1.550000 3.112000
v -0.964444 0.860000 3.105556
v -0.964444 1.550000 3.105556
v -0.958000 0.860000 3.090000
v -0.958000 1.550000 3.090000
v -0.964444 0.860000 3.074444
v -0.964444 1.550000 3.074444
v -0.980000 0.860000 3.090000
v -0.980000 1.550000 3.090000
v -0.980000 1.550000 3.068000
v -1.130000 1.690000 3.068000
v -0.990614 1.538627 3.074444
v -1.140614 1.678627 3.074444
v -0.995011 1.533917 3.090000
v -1.145011 1.673917 3.090000
v -0.990614 1.538627 3.105556
v -1.140614 1.678627 3.105556
v -0.980000 1.550000 3.112000
v -1.130000 1.690000 3.112000
v -0.969386 1.561373 3.105556
v -1.119386 1.701373 3.105556
v -0.964989 1.566083 3.090000
v -1.114989 1.706083 3.090000
v -0.969386 1.561373 3.074444
v -1.119386 1.701373 3.074444
v -0.980000 1.550000 3.090000
v -1.130000 1.690000 3.090000
v -1.130000 1.690000 3.068000
v -1.330000 1.690000 3.068000
v -1.130000 1.674444 3.074444
v -1.330000 1.674444 3.074444
v -1.130000 1.668000 3.090000
v -1.330000 1.668000 3.090000
v -1.130000 1.674444 3.105556
v -1.330000 1.674444 3.105556
v -1.130000 1.690000 3.112000
v -1.330000 1.690000 3.112000
v -1.130000 1.705556 3.105556
v -1.330000 1.705556 3.105556
v -1.130000 1.712000 3.090000
v -1.330000 1.712000 3.090000
v -1.130000 1.705556 3.074444
v -1.330000 1.705556 3.074444
v -1.130000 1.690000 3.090000
v -1.330000 1.690000 3.090000
v 1.320000 0.650000 3.068000
v 1.080000 0.650000 3.068000
v 1.320000 0.634444 3.074444
v 1.080000 0.634444 3.074444
v 1.320000 0.628000 3.090000
v 1.080000 0.628000 3.090000
v 1.320000 0.634444 3.105556
v 1.080000 0.634444 3.105556
v 1.320000 0.650000 3.112000
v 1.080000 0.650000 3.112000
v 1.320000 0.665556 3.105556
v 1.080000 0.665556 3.105556
v 1.320000 0.672000 3.090000
v 1.080000 0.672000 3.090000
v 1.320000 0.665556 3.074444
v 1.080000 0.665556 3.074444
v 1.320000 0.650000 3.090000
v 1.080000 0.650000 3.090000
v 1.080000 0.650000 3.068000
v 0.980000 0.860000 3.068000
v 1.065955 0.643312 3.074444
v 0.965955 0.853312 3.074444
v 1.060137 0.640541 3.090000
v 0.960137 0.850541 3.090000
v 1.065955 0.643312 3.105556
v 0.965955 0.853312 3.105556
v 1.080000 0.650000 3.112000
v 0.980000 0.860000 3.112000
v 1.094045 0.656688 3.105556
v 0.994045 0.866688 3.105556
v 1.099863 0.659459 3.090000
v 0.999863 0.869459 3.090000
v 1.094045 0.656688 3.074444
v 0.994045 0.866688 3.074444
v 1.080000 0.650000 3.090000
v 0.980000 0.860000 3.090000
v 0.980000 0.860000 3.068000
v 0.980000 1.550000 3.068000
v 0.964444 0.860000 3.074444
v 0.964444 1.550000 3.074444
v 0.958000 0.860000 3.090000
v 0.958000 1.550000 3.090000
v 0.964444 0.860000 3.105556
v 0.964444 1.550000 3.105556
v 0.980000 0.860000 3.112000
v 0.980000 1.550000 3.112000
v 0.995556 0.860000 3.105556
v 0.995556 1.550000 3.105556
v 1.002000 0.860000 3.090000
v 1.002000 1.550000 3.090000
v 0.995556 0.860000 3.074444
v 0.995556 1.550000 3.074444
v 0.980000 0.860000 3.090000
v 0.980000 1.550000 3.090000
v 0.980000 1.550000 3.112000
v 1.130000 1.690000 3.112000
v 0.990614 1.538627 3.105556
v 1.140614 1.678627 3.105556
v 0.995011 1.533917 3.090000
v 1.145011 1.673917 3.090000
v 0.990614 1.538627 3.074444
v 1.140614 1.678627 3.074444
v 0.980000 1.550000 3.068000
v 1.130000 1.690000 3.068000
v 0.969386 1.561373 3.074444
v 1.119386 1.701373 3.074444
v 0.964989 1.566083 3.090000
v 1.114989 1.706083 3.090000
v 0.969386 1.561373 3.105556
v 1.119386 1.701373 3.105556
v 0.980000 1.550000 3.090000
v 1.130000 1.690000 3.090000
v 1.130000 1.690000 3.112000
v 1.330000 1.690000 3.112000
v 1.130000 1.674444 3.105556
v 1.330000 1.674444 3.105556
v 1.130000 1.668000 3.090000
v 1.330000 1.668000 3.090000
v 1.130000 1.674444 3.074444
v 1.330000 1.674444 3.074444
v 1.130000 1.690000 3.068000
v 1.330000 1.690000 3.068000
v 1.130000 1.705556 3.074444
v 1.330000 1.705556 3.074444
v 1.130000 1.712000 3.090000
v 1.330000 1.712000 3.090000
v 1.130000 1.705556 3.105556
v 1.330000 1.705556 3.105556
v 1.130000 1.690000 3.090000
v 1.330000 1.690000 3.090000
v -1.010000 1.704000 3.079500
v -0.630000 1.704000 3.079500
v -0.630000 1.736000 3.079500
v -1.010000 1.736000 3.079500
v -1.010000 1.704000 3.100500
v -0.630000 1.704000 3.100500
v -0.630000 1.736000 3.100500
v -1.010000 1.736000 3.100500
v -0.440000 1.704000 3.079500
v -0.200000 1.704000 3.079500
v -0.200000 1.736000 3.079500
v -0.440000 1.736000 3.079500
v -0.440000 1.704000 3.100500
v -0.200000 1.704000 3.100500
v -0.200000 1.736000 3.100500
v -0.440000 1.736000 3.100500
v -0.040000 1.704000 3.079500
v 0.380000 1.704000 3.079500
v 0.380000 1.736000 3.079500
v -0.040000 1.736000 3.079500
v -0.040000 1.704000 3.100500
v 0.380000 1.704000 3.100500
v 0.380000 1.736000 3.100500
v -0.040000 1.736000 3.100500
v 0.625000 1.704000 3.079500
v 0.895000 1.704000 3.079500
v 0.895000 1.736000 3.079500
v 0.625000 1.736000 3.079500
v 0.625000 1.704000 3.100500
v 0.895000 1.704000 3.100500
v 0.895000 1.736000 3.100500
v 0.625000 1.736000 3.100500
v -2.700000 -0.925000 -3.912500
v -1.860000 -0.925000 -3.912500
v -1.860000 1.525000 -3.912500
v -2.700000 1.525000 -3.912500
v -2.700000 -0.925000 -3.847500
v -1.860000 -0.925000 -3.847500
v -1.860000 1.525000 -3.847500
v -2.700000 1.525000 -3.847500
v -2.635000 -0.550000 -3.820000
v -2.635000 -0.550000 -3.750000
v -2.624749 -0.574749 -3.820000
v -2.624749 -0.574749 -3.750000
v -2.600000 -0.585000 -3.820000
v -2.600000 -0.585000 -3.750000
v -2.575251 -0.574749 -3.820000
v -2.575251 -0.574749 -3.750000
v -2.565000 -0.550000 -3.820000
v -2.565000 -0.550000 -3.750000
v -2.575251 -0.525251 -3.820000
v -2.575251 -0.525251 -3.750000
v -2.600000 -0.515000 -3.820000
v -2.600000 -0.515000 -3.750000
v -2.624749 -0.525251 -3.820000
v -2.624749 -0.525251 -3.750000
v -2.600000 -0.550000 -3.820000
v -2.600000 -0.550000 -3.750000
v -2.635000 0.150000 -3.820000
v -2.635000 0.150000 -3.750000
v -2.624749 0.125251 -3.820000
v -2.624749 0.125251 -3.750000
v -2.600000 0.115000 -3.820000
v -2.600000 0.115000 -3.750000
v -2.575251 0.125251 -3.820000
v -2.575251 0.125251 -3.750000
v -2.565000 0.150000 -3.820000
v -2.565000 0.150000 -3.750000
v -2.575251 0.174749 -3.820000
v -2.575251 0.174749 -3.750000
v -2.600000 0.185000 -3.820000
v -2.600000 0.185000 -3.750000
v -2.624749 0.174749 -3.820000
v -2.624749 0.174749 -3.750000
v -2.600000 0.150000 -3.820000
v -2.600000 0.150000 -3.750000
v -2.635000 0.850000 -3.820000
v -2.635000 0.850000 -3.750000
v -2.624749 0.825251 -3.820000
v -2.624749 0.825251 -3.750000
v -2.600000 0.815000 -3.820000
v -2.600000 0.815000 -3.750000
v -2.575251 0.825251 -3.820000
v -2.575251 0.825251 -3.750000
v -2.565000 0.850000 -3.820000
v -2.565000 0.850000 -3.750000
v -2.575251 0.874749 -3.820000
v -2.575251 0.874749 -3.750000
v -2.600000 0.885000 -3.820000
v -2.600000 0.885000 -3.750000
v -2.624749 0.874749 -3.820000
v -2.624749 0.874749 -3.750000
v -2.600000 0.850000 -3.820000
v -2.600000 0.850000 -3.750000
v -1.560000 -0.925000 -3.912500
v -0.720000 -0.925000 -3.912500
v -0.720000 1.525000 -3.912500
v -1.560000 1.525000 -3.912500
v -1.560000 -0.925000 -3.847500
v -0.720000 -0.925000 -3.847500
v -0.720000 1.525000 -3.847500
v -1.560000 1.525000 -3.847500
v -1.495000 -0.550000 -3.820000
v -1.495000 -0.550000 -3.750000
v -1.484749 -0.574749 -3.820000
v -1.484749 -0.574749 -3.750000
v -1.460000 -0.585000 -3.820000
v -1.460000 -0.585000 -3.750000
v -1.435251 -0.574749 -3.820000
v -1.435251 -0.574749 -3.750000
v -1.425000 -0.550000 -3.820000
v -1.425000 -0.550000 -3.750000
v -1.435251 -0.525251 -3.820000
v -1.435251 -0.525251 -3.750000
v -1.460000 -0.515000 -3.820000
v -1.460000 -0.515000 -3.750000
v -1.484749 -0.525251 -3.820000
v -1.484749 -0.525251 -3.750000
v -1.460000 -0.550000 -3.820000
v -1.460000 -0.550000 -3.750000
v -1.495000 0.150000 -3.820000
v -1.495000 0.150000 -3.750000
v -1.484749 0.125251 -3.820000
v -1.484749 0.125251 -3.750000
v -1.460000 0.115000 -3.820000
v -1.460000 0.115000 -3.750000
v -1.435251 0.125251 -3.820000
v -1.435251 0.125251 -3.750000
v -1.425000 0.150000 -3.820000
v -1.425000 0.150000 -3.750000
v -1.435251 0.174749 -3.820000
v -1.435251 0.174749 -3.750000
v -1.460000 0.185000 -3.820000
v -1.460000 0.185000 -3.750000
v -1.484749 0.174749 -3.820000
v -1.484749 0.174749 -3.750000
v -1.460000 0.150000 -3.820000
v -1.460000 0.150000 -3.750000
v -1.495000 0.850000 -3.820000
v -1.495000 0.850000 -3.750000
v -1.484749 0.825251 -3.820000
v -1.484749 0.825251 -3.750000
v -1.460000 0.815000 -3.820000
v -1.460000 0.815000 -3.750000
v -1.435251 0.825251 -3.820000
v -1.435251 0.825251 -3.750000
v -1.425000 0.850000 -3.820000
v -1.425000 0.850000 -3.750000
v -1.435251 0.874749 -3.820000
v -1.435251 0.874749 -3.750000
v -1.460000 0.885000 -3.820000
v -1.460000 0.885000 -3.750000
v -1.484749 0.874749 -3.820000
v -1.484749 0.874749 -3.750000
v -1.460000 0.850000 -3.820000
v -1.460000 0.850000 -3.750000
v -0.420000 -0.925000 -3.912500
v 0.420000 -0.925000 -3.912500
v 0.420000 1.525000 -3.912500
v -0.420000 1.525000 -3.912500
v -0.420000 -0.925000 -3.847500
v 0.420000 -0.925000 -3.847500
v 0.420000 1.525000 -3.847500
v -0.420000 1.525000 -3.847500
v -0.355000 -0.550000 -3.820000
v -0.355000 -0.550000 -3.750000
v -0.344749 -0.574749 -3.820000
v -0.344749 -0.574749 -3.750000
v -0.320000 -0.585000 -3.820000
v -0.320000 -0.585000 -3.750000
v -0.295251 -0.574749 -3.820000
v -0.295251 -0.574749 -3.750000
v -0.285000 -0.550000 -3.820000
v -0.285000 -0.550000 -3.750000
v -0.295251 -0.525251 -3.820000
v -0.295251 -0.525251 -3.750000
v -0.320000 -0.515000 -3.820000
v -0.320000 -0.515000 -3.750000
v -0.344749 -0.525251 -3.820000
v -0.344749 -0.525251 -3.750000
v -0.320000 -0.550000 -3.820000
v -0.320000 -0.550000 -3.750000
v -0.355000 0.150000 -3.820000
v -0.355000 0.150000 -3.750000
v -0.344749 0.125251 -3.820000
v -0.344749 0.125251 -3.750000
v -0.320000 0.115000 -3.820000
v -0.320000 0.115000 -3.750000
v -0.295251 0.125251 -3.820000
v -0.295251 0.125251 -3.750000
v -0.285000 0.150000 -3.820000
v -0.285000 0.150000 -3.750000
v -0.295251 0.174749 -3.820000
v -0.295251 0.174749 -3.750000
v -0.320000 0.185000 -3.820000
v -0.320000 0.185000 -3.750000
v -0.344749 0.174749 -3.820000
v -0.344749 0.174749 -3.750000
v -0.320000 0.150000 -3.820000
v -0.320000 0.150000 -3.750000
v -0.355000 0.850000 -3.820000
v -0.355000 0.850000 -3.750000
v -0.344749 0.825251 -3.820000
v -0.344749 0.825251 -3.750000
v -0.320000 0.815000 -3.820000
v -0.320000 0.815000 -3.750000
v -0.295251 0.825251 -3.820000
v -0.295251 0.825251 -3.750000
v -0.285000 0.850000 -3.820000
v -0.285000 0.850000 -3.750000
v -0.295251 0.874749 -3.820000
v -0.295251 0.874749 -3.750000
v -0.320000 0.885000 -3.820000
v -0.320000 0.885000 -3.750000
v -0.344749 0.874749 -3.820000
v -0.344749 0.874749 -3.750000
v -0.320000 0.850000 -3.820000
v -0.320000 0.850000 -3.750000
v 0.720000 -0.925000 -3.912500
v 1.560000 -0.925000 -3.912500
v 1.560000 1.525000 -3.912500
v 0.720000 1.525000 -3.912500
v 0.720000 -0.925000 -3.847500
v 1.560000 -0.925000 -3.847500
v 1.560000 1.525000 -3.847500
v 0.720000 1.525000 -3.847500
v 0.785000 -0.550000 -3.820000
v 0.785000 -0.550000 -3.750000
v 0.795251 -0.574749 -3.820000
v 0.795251 -0.574749 -3.750000
v 0.820000 -0.585000 -3.820000
v 0.820000 -0.585000 -3.750000
v 0.844749 -0.574749 -3.820000
v 0.844749 -0.574749 -3.750000
v 0.855000 -0.550000 -3.820000
v 0.855000 -0.550000 -3.750000
v 0.844749 -0.525251 -3.820000
v 0.844749 -0.525251 -3.750000
v 0.820000 -0.515000 -3.820000
v 0.820000 -0.515000 -3.750000
v 0.795251 -0.525251 -3.820000
v 0.795251 -0.525251 -3.750000
v 0.820000 -0.550000 -3.820000
v 0.820000 -0.550000 -3.750000
v 0.785000 0.150000 -3.820000
v 0.785000 0.150000 -3.750000
v 0.795251 0.125251 -3.820000
v 0.795251 0.125251 -3.750000
v 0.820000 0.115000 -3.820000
v 0.820000 0.115000 -3.750000
v 0.844749 0.125251 -3.820000
v 0.844749 0.125251 -3.750000
v 0.855000 0.150000 -3.820000
v 0.855000 0.150000 -3.750000
v 0.844749 0.174749 -3.820000
v 0.844749 0.174749 -3.750000
v 0.820000 0.185000 -3.820000
v 0.820000 0.185000 -3.750000
v 0.795251 0.174749 -3.820000
v 0.795251 0.174749 -3.750000
v 0.820000 0.150000 -3.820000
v 0.820000 0.150000 -3.750000
v 0.785000 0.850000 -3.820000
v 0.785000 0.850000 -3.750000
v 0.795251 0.825251 -3.820000
v 0.795251 0.825251 -3.750000
v 0.820000 0.815000 -3.820000
v 0.820000 0.815000 -3.750000
v 0.844749 0.825251 -3.820000
v 0.844749 0.825251 -3.750000
v 0.855000 0.850000 -3.820000
v 0.855000 0.850000 -3.750000
v 0.844749 0.874749 -3.820000
v 0.844749 0.874749 -3.750000
v 0.820000 0.885000 -3.820000
v 0.820000 0.885000 -3.750000
v 0.795251 0.874749 -3.820000
v 0.795251 0.874749 -3.750000
v 0.820000 0.850000 -3.820000
v 0.820000 0.850000 -3.750000
v 1.860000 -0.925000 -3.912500
v 2.700000 -0.925000 -3.912500
v 2.700000 1.525000 -3.912500
v 1.860000 1.525000 -3.912500
v 1.860000 -0.925000 -3.847500
v 2.700000 -0.925000 -3.847500
v 2.700000 1.525000 -3.847500
v 1.860000 1.525000 -3.847500
v 1.925000 -0.550000 -3.820000
v 1.925000 -0.550000 -3.750000
v 1.935251 -0.574749 -3.820000
v 1.935251 -0.574749 -3.750000
v 1.960000 -0.585000 -3.820000
v 1.960000 -0.585000 -3.750000
v 1.984749 -0.574749 -3.820000
v 1.984749 -0.574749 -3.750000
v 1.995000 -0.550000 -3.820000
v 1.995000 -0.550000 -3.750000
v 1.984749 -0.525251 -3.820000
v 1.984749 -0.525251 -3.750000
v 1.960000 -0.515000 -3.820000
v 1.960000 -0.515000 -3.750000
v 1.935251 -0.525251 -3.820000
v 1.935251 -0.525251 -3.750000
v 1.960000 -0.550000 -3.820000
v 1.960000 -0.550000 -3.750000
v 1.925000 0.150000 -3.820000
v 1.925000 0.150000 -3.750000
v 1.935251 0.125251 -3.820000
v 1.935251 0.125251 -3.750000
v 1.960000 0.115000 -3.820000
v 1.960000 0.115000 -3.750000
v 1.984749 0.125251 -3.820000
v 1.984749 0.125251 -3.750000
v 1.995000 0.150000 -3.820000
v 1.995000 0.150000 -3.750000
v 1.984749 0.174749 -3.820000
v 1.984749 0.174749 -3.750000
v 1.960000 0.185000 -3.820000
v 1.960000 0.185000 -3.750000
v 1.935251 0.174749 -3.820000
v 1.935251 0.174749 -3.750000
v 1.960000 0.150000 -3.820000
v 1.960000 0.150000 -3.750000
v 1.925000 0.850000 -3.820000
v 1.925000 0.850000 -3.750000
v 1.935251 0.825251 -3.820000
v 1.935251 0.825251 -3.750000
v 1.960000 0.815000 -3.820000
v 1.960000 0.815000 -3.750000
v 1.984749 0.825251 -3.820000
v 1.984749 0.825251 -3.750000
v 1.995000 0.850000 -3.820000
v 1.995000 0.850000 -3.750000
v 1.984749 0.874749 -3.820000
v 1.984749 0.874749 -3.750000
v 1.960000 0.885000 -3.820000
v 1.960000 0.885000 -3.750000
v 1.935251 0.874749 -3.820000
v 1.935251 0.874749 -3.750000
v 1.960000 0.850000 -3.820000
v 1.960000 0.850000 -3.750000
vn 0.000000 -1.000000 0.000000
vn 0.000000 -1.000000 0.000000
vn 0.000000 1.000000 0.000000
vn 0.000000 1.000000 0.000000
vn 0.000000 0.000000 -1.000000
vn 0.000000 0.000000 -1.000000
vn 0.000000 0.000000 1.000000
vn 0.000000 0.000000 1.000000
vn -1.000000 0.000000 0.000000
vn -1.000000 0.000000 0.000000
vn 1.000000 0.000000 0.000000
vn 1.000000 0.000000 0.000000
vn 0.000000 -1.000000 0.000000
vn 0.000000 -1.000000 0.000000
vn 0.000000 1.000000 0.000000
vn 0.000000 1.000000 0.000000
vn 0.000000 0.000000 -1.000000
vn 0.000000 0.000000 -1.000000
vn 0.000000 0.000000 1.000000
vn 0.000000 0.000000 1.000000
vn -1.000000 0.000000 0.000000
vn -1.000000 0.000000 0.000000
vn 1.000000 0.000000 0.000000
vn 1.000000 0.000000 0.000000
vn 0.000000 -1.000000 0.000000
vn 0.000000 -1.000000 0.000000
vn 0.000000 1.000000 0.000000
vn 0.000000 1.000000 0.000000
vn 0.000000 0.000000 -1.000000
vn 0.000000 0.000000 -1.000000
vn 0.000000 0.000000 1.000000
vn 0.000000 0.000000 1.000000
vn -1.000000 0.000000 0.000000
vn -1.000000 0.000000 0.000000
vn 1.000000 0.000000 0.000000
vn 1.000000 0.000000 0.000000
vn 0.000000 -1.000000 0.000000
vn 0.000000 -1.000000 0.000000
vn 0.000000 1.000000 0.000000
vn 0.000000 1.000000 0.000000
vn 0.000000 0.000000 -1.000000
vn 0.000000 0.000000 -1.000000
vn 0.000000 0.000000 1.000000
vn 0.000000 0.000000 1.000000
vn -1.000000 0.000000 0.000000
vn -1.000000 0.000000 0.000000
vn 1.000000 0.000000 0.000000
vn 1.000000 0.000000 0.000000
vn 0.000000 -1.000000 0.000000
vn 0.000000 -1.000000 0.000000
vn 0.000000 1.000000 0.000000
vn 0.000000 1.000000 0.000000
vn 0.000000 0.000000 -1.000000
vn 0.000000 0.000000 -1.000000
vn 0.000000 0.000000 1.000000
vn 0.000000 0.000000 1.000000
vn -1.000000 0.000000 0.000000
vn -1.000000 0.000000 0.000000
vn 1.000000 0.000000 0.000000
vn 1.000000 0.000000 0.000000
vn 0.000000 -1.000000 0.000000
vn 0.000000 -1.000000 0.000000
vn 0.000000 1.000000 0.000000
vn 0.000000 1.000000 0.000000
vn 0.000000 0.000000 -1.000000
vn 0.000000 0.000000 -1.000000
vn 0.000000 0.000000 1.000000
vn 0.000000 0.000000 1.000000
vn -1.000000 0.000000 0.000000
vn -1.000000 0.000000 0.000000
vn 1.000000 0.000000 0.000000
vn 1.000000 0.000000 0.000000
vn 0.000000 -1.000000 0.000000
vn 0.000000 -1.000000 0.000000
vn 0.000000 1.000000 0.000000
vn 0.000000 1.000000 0.000000
vn 0.000000 0.000000 -1.000000
vn 0.000000 0.000000 -1.000000
vn 0.000000 0.000000 1.000000
vn 0.000000 0.000000 1.000000
vn -1.000000 0.000000 0.000000
vn -1.000000 0.000000 0.000000
vn 1.000000 0.000000 0.000000
vn 1.000000 0.000000 0.000000
vn 0.000000 -1.000000 0.000000
vn 0.000000 -1.000000 0.000000
vn 0.000000 1.000000 0.000000
vn 0.000000 1.000000 0.000000
vn 0.000000 0.000000 -1.000000
vn 0.000000 0.000000 -1.000000
vn 0.000000 0.000000 1.000000
vn 0.000000 0.000000 1.000000
vn -1.000000 0.000000 0.000000
vn -1.000000 0.000000 0.000000
vn 1.000000 0.000000 0.000000
vn 1.000000 0.000000 0.000000
vn 0.000000 -1.000000 0.000000
vn 0.000000 -1.000000 0.000000
vn 0.000000 1.000000 0.000000
vn 0.000000 1.000000 0.000000
vn 0.000000 0.000000 -1.000000
vn 0.000000 0.000000 -1.000000
vn 0.000000 0.000000 1.000000
vn 0.000000 0.000000 1.000000
vn -1.000000 0.000000 0.000000
vn -1.000000 0.000000 0.000000
vn 1.000000 0.000000 0.000000
vn 1.000000 0.000000 0.000000
vn 0.000000 -1.000000 0.000000
vn 0.000000 -1.000000 0.000000
vn 0.000000 1.000000 0.000000
vn 0.000000 1.000000 0.000000
vn 0.000000 0.000000 -1.000000
vn 0.000000 0.000000 -1.000000
vn 0.000000 0.000000 1.000000
vn 0.000000 0.000000 1.000000
vn -1.000000 0.000000 0.000000
vn -1.000000 0.000000 0.000000
vn 1.000000 0.000000 0.000000
vn 1.000000 0.000000 0.000000
vn 0.000000 -1.000000 0.000000
vn 0.000000 -1.000000 0.000000
vn 0.000000 1.000000 0.000000
vn 0.000000 1.000000 0.000000
vn 0.000000 0.000000 -1.000000
vn 0.000000 0.000000 -1.000000
vn 0.000000 0.000000 1.000000
vn 0.000000 0.000000 1.000000
vn -1.000000 0.000000 0.000000
vn -1.000000 0.000000 0.000000
vn 1.000000 0.000000 0.000000
vn 1.000000 0.000000 0.000000
vn 0.000000 -1.000000 0.000000
vn 0.000000 -1.000000 0.000000
vn 0.000000 1.000000 0.000000
vn 0.000000 1.000000 0.000000
vn 0.000000 0.000000 -1.000000
vn 0.000000 0.000000 -1.000000
vn 0.000000 0.000000 1.000000
vn 0.000000 0.000000 1.000000
vn -1.000000 0.000000 0.000000
vn -1.000000 0.000000 0.000000
vn 1.000000 0.000000 0.000000
vn 1.000000 0.000000 0.000000
vn 0.000000 -1.000000 0.000000
vn 0.000000 -1.000000 0.000000
vn 0.000000 1.000000 0.000000
vn 0.000000 1.000000 0.000000
vn 0.000000 0.000000 -1.000000
vn 0.000000 0.000000 -1.000000
vn 0.000000 0.000000 1.000000
vn 0.000000 0.000000 1.000000
vn -1.000000 0.000000 0.000000
vn -1.000000 0.000000 0.000000
vn 1.000000 0.000000 0.000000
vn 1.000000 0.000000 0.000000
vn 0.000000 -1.000000 0.000000
vn 0.000000 -1.000000 0.000000
vn 0.000000 1.000000 0.000000
vn 0.000000 1.000000 0.000000
vn 0.000000 0.000000 -1.000000
vn 0.000000 0.000000 -1.000000
vn 0.000000 0.000000 1.000000
vn 0.000000 0.000000 1.000000
vn -1.000000 0.000000 0.000000
vn -1.000000 0.000000 0.000000
vn 1.000000 0.000000 0.000000
vn 1.000000 0.000000 0.000000
vn 0.000000 -1.000000 0.000000
vn 0.000000 -1.000000 0.000000
vn 0.000000 1.000000 0.000000
vn 0.000000 1.000000 0.000000
vn 0.000000 0.000000 -1.000000
vn 0.000000 0.000000 -1.000000
vn 0.000000 0.000000 1.000000
vn 0.000000 0.000000 1.000000
vn -1.000000 0.000000 0.000000
vn -1.000000 0.000000 0.000000
vn 1.000000 0.000000 0.000000
vn 1.000000 0.000000 0.000000
vn 0.000000 -1.000000 0.000000
vn 0.000000 -1.000000 0.000000
vn 0.000000 1.000000 0.000000
vn 0.000000 1.000000 0.000000
vn 0.000000 0.000000 -1.000000
vn 0.000000 0.000000 -1.000000
vn 0.000000 0.000000 1.000000
vn 0.000000 0.000000 1.000000
vn -1.000000 0.000000 0.000000
vn -1.000000 0.000000 0.000000
vn 1.000000 0.000000 0.000000
vn 1.000000 0.000000 0.000000
vn 0.000000 -1.000000 0.000000
vn 0.000000 -1.000000 0.000000
vn 0.000000 1.000000 0.000000
vn 0.000000 1.000000 0.000000
vn 0.000000 0.000000 -1.000000
vn 0.000000 0.000000 -1.000000
vn 0.000000 0.000000 1.000000
vn 0.000000 0.000000 1.000000
vn -1.000000 0.000000 0.000000
vn -1.000000 0.000000 0.000000
vn 1.000000 0.000000 0.000000
vn 1.000000 0.000000 0.000000
vn 0.000000 -1.000000 0.000000
vn 0.000000 -1.000000 0.000000
vn 0.000000 1.000000 0.000000
vn 0.000000 1.000000 0.000000
vn 0.000000 0.000000 -1.000000
vn 0.000000 0.000000 -1.000000
vn 0.000000 0.000000 1.000000
vn 0.000000 0.000000 1.000000
vn -1.000000 0.000000 0.000000
vn -1.000000 0.000000 0.000000
vn 1.000000 0.000000 0.000000
vn 1.000000 0.000000 0.000000
vn 0.000000 -1.000000 0.000000
vn 0.000000 -1.000000 0.000000
vn 0.000000 1.000000 0.000000
vn 0.000000 1.000000 0.000000
vn 0.000000 0.000000 -1.000000
vn 0.000000 0.000000 -1.000000
vn 0.000000 0.000000 1.000000
vn 0.000000 0.000000 1.000000
vn -1.000000 0.000000 0.000000
vn -1.000000 0.000000 0.000000
vn 1.000000 0.000000 0.000000
vn 1.000000 0.000000 0.000000
vn 0.000000 -1.000000 0.000000
vn 0.000000 -1.000000 0.000000
vn 0.000000 1.000000 0.000000
vn 0.000000 1.000000 0.000000
vn 0.000000 0.000000 -1.000000
vn 0.000000 0.000000 -1.000000
vn 0.000000 0.000000 1.000000
vn 0.000000 0.000000 1.000000
vn -1.000000 0.000000 0.000000
vn -1.000000 0.000000 0.000000
vn 1.000000 0.000000 0.000000
vn 1.000000 0.000000 0.000000
vn 0.000000 -1.000000 0.000000
vn 0.000000 -1.000000 0.000000
vn 0.000000 1.000000 0.000000
vn 0.000000 1.000000 0.000000
vn 0.000000 0.000000 -1.000000
vn 0.000000 0.000000 -1.000000
vn 0.000000 0.000000 1.000000
vn 0.000000 0.000000 1.000000
vn -1.000000 0.000000 0.000000
vn -1.000000 0.000000 0.000000
vn 1.000000 0.000000 0.000000
vn 1.000000 0.000000 0.000000
vn 0.000000 -0.651643 -0.758526
vn 0.000000 -0.651643 -0.758526
vn 0.000000 0.651643 0.758526
vn 0.000000 0.651643 0.758526
vn 0.000000 0.758526 -0.651643
vn 0.000000 0.758526 -0.651643
vn -0.996306 0.065140 -0.055962
vn -0.996306 0.065140 -0.055962
vn 0.000000 -0.758526 0.651643
vn 0.000000 -0.758526 0.651643
vn 0.996306 0.065140 -0.055962
vn 0.996306 0.065140 -0.055962
vn 0.164748 -0.665222 -0.728243
vn 0.110903 -0.640342 -0.760041
vn -0.110903 0.640342 0.760041
vn -0.164748 0.665222 0.728243
vn 0.181184 0.741761 -0.645727
vn 0.181184 0.741761 -0.645727
vn -0.991116 -0.131224 -0.021647
vn -0.991116 -0.131224 -0.021647
vn -0.042998 -0.743734 0.667091
vn -0.042998 -0.743734 0.667091
vn 0.991824 0.015273 0.126699
vn 0.991824 0.015273 0.126699
vn -0.166509 -0.631591 -0.757210
vn -0.104467 -0.667395 -0.737340
vn 0.104467 0.667395 0.737340
vn 0.166509 0.631591 0.757210
vn -0.177318 0.765237 -0.618846
vn -0.177318 0.765237 -0.618846
vn -0.991406 0.017890 0.129590
vn -0.991406 0.017890 0.129590
vn 0.037104 -0.766894 0.640701
vn 0.037104 -0.766894 0.640701
vn 0.990114 -0.137273 -0.028821
vn 0.990114 -0.137273 -0.028821
vn 0.981704 -0.172402 -0.080835
vn 0.981704 -0.172402 -0.080835
vn -0.076498 -0.745852 0.661705
vn 0.076498 0.745852 -0.661705
vn 0.762996 -0.471012 -0.442702
vn 0.762996 -0.471012 -0.442702
vn -0.076498 -0.745852 0.661705
vn 0.076498 0.745852 -0.661705
vn 0.339843 -0.643415 -0.685948
vn 0.339843 -0.643415 -0.685948
vn -0.076498 -0.745852 0.661705
vn 0.076498 0.745852 -0.661705
vn -0.174370 -0.643415 -0.745394
vn -0.174370 -0.643415 -0.745394
vn -0.076498 -0.745852 0.661705
vn 0.076498 0.745852 -0.661705
vn -0.641861 -0.471012 -0.605113
vn -0.641861 -0.471012 -0.605113
vn -0.076498 -0.745852 0.661705
vn 0.076498 0.745852 -0.661705
vn -0.937366 -0.172402 -0.302692
vn -0.937366 -0.172402 -0.302692
vn -0.076498 -0.745852 0.661705
vn 0.076498 0.745852 -0.661705
vn -0.981704 0.172402 0.080835
vn -0.981704 0.172402 0.080835
vn -0.076498 -0.745852 0.661705
vn 0.076498 0.745852 -0.661705
vn -0.762996 0.471012 0.442702
vn -0.762996 0.471012 0.442702
vn -0.076498 -0.745852 0.661705
vn 0.076498 0.745852 -0.661705
vn -0.339843 0.643415 0.685948
vn -0.339843 0.643415 0.685948
vn -0.076498 -0.745852 0.661705
vn 0.076498 0.745852 -0.661705
vn 0.174370 0.643415 0.745394
vn 0.174370 0.643415 0.745394
vn -0.076498 -0.745852 0.661705
vn 0.076498 0.745852 -0.661705
vn 0.641861 0.471012 0.605113
vn 0.641861 0.471012 0.605113
vn -0.076498 -0.745852 0.661705
vn 0.076498 0.745852 -0.661705
vn 0.937366 0.172402 0.302692
vn 0.937366 0.172402 0.302692
vn -0.076498 -0.745852 0.661705
vn 0.076498 0.745852 -0.661705
vn 0.937366 -0.172402 -0.302692
vn 0.937366 -0.172402 -0.302692
vn 0.076498 -0.745852 0.661705
vn -0.076498 0.745852 -0.661705
vn 0.641861 -0.471012 -0.605113
vn 0.641861 -0.471012 -0.605113
vn 0.076498 -0.745852 0.661705
vn -0.076498 0.745852 -0.661705
vn 0.174370 -0.643415 -0.745394
vn 0.174370 -0.643415 -0.745394
vn 0.076498 -0.745852 0.661705
vn -0.076498 0.745852 -0.661705
vn -0.339843 -0.643415 -0.685948
vn -0.339843 -0.643415 -0.685948
vn 0.076498 -0.745852 0.661705
vn -0.076498 0.745852 -0.661705
vn -0.762996 -0.471012 -0.442702
vn -0.762996 -0.471012 -0.442702
vn 0.076498 -0.745852 0.661705
vn -0.076498 0.745852 -0.661705
vn -0.981704 -0.172402 -0.080835
vn -0.981704 -0.172402 -0.080835
vn 0.076498 -0.745852 0.661705
vn -0.076498 0.745852 -0.661705
vn -0.937366 0.172402 0.302692
vn -0.937366 0.172402 0.302692
vn 0.076498 -0.745852 0.661705
vn -0.076498 0.745852 -0.661705
vn -0.641861 0.471012 0.605113
vn -0.641861 0.471012 0.605113
vn 0.076498 -0.745852 0.661705
vn -0.076498 0.745852 -0.661705
vn -0.174370 0.643415 0.745394
vn -0.174370 0.643415 0.745394
vn 0.076498 -0.745852 0.661705
vn -0.076498 0.745852 -0.661705
vn 0.339843 0.643415 0.685948
vn 0.339843 0.643415 0.685948
vn 0.076498 -0.745852 0.661705
vn -0.076498 0.745852 -0.661705
vn 0.762996 0.471012 0.442702
vn 0.762996 0.471012 0.442702
vn 0.076498 -0.745852 0.661705
vn -0.076498 0.745852 -0.661705
vn 0.981704 0.172402 0.080835
vn 0.981704 0.172402 0.080835
vn 0.076498 -0.745852 0.661705
vn -0.076498 0.745852 -0.661705
vn -0.126331 -0.258019 0.957845
vn -0.126331 -0.258019 0.957845
vn -0.985385 -0.078589 -0.151133
vn 0.985385 0.078589 0.151133
vn -0.052270 -0.704920 0.707358
vn -0.052270 -0.704920 0.707358
vn -0.985385 -0.078589 -0.151133
vn 0.985385 0.078589 0.151133
vn 0.035796 -0.962938 0.267336
vn 0.035796 -0.962938 0.267336
vn -0.985385 -0.078589 -0.151133
vn 0.985385 0.078589 0.151133
vn 0.114271 -0.962938 -0.244319
vn 0.114271 -0.962938 -0.244319
vn -0.985385 -0.078589 -0.151133
vn 0.985385 0.078589 0.151133
vn 0.162127 -0.704920 -0.690509
vn 0.162127 -0.704920 -0.690509
vn -0.985385 -0.078589 -0.151133
vn 0.985385 0.078589 0.151133
vn 0.166541 -0.258019 -0.951678
vn 0.166541 -0.258019 -0.951678
vn -0.985385 -0.078589 -0.151133
vn 0.985385 0.078589 0.151133
vn 0.126331 0.258019 -0.957845
vn 0.126331 0.258019 -0.957845
vn -0.985385 -0.078589 -0.151133
vn 0.985385 0.078589 0.151133
vn 0.052270 0.704920 -0.707358
vn 0.052270 0.704920 -0.707358
vn -0.985385 -0.078589 -0.151133
vn 0.985385 0.078589 0.151133
vn -0.035796 0.962938 -0.267336
vn -0.035796 0.962938 -0.267336
vn -0.985385 -0.078589 -0.151133
vn 0.985385 0.078589 0.151133
vn -0.114271 0.962938 0.244319
vn -0.114271 0.962938 0.244319
vn -0.985385 -0.078589 -0.151133
vn 0.985385 0.078589 0.151133
vn -0.162127 0.704920 0.690509
vn -0.162127 0.704920 0.690509
vn -0.985385 -0.078589 -0.151133
vn 0.985385 0.078589 0.151133
vn -0.166541 0.258019 0.951678
vn -0.166541 0.258019 0.951678
vn -0.985385 -0.078589 -0.151133
vn 0.985385 0.078589 0.151133
vn 0.126331 -0.258019 0.957845
vn 0.126331 -0.258019 0.957845
vn -0.985385 0.078589 0.151133
vn 0.985385 -0.078589 -0.151133
vn 0.052270 -0.704920 0.707358
vn 0.052270 -0.704920 0.707358
vn -0.985385 0.078589 0.151133
vn 0.985385 -0.078589 -0.151133
vn -0.035796 -0.962938 0.267336
vn -0.035796 -0.962938 0.267336
vn -0.985385 0.078589 0.151133
vn 0.985385 -0.078589 -0.151133
vn -0.114271 -0.962938 -0.244319
vn -0.114271 -0.962938 -0.244319
vn -0.985385 0.078589 0.151133
vn 0.985385 -0.078589 -0.151133
vn -0.162127 -0.704920 -0.690509
vn -0.162127 -0.704920 -0.690509
vn -0.985385 0.078589 0.151133
vn 0.985385 -0.078589 -0.151133
vn -0.166541 -0.258019 -0.951678
vn -0.166541 -0.258019 -0.951678
vn -0.985385 0.078589 0.151133
vn 0.985385 -0.078589 -0.151133
vn -0.126331 0.258019 -0.957845
vn -0.126331 0.258019 -0.957845
vn -0.985385 0.078589 0.151133
vn 0.985385 -0.078589 -0.151133
vn -0.052270 0.704920 -0.707358
vn -0.052270 0.704920 -0.707358
vn -0.985385 0.078589 0.151133
vn 0.985385 -0.078589 -0.151133
vn 0.035796 0.962938 -0.267336
vn 0.035796 0.962938 -0.267336
vn -0.985385 0.078589 0.151133
vn 0.985385 -0.078589 -0.151133
vn 0.114271 0.962938 0.244319
vn 0.114271 0.962938 0.244319
vn -0.985385 0.078589 0.151133
vn 0.985385 -0.078589 -0.151133
vn 0.162127 0.704920 0.690509
vn 0.162127 0.704920 0.690509
vn -0.985385 0.078589 0.151133
vn 0.985385 -0.078589 -0.151133
vn 0.166541 0.258019 0.951678
vn 0.166541 0.258019 0.951678
vn -0.985385 0.078589 0.151133
vn 0.985385 -0.078589 -0.151133
vn 0.000000 -0.258819 0.965926
vn 0.000000 -0.258819 0.965926
vn -1.000000 0.000000 0.000000
vn 1.000000 0.000000 0.000000
vn 0.000000 -0.707107 0.707107
vn 0.000000 -0.707107 0.707107
vn -1.000000 0.000000 0.000000
vn 1.000000 0.000000 0.000000
vn 0.000000 -0.965926 0.258819
vn 0.000000 -0.965926 0.258819
vn -1.000000 0.000000 0.000000
vn 1.000000 0.000000 0.000000
vn 0.000000 -0.965926 -0.258819
vn 0.000000 -0.965926 -0.258819
vn -1.000000 0.000000 0.000000
vn 1.000000 0.000000 0.000000
vn 0.000000 -0.707107 -0.707107
vn 0.000000 -0.707107 -0.707107
vn -1.000000 0.000000 0.000000
vn 1.000000 0.000000 0.000000
vn 0.000000 -0.258819 -0.965926
vn 0.000000 -0.258819 -0.965926
vn -1.000000 0.000000 0.000000
vn 1.000000 0.000000 0.000000
vn 0.000000 0.258819 -0.965926
vn 0.000000 0.258819 -0.965926
vn -1.000000 0.000000 0.000000
vn 1.000000 0.000000 0.000000
vn 0.000000 0.707107 -0.707107
vn 0.000000 0.707107 -0.707107
vn -1.000000 0.000000 0.000000
vn 1.000000 0.000000 0.000000
vn 0.000000 0.965926 -0.258819
vn 0.000000 0.965926 -0.258819
vn -1.000000 0.000000 0.000000
vn 1.000000 0.000000 0.000000
vn 0.000000 0.965926 0.258819
vn 0.000000 0.965926 0.258819
vn -1.000000 0.000000 0.000000
vn 1.000000 0.000000 0.000000
vn 0.000000 0.707107 0.707107
vn 0.000000 0.707107 0.707107
vn -1.000000 0.000000 0.000000
vn 1.000000 0.000000 0.000000
vn 0.000000 0.258819 0.965926
vn 0.000000 0.258819 0.965926
vn -1.000000 0.000000 0.000000
vn 1.000000 0.000000 0.000000
vn 0.931936 -0.169498 -0.320571
vn 0.931936 -0.169498 -0.320571
vn 0.085878 -0.755724 0.649235
vn -0.085878 0.755724 -0.649235
vn 0.630926 -0.463078 -0.622488
vn 0.630926 -0.463078 -0.622488
vn 0.085878 -0.755724 0.649235
vn -0.085878 0.755724 -0.649235
vn 0.160861 -0.632576 -0.757609
vn 0.160861 -0.632576 -0.757609
vn 0.085878 -0.755724 0.649235
vn -0.085878 0.755724 -0.649235
vn -0.352308 -0.632576 -0.689730
vn -0.352308 -0.632576 -0.689730
vn 0.085878 -0.755724 0.649235
vn -0.085878 0.755724 -0.649235
vn -0.771075 -0.463078 -0.437038
vn -0.771075 -0.463078 -0.437038
vn 0.085878 -0.755724 0.649235
vn -0.085878 0.755724 -0.649235
vn -0.983234 -0.169498 -0.067242
vn -0.983234 -0.169498 -0.067242
vn 0.085878 -0.755724 0.649235
vn -0.085878 0.755724 -0.649235
vn -0.931936 0.169498 0.320571
vn -0.931936 0.169498 0.320571
vn 0.085878 -0.755724 0.649235
vn -0.085878 0.755724 -0.649235
vn -0.630926 0.463078 0.622488
vn -0.630926 0.463078 0.622488
vn 0.085878 -0.755724 0.649235
vn -0.085878 0.755724 -0.649235
vn -0.160861 0.632576 0.757609
vn -0.160861 0.632576 0.757609
vn 0.085878 -0.755724 0.649235
vn -0.085878 0.755724 -0.649235
vn 0.352308 0.632576 0.689730
vn 0.352308 0.632576 0.689730
vn 0.085878 -0.755724 0.649235
vn -0.085878 0.755724 -0.649235
vn 0.771075 0.463078 0.437038
vn 0.771075 0.463078 0.437038
vn 0.085878 -0.755724 0.649235
vn -0.085878 0.755724 -0.649235
vn 0.983234 0.169498 0.067242
vn 0.983234 0.169498 0.067242
vn 0.085878 -0.755724 0.649235
vn -0.085878 0.755724 -0.649235
vn 0.983234 -0.169498 -0.067242
vn 0.983234 -0.169498 -0.067242
vn -0.085878 -0.755724 0.649235
vn 0.085878 0.755724 -0.649235
vn 0.771075 -0.463078 -0.437038
vn 0.771075 -0.463078 -0.437038
vn -0.085878 -0.755724 0.649235
vn 0.085878 0.755724 -0.649235
vn 0.352308 -0.632576 -0.689730
vn 0.352308 -0.632576 -0.689730
vn -0.085878 -0.755724 0.649235
vn 0.085878 0.755724 -0.649235
vn -0.160861 -0.632576 -0.757609
vn -0.160861 -0.632576 -0.757609
vn -0.085878 -0.755724 0.649235
vn 0.085878 0.755724 -0.649235
vn -0.630926 -0.463078 -0.622488
vn -0.630926 -0.463078 -0.622488
vn -0.085878 -0.755724 0.649235
vn 0.085878 0.755724 -0.649235
vn -0.931936 -0.169498 -0.320571
vn -0.931936 -0.169498 -0.320571
vn -0.085878 -0.755724 0.649235
vn 0.085878 0.755724 -0.649235
vn -0.983234 0.169498 0.067242
vn -0.983234 0.169498 0.067242
vn -0.085878 -0.755724 0.649235
vn 0.085878 0.755724 -0.649235
vn -0.771075 0.463078 0.437038
vn -0.771075 0.463078 0.437038
vn -0.085878 -0.755724 0.649235
vn 0.085878 0.755724 -0.649235
vn -0.352308 0.632576 0.689730
vn -0.352308 0.632576 0.689730
vn -0.085878 -0.755724 0.649235
vn 0.085878 0.755724 -0.649235
vn 0.160861 0.632576 0.757609
vn 0.160861 0.632576 0.757609
vn -0.085878 -0.755724 0.649235
vn 0.085878 0.755724 -0.649235
vn 0.630926 0.463078 0.622488
vn 0.630926 0.463078 0.622488
vn -0.085878 -0.755724 0.649235
vn 0.085878 0.755724 -0.649235
vn 0.931936 0.169498 0.320571
vn 0.931936 0.169498 0.320571
vn -0.085878 -0.755724 0.649235
vn 0.085878 0.755724 -0.649235
vn -0.201155 -0.258405 0.944862
vn -0.201155 -0.258405 0.944862
vn -0.979553 0.056513 -0.193085
vn 0.979553 -0.056513 0.193085
vn -0.175956 -0.705977 0.686029
vn -0.175956 -0.705977 0.686029
vn -0.979553 0.056513 -0.193085
vn 0.979553 -0.056513 0.193085
vn -0.103611 -0.964382 0.243376
vn -0.103611 -0.964382 0.243376
vn -0.979553 0.056513 -0.193085
vn 0.979553 -0.056513 0.193085
vn -0.003502 -0.964382 -0.264490
vn -0.003502 -0.964382 -0.264490
vn -0.979553 0.056513 -0.193085
vn 0.979553 -0.056513 0.193085
vn 0.097544 -0.705977 -0.701486
vn 0.097544 -0.705977 -0.701486
vn -0.979553 0.056513 -0.193085
vn 0.979553 -0.056513 0.193085
vn 0.172454 -0.258405 -0.950519
vn 0.172454 -0.258405 -0.950519
vn -0.979553 0.056513 -0.193085
vn 0.979553 -0.056513 0.193085
vn 0.201155 0.258405 -0.944862
vn 0.201155 0.258405 -0.944862
vn -0.979553 0.056513 -0.193085
vn 0.979553 -0.056513 0.193085
vn 0.175956 0.705977 -0.686029
vn 0.175956 0.705977 -0.686029
vn -0.979553 0.056513 -0.193085
vn 0.979553 -0.056513 0.193085
vn 0.103611 0.964382 -0.243376
vn 0.103611 0.964382 -0.243376
vn -0.979553 0.056513 -0.193085
vn 0.979553 -0.056513 0.193085
vn 0.003502 0.964382 0.264490
vn 0.003502 0.964382 0.264490
vn -0.979553 0.056513 -0.193085
vn 0.979553 -0.056513 0.193085
vn -0.097544 0.705977 0.701486
vn -0.097544 0.705977 0.701486
vn -0.979553 0.056513 -0.193085
vn 0.979553 -0.056513 0.193085
vn -0.172454 0.258405 0.950519
vn -0.172454 0.258405 0.950519
vn -0.979553 0.056513 -0.193085
vn 0.979553 -0.056513 0.193085
vn 0.201155 -0.258405 0.944862
vn 0.201155 -0.258405 0.944862
vn -0.979553 -0.056513 0.193085
vn 0.979553 0.056513 -0.193085
vn 0.175956 -0.705977 0.686029
vn 0.175956 -0.705977 0.686029
vn -0.979553 -0.056513 0.193085
vn 0.979553 0.056513 -0.193085
vn 0.103611 -0.964382 0.243376
vn 0.103611 -0.964382 0.243376
vn -0.979553 -0.056513 0.193085
vn 0.979553 0.056513 -0.193085
vn 0.003502 -0.964382 -0.264490
vn 0.003502 -0.964382 -0.264490
vn -0.979553 -0.056513 0.193085
vn 0.979553 0.056513 -0.193085
vn -0.097544 -0.705977 -0.701486
vn -0.097544 -0.705977 -0.701486
vn -0.979553 -0.056513 0.193085
vn 0.979553 0.056513 -0.193085
vn -0.172454 -0.258405 -0.950519
vn -0.172454 -0.258405 -0.950519
vn -0.979553 -0.056513 0.193085
vn 0.979553 0.056513 -0.193085
vn -0.201155 0.258405 -0.944862
vn -0.201155 0.258405 -0.944862
vn -0.979553 -0.056513 0.193085
vn 0.979553 0.056513 -0.193085
vn -0.175956 0.705977 -0.686029
vn -0.175956 0.705977 -0.686029
vn -0.979553 -0.056513 0.193085
vn 0.979553 0.056513 -0.193085
vn -0.103611 0.964382 -0.243376
vn -0.103611 0.964382 -0.243376
vn -0.979553 -0.056513 0.193085
vn 0.979553 0.056513 -0.193085
vn -0.003502 0.964382 0.264490
vn -0.003502 0.964382 0.264490
vn -0.979553 -0.056513 0.193085
vn 0.979553 0.056513 -0.193085
vn 0.097544 0.705977 0.701486
vn 0.097544 0.705977 0.701486
vn -0.979553 -0.056513 0.193085
vn 0.979553 0.056513 -0.193085
vn 0.172454 0.258405 0.950519
vn 0.172454 0.258405 0.950519
vn -0.979553 -0.056513 0.193085
vn 0.979553 0.056513 -0.193085
vn 0.965926 -0.254789 -0.045498
vn 0.965926 -0.254789 -0.045498
vn 0.000000 -0.175791 0.984428
vn 0.000000 0.175791 -0.984428
vn 0.707107 -0.696095 -0.124303
vn 0.707107 -0.696095 -0.124303
vn -0.000000 -0.175791 0.984428
vn 0.000000 0.175791 -0.984428
vn 0.258819 -0.950884 -0.169801
vn 0.258819 -0.950884 -0.169801
vn 0.000000 -0.175791 0.984428
vn 0.000000 0.175791 -0.984428
vn -0.258819 -0.950884 -0.169801
vn -0.258819 -0.950884 -0.169801
vn -0.000000 -0.175791 0.984428
vn -0.000000 0.175791 -0.984428
vn -0.707107 -0.696095 -0.124303
vn -0.707107 -0.696095 -0.124303
vn 0.000000 -0.175791 0.984428
vn -0.000000 0.175791 -0.984428
vn -0.965926 -0.254789 -0.045498
vn -0.965926 -0.254789 -0.045498
vn 0.000000 -0.175791 0.984428
vn 0.000000 0.175791 -0.984428
vn -0.965926 0.254789 0.045498
vn -0.965926 0.254789 0.045498
vn 0.000000 -0.175791 0.984428
vn 0.000000 0.175791 -0.984428
vn -0.707107 0.696095 0.124303
vn -0.707107 0.696095 0.124303
vn -0.000000 -0.175791 0.984428
vn 0.000000 0.175791 -0.984428
vn -0.258819 0.950884 0.169801
vn -0.258819 0.950884 0.169801
vn -0.000000 -0.175791 0.984428
vn 0.000000 0.175791 -0.984428
vn 0.258819 0.950884 0.169801
vn 0.258819 0.950884 0.169801
vn 0.000000 -0.175791 0.984428
vn -0.000000 0.175791 -0.984428
vn 0.707107 0.696095 0.124303
vn 0.707107 0.696095 0.124303
vn 0.000000 -0.175791 0.984428
vn -0.000000 0.175791 -0.984428
vn 0.965926 0.254789 0.045498
vn 0.965926 0.254789 0.045498
vn 0.000000 -0.175791 0.984428
vn 0.000000 0.175791 -0.984428
vn 0.965926 -0.254789 -0.045498
vn 0.965926 -0.254789 -0.045498
vn 0.000000 -0.175791 0.984428
vn 0.000000 0.175791 -0.984428
vn 0.707107 -0.696095 -0.124303
vn 0.707107 -0.696095 -0.124303
vn -0.000000 -0.175791 0.984428
vn 0.000000 0.175791 -0.984428
vn 0.258819 -0.950884 -0.169801
vn 0.258819 -0.950884 -0.169801
vn 0.000000 -0.175791 0.984428
vn 0.000000 0.175791 -0.984428
vn -0.258819 -0.950884 -0.169801
vn -0.258819 -0.950884 -0.169801
vn -0.000000 -0.175791 0.984428
vn -0.000000 0.175791 -0.984428
vn -0.707107 -0.696095 -0.124303
vn -0.707107 -0.696095 -0.124303
vn 0.000000 -0.175791 0.984428
vn -0.000000 0.175791 -0.984428
vn -0.965926 -0.254789 -0.045498
vn -0.965926 -0.254789 -0.045498
vn 0.000000 -0.175791 0.984428
vn 0.000000 0.175791 -0.984428
vn -0.965926 0.254789 0.045498
vn -0.965926 0.254789 0.045498
vn 0.000000 -0.175791 0.984428
vn 0.000000 0.175791 -0.984428
vn -0.707107 0.696095 0.124303
vn -0.707107 0.696095 0.124303
vn -0.000000 -0.175791 0.984428
vn 0.000000 0.175791 -0.984428
vn -0.258819 0.950884 0.169801
vn -0.258819 0.950884 0.169801
vn -0.000000 -0.175791 0.984428
vn 0.000000 0.175791 -0.984428
vn 0.258819 0.950884 0.169801
vn 0.258819 0.950884 0.169801
vn 0.000000 -0.175791 0.984428
vn -0.000000 0.175791 -0.984428
vn 0.707107 0.696095 0.124303
vn 0.707107 0.696095 0.124303
vn 0.000000 -0.175791 0.984428
vn -0.000000 0.175791 -0.984428
vn 0.965926 0.254789 0.045498
vn 0.965926 0.254789 0.045498
vn 0.000000 -0.175791 0.984428
vn 0.000000 0.175791 -0.984428
vn 0.000000 -1.000000 0.000000
vn 0.000000 -1.000000 0.000000
vn 0.000000 1.000000 0.000000
vn 0.000000 1.000000 0.000000
vn 0.000000 0.000000 -1.000000
vn 0.000000 0.000000 -1.000000
vn 0.000000 0.000000 1.000000
vn 0.000000 0.000000 1.000000
vn -1.000000 0.000000 0.000000
vn -1.000000 0.000000 0.000000
vn 1.000000 0.000000 0.000000
vn 1.000000 0.000000 0.000000
vn 0.000000 -1.000000 0.000000
vn 0.000000 -1.000000 0.000000
vn 0.000000 1.000000 0.000000
vn 0.000000 1.000000 0.000000
vn 0.000000 0.000000 -1.000000
vn 0.000000 0.000000 -1.000000
vn 0.000000 0.000000 1.000000
vn 0.000000 0.000000 1.000000
vn -1.000000 0.000000 0.000000
vn -1.000000 0.000000 0.000000
vn 1.000000 0.000000 0.000000
vn 1.000000 0.000000 0.000000
vn 0.000000 -1.000000 0.000000
vn 0.000000 -1.000000 0.000000
vn 0.000000 1.000000 0.000000
vn 0.000000 1.000000 0.000000
vn 0.000000 0.000000 -1.000000
vn 0.000000 0.000000 -1.000000
vn 0.000000 0.000000 1.000000
vn 0.000000 0.000000 1.000000
vn -1.000000 0.000000 0.000000
vn -1.000000 0.000000 0.000000
vn 1.000000 0.000000 0.000000
vn 1.000000 0.000000 0.000000
vn 0.000000 -1.000000 0.000000
vn 0.000000 -1.000000 0.000000
vn 0.000000 1.000000 0.000000
vn 0.000000 1.000000 0.000000
vn 0.000000 0.000000 -1.000000
vn 0.000000 0.000000 -1.000000
vn 0.000000 0.000000 1.000000
vn 0.000000 0.000000 1.000000
vn -1.000000 0.000000 0.000000
vn -1.000000 0.000000 0.000000
vn 1.000000 0.000000 0.000000
vn 1.000000 0.000000 0.000000
vn -0.965926 -0.258819 0.000000
vn -0.965926 -0.258819 0.000000
vn 0.000000 0.000000 -1.000000
vn 0.000000 0.000000 1.000000
vn -0.707107 -0.707107 0.000000
vn -0.707107 -0.707107 0.000000
vn 0.000000 0.000000 -1.000000
vn 0.000000 0.000000 1.000000
vn -0.258819 -0.965926 0.000000
vn -0.258819 -0.965926 0.000000
vn 0.000000 0.000000 -1.000000
vn 0.000000 0.000000 1.000000
vn 0.258819 -0.965926 0.000000
vn 0.258819 -0.965926 0.000000
vn 0.000000 0.000000 -1.000000
vn 0.000000 0.000000 1.000000
vn 0.707107 -0.707107 0.000000
vn 0.707107 -0.707107 0.000000
vn 0.000000 0.000000 -1.000000
vn 0.000000 0.000000 1.000000
vn 0.965926 -0.258819 0.000000
vn 0.965926 -0.258819 0.000000
vn 0.000000 0.000000 -1.000000
vn 0.000000 0.000000 1.000000
vn 0.965926 0.258819 0.000000
vn 0.965926 0.258819 0.000000
vn 0.000000 0.000000 -1.000000
vn 0.000000 0.000000 1.000000
vn 0.707107 0.707107 0.000000
vn 0.707107 0.707107 0.000000
vn 0.000000 0.000000 -1.000000
vn 0.000000 0.000000 1.000000
vn 0.258819 0.965926 0.000000
vn 0.258819 0.965926 0.000000
vn 0.000000 0.000000 -1.000000
vn 0.000000 0.000000 1.000000
vn -0.258819 0.965926 0.000000
vn -0.258819 0.965926 0.000000
vn 0.000000 0.000000 -1.000000
vn 0.000000 0.000000 1.000000
vn -0.707107 0.707107 0.000000
vn -0.707107 0.707107 0.000000
vn 0.000000 0.000000 -1.000000
vn 0.000000 0.000000 1.000000
vn -0.965926 0.258819 0.000000
vn -0.965926 0.258819 0.000000
vn 0.000000 0.000000 -1.000000
vn 0.000000 0.000000 1.000000
vn -0.965926 -0.258819 0.000000
vn -0.965926 -0.258819 0.000000
vn 0.000000 0.000000 -1.000000
vn 0.000000 0.000000 1.000000
vn -0.707107 -0.707107 0.000000
vn -0.707107 -0.707107 0.000000
vn 0.000000 0.000000 -1.000000
vn 0.000000 0.000000 1.000000
vn -0.258819 -0.965926 0.000000
vn -0.258819 -0.965926 0.000000
vn 0.000000 0.000000 -1.000000
vn 0.000000 0.000000 1.000000
vn 0.258819 -0.965926 0.000000
vn 0.258819 -0.965926 0.000000
vn 0.000000 0.000000 -1.000000
vn 0.000000 0.000000 1.000000
vn 0.707107 -0.707107 0.000000
vn 0.707107 -0.707107 0.000000
vn 0.000000 0.000000 -1.000000
vn 0.000000 0.000000 1.000000
vn 0.965926 -0.258819 0.000000
vn 0.965926 -0.258819 0.000000
vn 0.000000 0.000000 -1.000000
vn 0.000000 0.000000 1.000000
vn 0.965926 0.258819 0.000000
vn 0.965926 0.258819 0.000000
vn 0.000000 0.000000 -1.000000
vn 0.000000 0.000000 1.000000
vn 0.707107 0.707107 0.000000
vn 0.707107 0.707107 0.000000
vn 0.000000 0.000000 -1.000000
vn 0.000000 0.000000 1.000000
vn 0.258819 0.965926 0.000000
vn 0.258819 0.965926 0.000000
vn 0.000000 0.000000 -1.000000
vn 0.000000 0.000000 1.000000
vn -0.258819 0.965926 0.000000
vn -0.258819 0.965926 0.000000
vn 0.000000 0.000000 -1.000000
vn 0.000000 0.000000 1.000000
vn -0.707107 0.707107 0.000000
vn -0.707107 0.707107 0.000000
vn 0.000000 0.000000 -1.000000
vn 0.000000 0.000000 1.000000
vn -0.965926 0.258819 0.000000
vn -0.965926 0.258819 0.000000
vn 0.000000 0.000000 -1.000000
vn 0.000000 0.000000 1.000000
vn 0.000000 -1.000000 0.000000
vn 0.000000 -1.000000 0.000000
vn 0.000000 1.000000 0.000000
vn 0.000000 1.000000 0.000000
vn 0.000000 0.000000 -1.000000
vn 0.000000 0.000000 -1.000000
vn 0.000000 0.000000 1.000000
vn 0.000000 0.000000 1.000000
vn -1.000000 0.000000 0.000000
vn -1.000000 0.000000 0.000000
vn 1.000000 0.000000 0.000000
vn 1.000000 0.000000 0.000000
vn 0.000000 -1.000000 0.000000
vn 0.000000 -1.000000 0.000000
vn 0.000000 1.000000 0.000000
vn 0.000000 1.000000 0.000000
vn 0.000000 0.000000 -1.000000
vn 0.000000 0.000000 -1.000000
vn 0.000000 0.000000 1.000000
vn 0.000000 0.000000 1.000000
vn -1.000000 0.000000 0.000000
vn -1.000000 0.000000 0.000000
vn 1.000000 0.000000 0.000000
vn 1.000000 0.000000 0.000000
vn 0.000000 -1.000000 0.000000
vn 0.000000 -1.000000 0.000000
vn 0.000000 1.000000 0.000000
vn 0.000000 1.000000 0.000000
vn 0.000000 0.000000 -1.000000
vn 0.000000 0.000000 -1.000000
vn 0.000000 0.000000 1.000000
vn 0.000000 0.000000 1.000000
vn -1.000000 0.000000 0.000000
vn -1.000000 0.000000 0.000000
vn 1.000000 0.000000 0.000000
vn 1.000000 0.000000 0.000000
vn 0.000000 -1.000000 0.000000
vn 0.000000 -1.000000 0.000000
vn 0.000000 1.000000 0.000000
vn 0.000000 1.000000 0.000000
vn 0.000000 0.000000 -1.000000
vn 0.000000 0.000000 -1.000000
vn 0.000000 0.000000 1.000000
vn 0.000000 0.000000 1.000000
vn -1.000000 0.000000 0.000000
vn -1.000000 0.000000 0.000000
vn 1.000000 0.000000 0.000000
vn 1.000000 0.000000 0.000000
vn 0.000000 -1.000000 0.000000
vn 0.000000 -1.000000 0.000000
vn 0.000000 1.000000 0.000000
vn 0.000000 1.000000 0.000000
vn 0.000000 0.000000 -1.000000
vn 0.000000 0.000000 -1.000000
vn 0.000000 0.000000 1.000000
vn 0.000000 0.000000 1.000000
vn -1.000000 0.000000 0.000000
vn -1.000000 0.000000 0.000000
vn 1.000000 0.000000 0.000000
vn 1.000000 0.000000 0.000000
vn 0.000000 -1.000000 0.000000
vn 0.000000 -1.000000 0.000000
vn 0.000000 1.000000 0.000000
vn 0.000000 1.000000 0.000000
vn 0.000000 0.000000 -1.000000
vn 0.000000 0.000000 -1.000000
vn 0.000000 0.000000 1.000000
vn 0.000000 0.000000 1.000000
vn -1.000000 0.000000 0.000000
vn -1.000000 0.000000 0.000000
vn 1.000000 0.000000 0.000000
vn 1.000000 0.000000 0.000000
vn 0.000000 -1.000000 0.000000
vn 0.000000 -1.000000 0.000000
vn 0.000000 1.000000 0.000000
vn 0.000000 1.000000 0.000000
vn 0.000000 0.000000 -1.000000
vn 0.000000 0.000000 -1.000000
vn 0.000000 0.000000 1.000000
vn 0.000000 0.000000 1.000000
vn -1.000000 0.000000 0.000000
vn -1.000000 0.000000 0.000000
vn 1.000000 0.000000 0.000000
vn 1.000000 0.000000 0.000000
vn 0.000000 -1.000000 0.000000
vn 0.000000 -1.000000 0.000000
vn 0.000000 1.000000 0.000000
vn 0.000000 1.000000 0.000000
vn 0.000000 0.000000 -1.000000
vn 0.000000 0.000000 -1.000000
vn 0.000000 0.000000 1.000000
vn 0.000000 0.000000 1.000000
vn -1.000000 0.000000 0.000000
vn -1.000000 0.000000 0.000000
vn 1.000000 0.000000 0.000000
vn 1.000000 0.000000 0.000000
vn 0.000000 -1.000000 0.000000
vn 0.000000 -1.000000 0.000000
vn 0.000000 1.000000 0.000000
vn 0.000000 1.000000 0.000000
vn 0.000000 0.000000 -1.000000
vn 0.000000 0.000000 -1.000000
vn 0.000000 0.000000 1.000000
vn 0.000000 0.000000 1.000000
vn -1.000000 0.000000 0.000000
vn -1.000000 0.000000 0.000000
vn 1.000000 0.000000 0.000000
vn 1.000000 0.000000 0.000000
vn 0.000000 -1.000000 0.000000
vn 0.000000 -1.000000 0.000000
vn 0.000000 1.000000 0.000000
vn 0.000000 1.000000 0.000000
vn 0.000000 0.000000 -1.000000
vn 0.000000 0.000000 -1.000000
vn 0.000000 0.000000 1.000000
vn 0.000000 0.000000 1.000000
vn -1.000000 0.000000 0.000000
vn -1.000000 0.000000 0.000000
vn 1.000000 0.000000 0.000000
vn 1.000000 0.000000 0.000000
vn 0.000000 -1.000000 0.000000
vn 0.000000 -1.000000 0.000000
vn 0.000000 1.000000 0.000000
vn 0.000000 1.000000 0.000000
vn 0.000000 0.000000 -1.000000
vn 0.000000 0.000000 -1.000000
vn 0.000000 0.000000 1.000000
vn 0.000000 0.000000 1.000000
vn -1.000000 0.000000 0.000000
vn -1.000000 0.000000 0.000000
vn 1.000000 0.000000 0.000000
vn 1.000000 0.000000 0.000000
vn 0.000000 -1.000000 0.000000
vn 0.000000 -1.000000 0.000000
vn 0.000000 1.000000 0.000000
vn 0.000000 1.000000 0.000000
vn 0.000000 0.000000 -1.000000
vn 0.000000 0.000000 -1.000000
vn 0.000000 0.000000 1.000000
vn 0.000000 0.000000 1.000000
vn -1.000000 0.000000 0.000000
vn -1.000000 0.000000 0.000000
vn 1.000000 0.000000 0.000000
vn 1.000000 0.000000 0.000000
vn -0.965926 -0.258819 0.000000
vn -0.965926 -0.258819 0.000000
vn 0.000000 0.000000 -1.000000
vn 0.000000 0.000000 1.000000
vn -0.707107 -0.707107 0.000000
vn -0.707107 -0.707107 0.000000
vn 0.000000 0.000000 -1.000000
vn 0.000000 0.000000 1.000000
vn -0.258819 -0.965926 0.000000
vn -0.258819 -0.965926 0.000000
vn 0.000000 0.000000 -1.000000
vn 0.000000 0.000000 1.000000
vn 0.258819 -0.965926 0.000000
vn 0.258819 -0.965926 0.000000
vn 0.000000 0.000000 -1.000000
vn 0.000000 0.000000 1.000000
vn 0.707107 -0.707107 0.000000
vn 0.707107 -0.707107 0.000000
vn 0.000000 0.000000 -1.000000
vn 0.000000 0.000000 1.000000
vn 0.965926 -0.258819 0.000000
vn 0.965926 -0.258819 0.000000
vn 0.000000 0.000000 -1.000000
vn 0.000000 0.000000 1.000000
vn 0.965926 0.258819 0.000000
vn 0.965926 0.258819 0.000000
vn 0.000000 0.000000 -1.000000
vn 0.000000 0.000000 1.000000
vn 0.707107 0.707107 0.000000
vn 0.707107 0.707107 0.000000
vn 0.000000 0.000000 -1.000000
vn 0.000000 0.000000 1.000000
vn 0.258819 0.965926 0.000000
vn 0.258819 0.965926 0.000000
vn 0.000000 0.000000 -1.000000
vn 0.000000 0.000000 1.000000
vn -0.258819 0.965926 0.000000
vn -0.258819 0.965926 0.000000
vn 0.000000 0.000000 -1.000000
vn 0.000000 0.000000 1.000000
vn -0.707107 0.707107 0.000000
vn -0.707107 0.707107 0.000000
vn 0.000000 0.000000 -1.000000
vn 0.000000 0.000000 1.000000
vn -0.965926 0.258819 0.000000
vn -0.965926 0.258819 0.000000
vn 0.000000 0.000000 -1.000000
vn 0.000000 0.000000 1.000000
vn -0.965926 -0.258819 0.000000
vn -0.965926 -0.258819 0.000000
vn 0.000000 0.000000 -1.000000
vn 0.000000 0.000000 1.000000
vn -0.707107 -0.707107 0.000000
vn -0.707107 -0.707107 0.000000
vn 0.000000 0.000000 -1.000000
vn 0.000000 0.000000 1.000000
vn -0.258819 -0.965926 0.000000
vn -0.258819 -0.965926 0.000000
vn 0.000000 0.000000 -1.000000
vn 0.000000 0.000000 1.000000
vn 0.258819 -0.965926 0.000000
vn 0.258819 -0.965926 0.000000
vn 0.000000 0.000000 -1.000000
vn 0.000000 0.000000 1.000000
vn 0.707107 -0.707107 0.000000
vn 0.707107 -0.707107 0.000000
vn 0.000000 0.000000 -1.000000
vn 0.000000 0.000000 1.000000
vn 0.965926 -0.258819 0.000000
vn 0.965926 -0.258819 0.000000
vn 0.000000 0.000000 -1.000000
vn 0.000000 0.000000 1.000000
vn 0.965926 0.258819 0.000000
vn 0.965926 0.258819 0.000000
vn 0.000000 0.000000 -1.000000
vn 0.000000 0.000000 1.000000
vn 0.707107 0.707107 0.000000
vn 0.707107 0.707107 0.000000
vn 0.000000 0.000000 -1.000000
vn 0.000000 0.000000 1.000000
vn 0.258819 0.965926 0.000000
vn 0.258819 0.965926 0.000000
vn 0.000000 0.000000 -1.000000
vn 0.000000 0.000000 1.000000
vn -0.258819 0.965926 0.000000
vn -0.258819 0.965926 0.000000
vn 0.000000 0.000000 -1.000000
vn 0.000000 0.000000 1.000000
vn -0.707107 0.707107 0.000000
vn -0.707107 0.707107 0.000000
vn 0.000000 0.000000 -1.000000
vn 0.000000 0.000000 1.000000
vn -0.965926 0.258819 0.000000
vn -0.965926 0.258819 0.000000
vn 0.000000 0.000000 -1.000000
vn 0.000000 0.000000 1.000000
vn 0.000000 -1.000000 0.000000
vn 0.000000 -1.000000 0.000000
vn 0.000000 1.000000 0.000000
vn 0.000000 1.000000 0.000000
vn 0.000000 0.000000 -1.000000
vn 0.000000 0.000000 -1.000000
vn 0.000000 0.000000 1.000000
vn 0.000000 0.000000 1.000000
vn -1.000000 0.000000 0.000000
vn -1.000000 0.000000 0.000000
vn 1.000000 0.000000 0.000000
vn 1.000000 0.000000 0.000000
vn 0.000000 -1.000000 0.000000
vn 0.000000 -1.000000 0.000000
vn 0.000000 1.000000 0.000000
vn 0.000000 1.000000 0.000000
vn 0.000000 0.000000 -1.000000
vn 0.000000 0.000000 -1.000000
vn 0.000000 0.000000 1.000000
vn 0.000000 0.000000 1.000000
vn -1.000000 0.000000 0.000000
vn -1.000000 0.000000 0.000000
vn 1.000000 0.000000 0.000000
vn 1.000000 0.000000 0.000000
vn 0.000000 -1.000000 0.000000
vn 0.000000 -1.000000 0.000000
vn 0.000000 1.000000 0.000000
vn 0.000000 1.000000 0.000000
vn 0.000000 0.000000 -1.000000
vn 0.000000 0.000000 -1.000000
vn 0.000000 0.000000 1.000000
vn 0.000000 0.000000 1.000000
vn -1.000000 0.000000 0.000000
vn -1.000000 0.000000 0.000000
vn 1.000000 0.000000 0.000000
vn 1.000000 0.000000 0.000000
vn 0.000000 -1.000000 0.000000
vn 0.000000 -1.000000 0.000000
vn 0.000000 1.000000 0.000000
vn 0.000000 1.000000 0.000000
vn 0.000000 0.000000 -1.000000
vn 0.000000 0.000000 -1.000000
vn 0.000000 0.000000 1.000000
vn 0.000000 0.000000 1.000000
vn -1.000000 0.000000 0.000000
vn -1.000000 0.000000 0.000000
vn 1.000000 0.000000 0.000000
vn 1.000000 0.000000 0.000000
vn 0.000000 -1.000000 0.000000
vn 0.000000 -1.000000 0.000000
vn 0.000000 1.000000 0.000000
vn 0.000000 1.000000 0.000000
vn 0.000000 0.000000 -1.000000
vn 0.000000 0.000000 -1.000000
vn 0.000000 0.000000 1.000000
vn 0.000000 0.000000 1.000000
vn -1.000000 0.000000 0.000000
vn -1.000000 0.000000 0.000000
vn 1.000000 0.000000 0.000000
vn 1.000000 0.000000 0.000000
vn 0.000000 -1.000000 0.000000
vn 0.000000 -1.000000 0.000000
vn 0.000000 1.000000 0.000000
vn 0.000000 1.000000 0.000000
vn 0.000000 0.000000 -1.000000
vn 0.000000 0.000000 -1.000000
vn 0.000000 0.000000 1.000000
vn 0.000000 0.000000 1.000000
vn -1.000000 0.000000 0.000000
vn -1.000000 0.000000 0.000000
vn 1.000000 0.000000 0.000000
vn 1.000000 0.000000 0.000000
vn 0.000000 -1.000000 0.000000
vn 0.000000 -1.000000 0.000000
vn 0.000000 1.000000 0.000000
vn 0.000000 1.000000 0.000000
vn 0.000000 0.000000 -1.000000
vn 0.000000 0.000000 -1.000000
vn 0.000000 0.000000 1.000000
vn 0.000000 0.000000 1.000000
vn -1.000000 0.000000 0.000000
vn -1.000000 0.000000 0.000000
vn 1.000000 0.000000 0.000000
vn 1.000000 0.000000 0.000000
vn 0.000000 -1.000000 0.000000
vn 0.000000 -1.000000 0.000000
vn 0.000000 1.000000 0.000000
vn 0.000000 1.000000 0.000000
vn 0.000000 0.000000 -1.000000
vn 0.000000 0.000000 -1.000000
vn 0.000000 0.000000 1.000000
vn 0.000000 0.000000 1.000000
vn -1.000000 0.000000 0.000000
vn -1.000000 0.000000 0.000000
vn 1.000000 0.000000 0.000000
vn 1.000000 0.000000 0.000000
vn 0.000000 -1.000000 0.000000
vn 0.000000 -1.000000 0.000000
vn 0.000000 1.000000 0.000000
vn 0.000000 1.000000 0.000000
vn 0.000000 0.000000 -1.000000
vn 0.000000 0.000000 -1.000000
vn 0.000000 0.000000 1.000000
vn 0.000000 0.000000 1.000000
vn -1.000000 0.000000 0.000000
vn -1.000000 0.000000 0.000000
vn 1.000000 0.000000 0.000000
vn 1.000000 0.000000 0.000000
vn 0.000000 -1.000000 0.000000
vn 0.000000 -1.000000 0.000000
vn 0.000000 1.000000 0.000000
vn 0.000000 1.000000 0.000000
vn 0.000000 0.000000 -1.000000
vn 0.000000 0.000000 -1.000000
vn 0.000000 0.000000 1.000000
vn 0.000000 0.000000 1.000000
vn -1.000000 0.000000 0.000000
vn -1.000000 0.000000 0.000000
vn 1.000000 0.000000 0.000000
vn 1.000000 0.000000 0.000000
vn 0.000000 -1.000000 0.000000
vn 0.000000 -1.000000 0.000000
vn 0.000000 1.000000 0.000000
vn 0.000000 1.000000 0.000000
vn 0.000000 0.000000 -1.000000
vn 0.000000 0.000000 -1.000000
vn 0.000000 0.000000 1.000000
vn 0.000000 0.000000 1.000000
vn -1.000000 0.000000 0.000000
vn -1.000000 0.000000 0.000000
vn 1.000000 0.000000 0.000000
vn 1.000000 0.000000 0.000000
vn 0.000000 -1.000000 0.000000
vn 0.000000 -1.000000 0.000000
vn 0.000000 1.000000 0.000000
vn 0.000000 1.000000 0.000000
vn 0.000000 0.000000 -1.000000
vn 0.000000 0.000000 -1.000000
vn 0.000000 0.000000 1.000000
vn 0.000000 0.000000 1.000000
vn -1.000000 0.000000 0.000000
vn -1.000000 0.000000 0.000000
vn 1.000000 0.000000 0.000000
vn 1.000000 0.000000 0.000000
vn -0.965926 -0.258819 0.000000
vn -0.965926 -0.258819 0.000000
vn 0.000000 0.000000 -1.000000
vn 0.000000 0.000000 1.000000
vn -0.707107 -0.707107 0.000000
vn -0.707107 -0.707107 0.000000
vn 0.000000 0.000000 -1.000000
vn 0.000000 0.000000 1.000000
vn -0.258819 -0.965926 0.000000
vn -0.258819 -0.965926 0.000000
vn 0.000000 0.000000 -1.000000
vn 0.000000 0.000000 1.000000
vn 0.258819 -0.965926 0.000000
vn 0.258819 -0.965926 0.000000
vn 0.000000 0.000000 -1.000000
vn 0.000000 0.000000 1.000000
vn 0.707107 -0.707107 0.000000
vn 0.707107 -0.707107 0.000000
vn 0.000000 0.000000 -1.000000
vn 0.000000 0.000000 1.000000
vn 0.965926 -0.258819 0.000000
vn 0.965926 -0.258819 0.000000
vn 0.000000 0.000000 -1.000000
vn 0.000000 0.000000 1.000000
vn 0.965926 0.258819 0.000000
vn 0.965926 0.258819 0.000000
vn 0.000000 0.000000 -1.000000
vn 0.000000 0.000000 1.000000
vn 0.707107 0.707107 0.000000
vn 0.707107 0.707107 0.000000
vn 0.000000 0.000000 -1.000000
vn 0.000000 0.000000 1.000000
vn 0.258819 0.965926 0.000000
vn 0.258819 0.965926 0.000000
vn 0.000000 0.000000 -1.000000
vn 0.000000 0.000000 1.000000
vn -0.258819 0.965926 0.000000
vn -0.258819 0.965926 0.000000
vn 0.000000 0.000000 -1.000000
vn 0.000000 0.000000 1.000000
vn -0.707107 0.707107 0.000000
vn -0.707107 0.707107 0.000000
vn 0.000000 0.000000 -1.000000
vn 0.000000 0.000000 1.000000
vn -0.965926 0.258819 0.000000
vn -0.965926 0.258819 0.000000
vn 0.000000 0.000000 -1.000000
vn 0.000000 0.000000 1.000000
vn 0.000000 -1.000000 0.000000
vn 0.000000 -1.000000 0.000000
vn 0.000000 1.000000 0.000000
vn 0.000000 1.000000 0.000000
vn 0.000000 0.000000 -1.000000
vn 0.000000 0.000000 -1.000000
vn 0.000000 0.000000 1.000000
vn 0.000000 0.000000 1.000000
vn -1.000000 0.000000 0.000000
vn -1.000000 0.000000 0.000000
vn 1.000000 0.000000 0.000000
vn 1.000000 0.000000 0.000000
vn -0.965926 -0.258819 0.000000
vn -0.965926 -0.258819 0.000000
vn 0.000000 0.000000 -1.000000
vn 0.000000 0.000000 1.000000
vn -0.707107 -0.707107 0.000000
vn -0.707107 -0.707107 0.000000
vn 0.000000 0.000000 -1.000000
vn 0.000000 0.000000 1.000000
vn -0.258819 -0.965926 0.000000
vn -0.258819 -0.965926 0.000000
vn 0.000000 0.000000 -1.000000
vn 0.000000 0.000000 1.000000
vn 0.258819 -0.965926 0.000000
vn 0.258819 -0.965926 0.000000
vn 0.000000 0.000000 -1.000000
vn 0.000000 0.000000 1.000000
vn 0.707107 -0.707107 0.000000
vn 0.707107 -0.707107 0.000000
vn 0.000000 0.000000 -1.000000
vn 0.000000 0.000000 1.000000
vn 0.965926 -0.258819 0.000000
vn 0.965926 -0.258819 0.000000
vn 0.000000 0.000000 -1.000000
vn 0.000000 0.000000 1.000000
vn 0.965926 0.258819 0.000000
vn 0.965926 0.258819 0.000000
vn 0.000000 0.000000 -1.000000
vn 0.000000 0.000000 1.000000
vn 0.707107 0.707107 0.000000
vn 0.707107 0.707107 0.000000
vn 0.000000 0.000000 -1.000000
vn 0.000000 0.000000 1.000000
vn 0.258819 0.965926 0.000000
vn 0.258819 0.965926 0.000000
vn 0.000000 0.000000 -1.000000
vn 0.000000 0.000000 1.000000
vn -0.258819 0.965926 0.000000
vn -0.258819 0.965926 0.000000
vn 0.000000 0.000000 -1.000000
vn 0.000000 0.000000 1.000000
vn -0.707107 0.707107 0.000000
vn -0.707107 0.707107 0.000000
vn 0.000000 0.000000 -1.000000
vn 0.000000 0.000000 1.000000
vn -0.965926 0.258819 0.000000
vn -0.965926 0.258819 0.000000
vn 0.000000 0.000000 -1.000000
vn 0.000000 0.000000 1.000000
vn 0.000000 -1.000000 0.000000
vn 0.000000 -1.000000 0.000000
vn 0.000000 1.000000 0.000000
vn 0.000000 1.000000 0.000000
vn 0.000000 0.000000 -1.000000
vn 0.000000 0.000000 -1.000000
vn 0.000000 0.000000 1.000000
vn 0.000000 0.000000 1.000000
vn -1.000000 0.000000 0.000000
vn -1.000000 0.000000 0.000000
vn 1.000000 0.000000 0.000000
vn 1.000000 0.000000 0.000000
vn 0.000000 -1.000000 0.000000
vn 0.000000 -1.000000 0.000000
vn 0.000000 1.000000 0.000000
vn 0.000000 1.000000 0.000000
vn 0.000000 0.000000 -1.000000
vn 0.000000 0.000000 -1.000000
vn 0.000000 0.000000 1.000000
vn 0.000000 0.000000 1.000000
vn -1.000000 0.000000 0.000000
vn -1.000000 0.000000 0.000000
vn 1.000000 0.000000 0.000000
vn 1.000000 0.000000 0.000000
vn 0.000000 -0.998201 -0.059964
vn 0.000000 -0.998201 -0.059964
vn 0.000000 0.998201 0.059964
vn 0.000000 0.998201 0.059964
vn 0.000000 0.059964 -0.998201
vn 0.000000 0.059964 -0.998201
vn 0.000000 -0.059964 0.998201
vn 0.000000 -0.059964 0.998201
vn -1.000000 0.000000 0.000000
vn -1.000000 0.000000 0.000000
vn 1.000000 0.000000 0.000000
vn 1.000000 0.000000 0.000000
vn 0.000000 -0.983844 0.179030
vn 0.000000 -0.983844 0.179030
vn 0.000000 0.983844 -0.179030
vn 0.000000 0.983844 -0.179030
vn 0.000000 -0.179030 -0.983844
vn 0.000000 -0.179030 -0.983844
vn 0.000000 0.179030 0.983844
vn 0.000000 0.179030 0.983844
vn -1.000000 0.000000 0.000000
vn -1.000000 0.000000 0.000000
vn 1.000000 0.000000 0.000000
vn 1.000000 0.000000 0.000000
vn 0.000000 -0.992809 0.119712
vn 0.000000 -0.992809 0.119712
vn 0.000000 0.992809 -0.119712
vn 0.000000 0.992809 -0.119712
vn 0.000000 -0.119712 -0.992809
vn 0.000000 -0.119712 -0.992809
vn 0.000000 0.119712 0.992809
vn 0.000000 0.119712 0.992809
vn -1.000000 0.000000 0.000000
vn -1.000000 0.000000 0.000000
vn 1.000000 0.000000 0.000000
vn 1.000000 0.000000 0.000000
vn -0.965926 -0.133723 0.221598
vn -0.965926 -0.133723 0.221598
vn 0.000000 -0.856188 -0.516665
vn 0.000000 0.856188 0.516665
vn -0.707107 -0.365337 0.605416
vn -0.707107 -0.365337 0.605416
vn -0.000000 -0.856188 -0.516665
vn 0.000000 0.856188 0.516665
vn -0.258819 -0.499060 0.827014
vn -0.258819 -0.499060 0.827014
vn -0.000000 -0.856188 -0.516665
vn 0.000000 0.856188 0.516665
vn 0.258819 -0.499060 0.827014
vn 0.258819 -0.499060 0.827014
vn 0.000000 -0.856188 -0.516665
vn -0.000000 0.856188 0.516665
vn 0.707107 -0.365337 0.605416
vn 0.707107 -0.365337 0.605416
vn 0.000000 -0.856188 -0.516665
vn -0.000000 0.856188 0.516665
vn 0.965926 -0.133723 0.221598
vn 0.965926 -0.133723 0.221598
vn 0.000000 -0.856188 -0.516665
vn 0.000000 0.856188 0.516665
vn 0.965926 0.133723 -0.221598
vn 0.965926 0.133723 -0.221598
vn 0.000000 -0.856188 -0.516665
vn 0.000000 0.856188 0.516665
vn 0.707107 0.365337 -0.605416
vn 0.707107 0.365337 -0.605416
vn -0.000000 -0.856188 -0.516665
vn 0.000000 0.856188 0.516665
vn 0.258819 0.499060 -0.827014
vn 0.258819 0.499060 -0.827014
vn -0.000000 -0.856188 -0.516665
vn 0.000000 0.856188 0.516665
vn -0.258819 0.499060 -0.827014
vn -0.258819 0.499060 -0.827014
vn 0.000000 -0.856188 -0.516665
vn -0.000000 0.856188 0.516665
vn -0.707107 0.365337 -0.605416
vn -0.707107 0.365337 -0.605416
vn 0.000000 -0.856188 -0.516665
vn -0.000000 0.856188 0.516665
vn -0.965926 0.133723 -0.221598
vn -0.965926 0.133723 -0.221598
vn 0.000000 -0.856188 -0.516665
vn 0.000000 0.856188 0.516665
vn -0.069943 -0.997551 0.000000
vn -0.069943 -0.997551 0.000000
vn 0.069943 0.997551 0.000000
vn 0.069943 0.997551 0.000000
vn 0.000000 0.000000 -1.000000
vn 0.000000 0.000000 -1.000000
vn 0.000000 0.000000 1.000000
vn 0.000000 0.000000 1.000000
vn -0.997551 0.069943 0.000000
vn -0.997551 0.069943 0.000000
vn 0.997551 -0.069943 0.000000
vn 0.997551 -0.069943 0.000000
vn -0.258819 0.000000 -0.965926
vn -0.258819 0.000000 -0.965926
vn 0.000000 -1.000000 0.000000
vn 0.000000 1.000000 0.000000
vn -0.707107 0.000000 -0.707107
vn -0.707107 0.000000 -0.707107
vn 0.000000 -1.000000 0.000000
vn 0.000000 1.000000 0.000000
vn -0.965926 0.000000 -0.258819
vn -0.965926 0.000000 -0.258819
vn 0.000000 -1.000000 0.000000
vn 0.000000 1.000000 0.000000
vn -0.965926 0.000000 0.258819
vn -0.965926 0.000000 0.258819
vn 0.000000 -1.000000 0.000000
vn 0.000000 1.000000 0.000000
vn -0.707107 0.000000 0.707107
vn -0.707107 0.000000 0.707107
vn 0.000000 -1.000000 0.000000
vn 0.000000 1.000000 0.000000
vn -0.258819 0.000000 0.965926
vn -0.258819 0.000000 0.965926
vn 0.000000 -1.000000 0.000000
vn 0.000000 1.000000 0.000000
vn 0.258819 0.000000 0.965926
vn 0.258819 0.000000 0.965926
vn 0.000000 -1.000000 0.000000
vn 0.000000 1.000000 0.000000
vn 0.707107 0.000000 0.707107
vn 0.707107 0.000000 0.707107
vn 0.000000 -1.000000 0.000000
vn 0.000000 1.000000 0.000000
vn 0.965926 0.000000 0.258819
vn 0.965926 0.000000 0.258819
vn 0.000000 -1.000000 0.000000
vn 0.000000 1.000000 0.000000
vn 0.965926 0.000000 -0.258819
vn 0.965926 0.000000 -0.258819
vn 0.000000 -1.000000 0.000000
vn 0.000000 1.000000 0.000000
vn 0.707107 0.000000 -0.707107
vn 0.707107 0.000000 -0.707107
vn 0.000000 -1.000000 0.000000
vn 0.000000 1.000000 0.000000
vn 0.258819 0.000000 -0.965926
vn 0.258819 0.000000 -0.965926
vn 0.000000 -1.000000 0.000000
vn 0.000000 1.000000 0.000000
vn 0.000000 -1.000000 0.000000
vn 0.000000 -1.000000 0.000000
vn 0.000000 1.000000 0.000000
vn 0.000000 1.000000 0.000000
vn 0.000000 0.000000 -1.000000
vn 0.000000 0.000000 -1.000000
vn 0.000000 0.000000 1.000000
vn 0.000000 0.000000 1.000000
vn -1.000000 0.000000 0.000000
vn -1.000000 0.000000 0.000000
vn 1.000000 0.000000 0.000000
vn 1.000000 0.000000 0.000000
vn -0.965926 -0.133723 0.221598
vn -0.965926 -0.133723 0.221598
vn 0.000000 -0.856188 -0.516665
vn 0.000000 0.856188 0.516665
vn -0.707107 -0.365337 0.605416
vn -0.707107 -0.365337 0.605416
vn -0.000000 -0.856188 -0.516665
vn 0.000000 0.856188 0.516665
vn -0.258819 -0.499060 0.827014
vn -0.258819 -0.499060 0.827014
vn -0.000000 -0.856188 -0.516665
vn 0.000000 0.856188 0.516665
vn 0.258819 -0.499060 0.827014
vn 0.258819 -0.499060 0.827014
vn 0.000000 -0.856188 -0.516665
vn -0.000000 0.856188 0.516665
vn 0.707107 -0.365337 0.605416
vn 0.707107 -0.365337 0.605416
vn 0.000000 -0.856188 -0.516665
vn -0.000000 0.856188 0.516665
vn 0.965926 -0.133723 0.221598
vn 0.965926 -0.133723 0.221598
vn 0.000000 -0.856188 -0.516665
vn 0.000000 0.856188 0.516665
vn 0.965926 0.133723 -0.221598
vn 0.965926 0.133723 -0.221598
vn 0.000000 -0.856188 -0.516665
vn 0.000000 0.856188 0.516665
vn 0.707107 0.365337 -0.605416
vn 0.707107 0.365337 -0.605416
vn -0.000000 -0.856188 -0.516665
vn 0.000000 0.856188 0.516665
vn 0.258819 0.499060 -0.827014
vn 0.258819 0.499060 -0.827014
vn -0.000000 -0.856188 -0.516665
vn 0.000000 0.856188 0.516665
vn -0.258819 0.499060 -0.827014
vn -0.258819 0.499060 -0.827014
vn 0.000000 -0.856188 -0.516665
vn -0.000000 0.856188 0.516665
vn -0.707107 0.365337 -0.605416
vn -0.707107 0.365337 -0.605416
vn 0.000000 -0.856188 -0.516665
vn -0.000000 0.856188 0.516665
vn -0.965926 0.133723 -0.221598
vn -0.965926 0.133723 -0.221598
vn 0.000000 -0.856188 -0.516665
vn 0.000000 0.856188 0.516665
vn 0.069943 -0.997551 0.000000
vn 0.069943 -0.997551 0.000000
vn -0.069943 0.997551 0.000000
vn -0.069943 0.997551 0.000000
vn 0.000000 0.000000 -1.000000
vn 0.000000 0.000000 -1.000000
vn 0.000000 0.000000 1.000000
vn 0.000000 0.000000 1.000000
vn -0.997551 -0.069943 0.000000
vn -0.997551 -0.069943 0.000000
vn 0.997551 0.069943 0.000000
vn 0.997551 0.069943 0.000000
vn -0.258819 0.000000 -0.965926
vn -0.258819 0.000000 -0.965926
vn 0.000000 -1.000000 0.000000
vn 0.000000 1.000000 0.000000
vn -0.707107 0.000000 -0.707107
vn -0.707107 0.000000 -0.707107
vn 0.000000 -1.000000 0.000000
vn 0.000000 1.000000 0.000000
vn -0.965926 0.000000 -0.258819
vn -0.965926 0.000000 -0.258819
vn 0.000000 -1.000000 0.000000
vn 0.000000 1.000000 0.000000
vn -0.965926 0.000000 0.258819
vn -0.965926 0.000000 0.258819
vn 0.000000 -1.000000 0.000000
vn 0.000000 1.000000 0.000000
vn -0.707107 0.000000 0.707107
vn -0.707107 0.000000 0.707107
vn 0.000000 -1.000000 0.000000
vn 0.000000 1.000000 0.000000
vn -0.258819 0.000000 0.965926
vn -0.258819 0.000000 0.965926
vn 0.000000 -1.000000 0.000000
vn 0.000000 1.000000 0.000000
vn 0.258819 0.000000 0.965926
vn 0.258819 0.000000 0.965926
vn 0.000000 -1.000000 0.000000
vn 0.000000 1.000000 0.000000
vn 0.707107 0.000000 0.707107
vn 0.707107 0.000000 0.707107
vn 0.000000 -1.000000 0.000000
vn 0.000000 1.000000 0.000000
vn 0.965926 0.000000 0.258819
vn 0.965926 0.000000 0.258819
vn 0.000000 -1.000000 0.000000
vn 0.000000 1.000000 0.000000
vn 0.965926 0.000000 -0.258819
vn 0.965926 0.000000 -0.258819
vn 0.000000 -1.000000 0.000000
vn 0.000000 1.000000 0.000000
vn 0.707107 0.000000 -0.707107
vn 0.707107 0.000000 -0.707107
vn 0.000000 -1.000000 0.000000
vn 0.000000 1.000000 0.000000
vn 0.258819 0.000000 -0.965926
vn 0.258819 0.000000 -0.965926
vn 0.000000 -1.000000 0.000000
vn 0.000000 1.000000 0.000000
vn 0.000000 -1.000000 0.000000
vn 0.000000 -1.000000 0.000000
vn 0.000000 1.000000 0.000000
vn 0.000000 1.000000 0.000000
vn 0.000000 0.000000 -1.000000
vn 0.000000 0.000000 -1.000000
vn 0.000000 0.000000 1.000000
vn 0.000000 0.000000 1.000000
vn -1.000000 0.000000 0.000000
vn -1.000000 0.000000 0.000000
vn 1.000000 0.000000 0.000000
vn 1.000000 0.000000 0.000000
vn 0.000000 -1.000000 0.000000
vn 0.000000 -1.000000 0.000000
vn 0.000000 1.000000 0.000000
vn 0.000000 1.000000 0.000000
vn 0.000000 0.141421 -0.989949
vn 0.000000 0.141421 -0.989949
vn 0.000000 0.161132 0.986933
vn 0.000000 0.161132 0.986933
vn -0.956200 0.292714 0.000000
vn -0.979905 0.192535 0.052123
vn 0.979905 0.192535 0.052123
vn 0.956200 0.292714 0.000000
vn 0.000000 -1.000000 0.000000
vn 0.000000 -1.000000 0.000000
vn 0.000000 1.000000 0.000000
vn 0.000000 1.000000 0.000000
vn 0.000000 0.230716 -0.973021
vn 0.000000 0.230716 -0.973021
vn 0.000000 0.230716 0.973021
vn 0.000000 0.230716 0.973021
vn -0.984045 0.175018 -0.032001
vn -0.994575 0.090283 0.051666
vn 0.994575 0.090283 0.051666
vn 0.984045 0.175018 -0.032001
vn 0.000000 -0.939373 0.342898
vn 0.000000 -0.939373 0.342898
vn 0.000000 0.939373 -0.342898
vn 0.000000 0.939373 -0.342898
vn 0.000000 -0.342898 -0.939373
vn 0.000000 -0.342898 -0.939373
vn 0.000000 0.342898 0.939373
vn 0.000000 0.342898 0.939373
vn -1.000000 0.000000 0.000000
vn -1.000000 0.000000 0.000000
vn 1.000000 0.000000 0.000000
vn 1.000000 0.000000 0.000000
vn 0.000000 -0.939373 0.342898
vn 0.000000 -0.939373 0.342898
vn 0.000000 0.939373 -0.342898
vn 0.000000 0.939373 -0.342898
vn 0.000000 -0.342898 -0.939373
vn 0.000000 -0.342898 -0.939373
vn 0.000000 0.342898 0.939373
vn 0.000000 0.342898 0.939373
vn -1.000000 0.000000 0.000000
vn -1.000000 0.000000 0.000000
vn 1.000000 0.000000 0.000000
vn 1.000000 0.000000 0.000000
vn 0.000000 -1.000000 0.000000
vn 0.000000 -1.000000 0.000000
vn 0.000000 1.000000 0.000000
vn 0.000000 1.000000 0.000000
vn 0.000000 0.000000 -1.000000
vn 0.000000 0.000000 -1.000000
vn 0.000000 0.000000 1.000000
vn 0.000000 0.000000 1.000000
vn -1.000000 0.000000 0.000000
vn -1.000000 0.000000 0.000000
vn 1.000000 0.000000 0.000000
vn 1.000000 0.000000 0.000000
vn 0.000000 -1.000000 0.000000
vn 0.000000 -1.000000 0.000000
vn 0.000000 1.000000 0.000000
vn 0.000000 1.000000 0.000000
vn 0.000000 0.000000 -1.000000
vn 0.000000 0.000000 -1.000000
vn 0.000000 0.000000 1.000000
vn 0.000000 0.000000 1.000000
vn -1.000000 0.000000 0.000000
vn -1.000000 0.000000 0.000000
vn 1.000000 0.000000 0.000000
vn 1.000000 0.000000 0.000000
vn 0.000000 -1.000000 0.000000
vn 0.000000 -1.000000 0.000000
vn 0.000000 1.000000 0.000000
vn 0.000000 1.000000 0.000000
vn 0.000000 0.000000 -1.000000
vn 0.000000 0.000000 -1.000000
vn 0.000000 0.000000 1.000000
vn 0.000000 0.000000 1.000000
vn -1.000000 0.000000 0.000000
vn -1.000000 0.000000 0.000000
vn 1.000000 0.000000 0.000000
vn 1.000000 0.000000 0.000000
vn 0.000000 -1.000000 0.000000
vn 0.000000 -1.000000 0.000000
vn 0.000000 1.000000 0.000000
vn 0.000000 1.000000 0.000000
vn 0.000000 0.000000 -1.000000
vn 0.000000 0.000000 -1.000000
vn 0.000000 0.000000 1.000000
vn 0.000000 0.000000 1.000000
vn -1.000000 0.000000 0.000000
vn -1.000000 0.000000 0.000000
vn 1.000000 0.000000 0.000000
vn 1.000000 0.000000 0.000000
vn 0.000000 -1.000000 0.000000
vn 0.000000 -1.000000 0.000000
vn 0.000000 1.000000 0.000000
vn 0.000000 1.000000 0.000000
vn 0.000000 0.000000 -1.000000
vn 0.000000 0.000000 -1.000000
vn 0.000000 0.000000 1.000000
vn 0.000000 0.000000 1.000000
vn -1.000000 0.000000 0.000000
vn -1.000000 0.000000 0.000000
vn 1.000000 0.000000 0.000000
vn 1.000000 0.000000 0.000000
vn 0.000000 -1.000000 0.000000
vn 0.000000 -1.000000 0.000000
vn 0.000000 1.000000 0.000000
vn 0.000000 1.000000 0.000000
vn 0.000000 0.000000 -1.000000
vn 0.000000 0.000000 -1.000000
vn 0.000000 0.000000 1.000000
vn 0.000000 0.000000 1.000000
vn -1.000000 0.000000 0.000000
vn -1.000000 0.000000 0.000000
vn 1.000000 0.000000 0.000000
vn 1.000000 0.000000 0.000000
vn 0.000000 -1.000000 0.000000
vn 0.000000 -1.000000 0.000000
vn 0.000000 1.000000 0.000000
vn 0.000000 1.000000 0.000000
vn 0.000000 0.000000 -1.000000
vn 0.000000 0.000000 -1.000000
vn 0.000000 0.000000 1.000000
vn 0.000000 0.000000 1.000000
vn -1.000000 0.000000 0.000000
vn -1.000000 0.000000 0.000000
vn 1.000000 0.000000 0.000000
vn 1.000000 0.000000 0.000000
vn 0.000000 -1.000000 0.000000
vn 0.000000 -1.000000 0.000000
vn 0.000000 1.000000 0.000000
vn 0.000000 1.000000 0.000000
vn 0.000000 0.000000 -1.000000
vn 0.000000 0.000000 -1.000000
vn 0.000000 0.000000 1.000000
vn 0.000000 0.000000 1.000000
vn -1.000000 0.000000 0.000000
vn -1.000000 0.000000 0.000000
vn 1.000000 0.000000 0.000000
vn 1.000000 0.000000 0.000000
vn -0.104807 -0.994493 0.000000
vn -0.104807 -0.994493 0.000000
vn 0.104807 0.994493 0.000000
vn 0.104807 0.994493 0.000000
vn 0.000000 0.000000 -1.000000
vn 0.000000 0.000000 -1.000000
vn 0.000000 0.000000 1.000000
vn 0.000000 0.000000 1.000000
vn -0.994493 0.104807 0.000000
vn -0.994493 0.104807 0.000000
vn 0.994493 -0.104807 0.000000
vn 0.994493 -0.104807 0.000000
vn -0.103114 -0.978425 -0.179030
vn -0.103114 -0.978425 -0.179030
vn 0.103114 0.978425 0.179030
vn 0.103114 0.978425 0.179030
vn 0.018764 0.178044 -0.983844
vn 0.018764 0.178044 -0.983844
vn -0.018764 -0.178044 0.983844
vn -0.018764 -0.178044 0.983844
vn -0.994493 0.104807 0.000000
vn -0.994493 0.104807 0.000000
vn 0.994493 -0.104807 -0.000000
vn 0.994493 -0.104807 -0.000000
vn -0.099811 -0.947089 0.305059
vn -0.099811 -0.947089 0.305059
vn 0.099811 0.947089 -0.305059
vn 0.099811 0.947089 -0.305059
vn -0.031972 -0.303379 -0.952334
vn -0.031972 -0.303379 -0.952334
vn 0.031972 0.303379 0.952334
vn 0.031972 0.303379 0.952334
vn -0.994493 0.104807 -0.000000
vn -0.994493 0.104807 0.000000
vn 0.994493 -0.104807 0.000000
vn 0.994493 -0.104807 -0.000000
vn -0.099811 -0.947089 0.305059
vn -0.099811 -0.947089 0.305059
vn 0.099811 0.947089 -0.305059
vn 0.099811 0.947089 -0.305059
vn -0.031972 -0.303379 -0.952334
vn -0.031972 -0.303379 -0.952334
vn 0.031972 0.303379 0.952334
vn 0.031972 0.303379 0.952334
vn -0.994493 0.104807 -0.000000
vn -0.994493 0.104807 -0.000000
vn 0.994493 -0.104807 0.000000
vn 0.994493 -0.104807 0.000000
vn 0.000000 -1.000000 0.000000
vn 0.000000 -1.000000 0.000000
vn 0.000000 1.000000 0.000000
vn 0.000000 1.000000 0.000000
vn 0.000000 0.000000 -1.000000
vn 0.000000 0.000000 -1.000000
vn 0.000000 0.000000 1.000000
vn 0.000000 0.000000 1.000000
vn -1.000000 0.000000 0.000000
vn -1.000000 0.000000 0.000000
vn 1.000000 0.000000 0.000000
vn 1.000000 0.000000 0.000000
vn 0.000000 -1.000000 0.000000
vn 0.000000 -1.000000 0.000000
vn 0.000000 1.000000 0.000000
vn 0.000000 1.000000 0.000000
vn 0.000000 0.000000 -1.000000
vn 0.000000 0.000000 -1.000000
vn 0.000000 0.000000 1.000000
vn 0.000000 0.000000 1.000000
vn -1.000000 0.000000 0.000000
vn -1.000000 0.000000 0.000000
vn 1.000000 0.000000 0.000000
vn 1.000000 0.000000 0.000000
vn 0.000000 -1.000000 0.000000
vn 0.000000 -1.000000 0.000000
vn 0.000000 1.000000 0.000000
vn 0.000000 1.000000 0.000000
vn 0.000000 0.000000 -1.000000
vn 0.000000 0.000000 -1.000000
vn 0.000000 0.000000 1.000000
vn 0.000000 0.000000 1.000000
vn -1.000000 0.000000 0.000000
vn -1.000000 0.000000 0.000000
vn 1.000000 0.000000 0.000000
vn 1.000000 0.000000 0.000000
vn 0.000000 -1.000000 0.000000
vn 0.000000 -1.000000 0.000000
vn 0.000000 1.000000 0.000000
vn 0.000000 1.000000 0.000000
vn 0.000000 0.000000 -1.000000
vn 0.000000 0.000000 -1.000000
vn 0.000000 0.000000 1.000000
vn 0.000000 0.000000 1.000000
vn -1.000000 0.000000 0.000000
vn -1.000000 0.000000 0.000000
vn 1.000000 0.000000 0.000000
vn 1.000000 0.000000 0.000000
vn 0.000000 -1.000000 0.000000
vn 0.000000 -1.000000 0.000000
vn 0.000000 1.000000 0.000000
vn 0.000000 1.000000 0.000000
vn 0.000000 0.000000 -1.000000
vn 0.000000 0.000000 -1.000000
vn 0.000000 0.000000 1.000000
vn 0.000000 0.000000 1.000000
vn -1.000000 0.000000 0.000000
vn -1.000000 0.000000 0.000000
vn 1.000000 0.000000 0.000000
vn 1.000000 0.000000 0.000000
vn 0.000000 -1.000000 0.000000
vn 0.000000 -1.000000 0.000000
vn 0.000000 1.000000 0.000000
vn 0.000000 1.000000 0.000000
vn 0.000000 0.000000 -1.000000
vn 0.000000 0.000000 -1.000000
vn 0.000000 0.000000 1.000000
vn 0.000000 0.000000 1.000000
vn -1.000000 0.000000 0.000000
vn -1.000000 0.000000 0.000000
vn 1.000000 0.000000 0.000000
vn 1.000000 0.000000 0.000000
vn 0.000000 -1.000000 0.000000
vn 0.000000 -1.000000 0.000000
vn 0.000000 1.000000 0.000000
vn 0.000000 1.000000 0.000000
vn 0.000000 0.000000 -1.000000
vn 0.000000 0.000000 -1.000000
vn 0.000000 0.000000 1.000000
vn 0.000000 0.000000 1.000000
vn -1.000000 0.000000 0.000000
vn -1.000000 0.000000 0.000000
vn 1.000000 0.000000 0.000000
vn 1.000000 0.000000 0.000000
vn 0.000000 -1.000000 0.000000
vn 0.000000 -1.000000 0.000000
vn 0.000000 1.000000 0.000000
vn 0.000000 1.000000 0.000000
vn 0.000000 0.000000 -1.000000
vn 0.000000 0.000000 -1.000000
vn 0.000000 0.000000 1.000000
vn 0.000000 0.000000 1.000000
vn -1.000000 0.000000 0.000000
vn -1.000000 0.000000 0.000000
vn 1.000000 0.000000 0.000000
vn 1.000000 0.000000 0.000000
vn 0.000000 -1.000000 0.000000
vn 0.000000 -1.000000 0.000000
vn 0.000000 1.000000 0.000000
vn 0.000000 1.000000 0.000000
vn 0.000000 0.000000 -1.000000
vn 0.000000 0.000000 -1.000000
vn 0.000000 0.000000 1.000000
vn 0.000000 0.000000 1.000000
vn -1.000000 0.000000 0.000000
vn -1.000000 0.000000 0.000000
vn 1.000000 0.000000 0.000000
vn 1.000000 0.000000 0.000000
vn 0.000000 -1.000000 0.000000
vn 0.000000 -1.000000 0.000000
vn 0.000000 1.000000 0.000000
vn 0.000000 1.000000 0.000000
vn 0.000000 0.000000 -1.000000
vn 0.000000 0.000000 -1.000000
vn 0.000000 0.000000 1.000000
vn 0.000000 0.000000 1.000000
vn -1.000000 0.000000 0.000000
vn -1.000000 0.000000 0.000000
vn 1.000000 0.000000 0.000000
vn 1.000000 0.000000 0.000000
vn 0.000000 -1.000000 0.000000
vn 0.000000 -1.000000 0.000000
vn 0.000000 1.000000 0.000000
vn 0.000000 1.000000 0.000000
vn 0.000000 0.000000 -1.000000
vn 0.000000 0.000000 -1.000000
vn 0.000000 0.000000 1.000000
vn 0.000000 0.000000 1.000000
vn -1.000000 0.000000 0.000000
vn -1.000000 0.000000 0.000000
vn 1.000000 0.000000 0.000000
vn 1.000000 0.000000 0.000000
vn 0.000000 -1.000000 0.000000
vn 0.000000 -1.000000 0.000000
vn 0.000000 1.000000 0.000000
vn 0.000000 1.000000 0.000000
vn 0.000000 0.000000 -1.000000
vn 0.000000 0.000000 -1.000000
vn 0.000000 0.000000 1.000000
vn 0.000000 0.000000 1.000000
vn -1.000000 0.000000 0.000000
vn -1.000000 0.000000 0.000000
vn 1.000000 0.000000 0.000000
vn 1.000000 0.000000 0.000000
vn -0.955740 -0.292291 0.033570
vn -0.955740 -0.292291 0.033570
vn 0.066109 -0.324537 -0.943560
vn -0.066109 0.324537 0.943560
vn -0.604698 -0.765227 0.220832
vn -0.604698 -0.765227 0.220832
vn 0.066109 -0.324537 -0.943560
vn -0.066109 0.324537 0.943560
vn -0.022683 -0.945873 0.323743
vn -0.022683 -0.945873 0.323743
vn 0.066109 -0.324537 -0.943560
vn -0.066109 0.324537 0.943560
vn 0.567997 -0.765227 0.302995
vn 0.567997 -0.765227 0.302995
vn 0.066109 -0.324537 -0.943560
vn -0.066109 0.324537 0.943560
vn 0.941721 -0.292291 0.166514
vn 0.941721 -0.292291 0.166514
vn 0.066109 -0.324537 -0.943560
vn -0.066109 0.324537 0.943560
vn 0.955740 0.292291 -0.033570
vn 0.955740 0.292291 -0.033570
vn 0.066109 -0.324537 -0.943560
vn -0.066109 0.324537 0.943560
vn 0.604698 0.765227 -0.220832
vn 0.604698 0.765227 -0.220832
vn 0.066109 -0.324537 -0.943560
vn -0.066109 0.324537 0.943560
vn 0.022683 0.945873 -0.323743
vn 0.022683 0.945873 -0.323743
vn 0.066109 -0.324537 -0.943560
vn -0.066109 0.324537 0.943560
vn -0.567997 0.765227 -0.302995
vn -0.567997 0.765227 -0.302995
vn 0.066109 -0.324537 -0.943560
vn -0.066109 0.324537 0.943560
vn -0.941721 0.292291 -0.166514
vn -0.941721 0.292291 -0.166514
vn 0.066109 -0.324537 -0.943560
vn -0.066109 0.324537 0.943560
vn 0.104807 -0.994493 0.000000
vn 0.104807 -0.994493 0.000000
vn -0.104807 0.994493 0.000000
vn -0.104807 0.994493 0.000000
vn 0.000000 0.000000 -1.000000
vn 0.000000 0.000000 -1.000000
vn 0.000000 0.000000 1.000000
vn 0.000000 0.000000 1.000000
vn -0.994493 -0.104807 0.000000
vn -0.994493 -0.104807 0.000000
vn 0.994493 0.104807 0.000000
vn 0.994493 0.104807 0.000000
vn 0.103114 -0.978425 -0.179030
vn 0.103114 -0.978425 -0.179030
vn -0.103114 0.978425 0.179030
vn -0.103114 0.978425 0.179030
vn -0.018764 0.178044 -0.983844
vn -0.018764 0.178044 -0.983844
vn 0.018764 -0.178044 0.983844
vn 0.018764 -0.178044 0.983844
vn -0.994493 -0.104807 -0.000000
vn -0.994493 -0.104807 -0.000000
vn 0.994493 0.104807 0.000000
vn 0.994493 0.104807 0.000000
vn 0.099811 -0.947089 0.305059
vn 0.099811 -0.947089 0.305059
vn -0.099811 0.947089 -0.305059
vn -0.099811 0.947089 -0.305059
vn 0.031972 -0.303379 -0.952334
vn 0.031972 -0.303379 -0.952334
vn -0.031972 0.303379 0.952334
vn -0.031972 0.303379 0.952334
vn -0.994493 -0.104807 -0.000000
vn -0.994493 -0.104807 0.000000
vn 0.994493 0.104807 0.000000
vn 0.994493 0.104807 -0.000000
vn 0.099811 -0.947089 0.305059
vn 0.099811 -0.947089 0.305059
vn -0.099811 0.947089 -0.305059
vn -0.099811 0.947089 -0.305059
vn 0.031972 -0.303379 -0.952334
vn 0.031972 -0.303379 -0.952334
vn -0.031972 0.303379 0.952334
vn -0.031972 0.303379 0.952334
vn -0.994493 -0.104807 0.000000
vn -0.994493 -0.104807 0.000000
vn 0.994493 0.104807 -0.000000
vn 0.994493 0.104807 -0.000000
vn 0.000000 -1.000000 0.000000
vn 0.000000 -1.000000 0.000000
vn 0.000000 1.000000 0.000000
vn 0.000000 1.000000 0.000000
vn 0.000000 0.000000 -1.000000
vn 0.000000 0.000000 -1.000000
vn 0.000000 0.000000 1.000000
vn 0.000000 0.000000 1.000000
vn -1.000000 0.000000 0.000000
vn -1.000000 0.000000 0.000000
vn 1.000000 0.000000 0.000000
vn 1.000000 0.000000 0.000000
vn 0.000000 -1.000000 0.000000
vn 0.000000 -1.000000 0.000000
vn 0.000000 1.000000 0.000000
vn 0.000000 1.000000 0.000000
vn 0.000000 0.000000 -1.000000
vn 0.000000 0.000000 -1.000000
vn 0.000000 0.000000 1.000000
vn 0.000000 0.000000 1.000000
vn -1.000000 0.000000 0.000000
vn -1.000000 0.000000 0.000000
vn 1.000000 0.000000 0.000000
vn 1.000000 0.000000 0.000000
vn 0.000000 -1.000000 0.000000
vn 0.000000 -1.000000 0.000000
vn 0.000000 1.000000 0.000000
vn 0.000000 1.000000 0.000000
vn 0.000000 0.000000 -1.000000
vn 0.000000 0.000000 -1.000000
vn 0.000000 0.000000 1.000000
vn 0.000000 0.000000 1.000000
vn -1.000000 0.000000 0.000000
vn -1.000000 0.000000 0.000000
vn 1.000000 0.000000 0.000000
vn 1.000000 0.000000 0.000000
vn 0.000000 -1.000000 0.000000
vn 0.000000 -1.000000 0.000000
vn 0.000000 1.000000 0.000000
vn 0.000000 1.000000 0.000000
vn 0.000000 0.000000 -1.000000
vn 0.000000 0.000000 -1.000000
vn 0.000000 0.000000 1.000000
vn 0.000000 0.000000 1.000000
vn -1.000000 0.000000 0.000000
vn -1.000000 0.000000 0.000000
vn 1.000000 0.000000 0.000000
vn 1.000000 0.000000 0.000000
vn 0.000000 -1.000000 0.000000
vn 0.000000 -1.000000 0.000000
vn 0.000000 1.000000 0.000000
vn 0.000000 1.000000 0.000000
vn 0.000000 0.000000 -1.000000
vn 0.000000 0.000000 -1.000000
vn 0.000000 0.000000 1.000000
vn 0.000000 0.000000 1.000000
vn -1.000000 0.000000 0.000000
vn -1.000000 0.000000 0.000000
vn 1.000000 0.000000 0.000000
vn 1.000000 0.000000 0.000000
vn 0.000000 -1.000000 0.000000
vn 0.000000 -1.000000 0.000000
vn 0.000000 1.000000 0.000000
vn 0.000000 1.000000 0.000000
vn 0.000000 0.000000 -1.000000
vn 0.000000 0.000000 -1.000000
vn 0.000000 0.000000 1.000000
vn 0.000000 0.000000 1.000000
vn -1.000000 0.000000 0.000000
vn -1.000000 0.000000 0.000000
vn 1.000000 0.000000 0.000000
vn 1.000000 0.000000 0.000000
vn 0.000000 -1.000000 0.000000
vn 0.000000 -1.000000 0.000000
vn 0.000000 1.000000 0.000000
vn 0.000000 1.000000 0.000000
vn 0.000000 0.000000 -1.000000
vn 0.000000 0.000000 -1.000000
vn 0.000000 0.000000 1.000000
vn 0.000000 0.000000 1.000000
vn -1.000000 0.000000 0.000000
vn -1.000000 0.000000 0.000000
vn 1.000000 0.000000 0.000000
vn 1.000000 0.000000 0.000000
vn 0.000000 -1.000000 0.000000
vn 0.000000 -1.000000 0.000000
vn 0.000000 1.000000 0.000000
vn 0.000000 1.000000 0.000000
vn 0.000000 0.000000 -1.000000
vn 0.000000 0.000000 -1.000000
vn 0.000000 0.000000 1.000000
vn 0.000000 0.000000 1.000000
vn -1.000000 0.000000 0.000000
vn -1.000000 0.000000 0.000000
vn 1.000000 0.000000 0.000000
vn 1.000000 0.000000 0.000000
vn 0.000000 -1.000000 0.000000
vn 0.000000 -1.000000 0.000000
vn 0.000000 1.000000 0.000000
vn 0.000000 1.000000 0.000000
vn 0.000000 0.000000 -1.000000
vn 0.000000 0.000000 -1.000000
vn 0.000000 0.000000 1.000000
vn 0.000000 0.000000 1.000000
vn -1.000000 0.000000 0.000000
vn -1.000000 0.000000 0.000000
vn 1.000000 0.000000 0.000000
vn 1.000000 0.000000 0.000000
vn 0.000000 -1.000000 0.000000
vn 0.000000 -1.000000 0.000000
vn 0.000000 1.000000 0.000000
vn 0.000000 1.000000 0.000000
vn 0.000000 0.000000 -1.000000
vn 0.000000 0.000000 -1.000000
vn 0.000000 0.000000 1.000000
vn 0.000000 0.000000 1.000000
vn -1.000000 0.000000 0.000000
vn -1.000000 0.000000 0.000000
vn 1.000000 0.000000 0.000000
vn 1.000000 0.000000 0.000000
vn 0.000000 -1.000000 0.000000
vn 0.000000 -1.000000 0.000000
vn 0.000000 1.000000 0.000000
vn 0.000000 1.000000 0.000000
vn 0.000000 0.000000 -1.000000
vn 0.000000 0.000000 -1.000000
vn 0.000000 0.000000 1.000000
vn 0.000000 0.000000 1.000000
vn -1.000000 0.000000 0.000000
vn -1.000000 0.000000 0.000000
vn 1.000000 0.000000 0.000000
vn 1.000000 0.000000 0.000000
vn 0.000000 -1.000000 0.000000
vn 0.000000 -1.000000 0.000000
vn 0.000000 1.000000 0.000000
vn 0.000000 1.000000 0.000000
vn 0.000000 0.000000 -1.000000
vn 0.000000 0.000000 -1.000000
vn 0.000000 0.000000 1.000000
vn 0.000000 0.000000 1.000000
vn -1.000000 0.000000 0.000000
vn -1.000000 0.000000 0.000000
vn 1.000000 0.000000 0.000000
vn 1.000000 0.000000 0.000000
vn -0.941721 -0.292291 0.166514
vn -0.941721 -0.292291 0.166514
vn -0.066109 -0.324537 -0.943560
vn 0.066109 0.324537 0.943560
vn -0.567997 -0.765227 0.302995
vn -0.567997 -0.765227 0.302995
vn -0.066109 -0.324537 -0.943560
vn 0.066109 0.324537 0.943560
vn 0.022683 -0.945873 0.323743
vn 0.022683 -0.945873 0.323743
vn -0.066109 -0.324537 -0.943560
vn 0.066109 0.324537 0.943560
vn 0.604698 -0.765227 0.220832
vn 0.604698 -0.765227 0.220832
vn -0.066109 -0.324537 -0.943560
vn 0.066109 0.324537 0.943560
vn 0.955740 -0.292291 0.033570
vn 0.955740 -0.292291 0.033570
vn -0.066109 -0.324537 -0.943560
vn 0.066109 0.324537 0.943560
vn 0.941721 0.292291 -0.166514
vn 0.941721 0.292291 -0.166514
vn -0.066109 -0.324537 -0.943560
vn 0.066109 0.324537 0.943560
vn 0.567997 0.765227 -0.302995
vn 0.567997 0.765227 -0.302995
vn -0.066109 -0.324537 -0.943560
vn 0.066109 0.324537 0.943560
vn -0.022683 0.945873 -0.323743
vn -0.022683 0.945873 -0.323743
vn -0.066109 -0.324537 -0.943560
vn 0.066109 0.324537 0.943560
vn -0.604698 0.765227 -0.220832
vn -0.604698 0.765227 -0.220832
vn -0.066109 -0.324537 -0.943560
vn 0.066109 0.324537 0.943560
vn -0.955740 0.292291 -0.033570
vn -0.955740 0.292291 -0.033570
vn -0.066109 -0.324537 -0.943560
vn 0.066109 0.324537 0.943560
vn 0.000000 -1.000000 0.000000
vn 0.000000 -1.000000 0.000000
vn 0.000000 1.000000 0.000000
vn 0.000000 1.000000 0.000000
vn 0.000000 0.000000 -1.000000
vn 0.000000 0.000000 -1.000000
vn 0.000000 0.000000 1.000000
vn 0.000000 0.000000 1.000000
vn -1.000000 0.000000 0.000000
vn -1.000000 0.000000 0.000000
vn 1.000000 0.000000 0.000000
vn 1.000000 0.000000 0.000000
vn 0.000000 -0.992809 0.119712
vn 0.000000 -0.992809 0.119712
vn 0.000000 0.992809 -0.119712
vn 0.000000 0.992809 -0.119712
vn 0.000000 -0.119712 -0.992809
vn 0.000000 -0.119712 -0.992809
vn 0.000000 0.119712 0.992809
vn 0.000000 0.119712 0.992809
vn -1.000000 0.000000 0.000000
vn -1.000000 0.000000 0.000000
vn 1.000000 0.000000 0.000000
vn 1.000000 0.000000 0.000000
vn 0.000000 -1.000000 0.000000
vn 0.000000 -1.000000 0.000000
vn 0.000000 1.000000 0.000000
vn 0.000000 1.000000 0.000000
vn 0.000000 0.000000 -1.000000
vn 0.000000 0.000000 -1.000000
vn 0.000000 0.000000 1.000000
vn 0.000000 0.000000 1.000000
vn -1.000000 0.000000 0.000000
vn -1.000000 0.000000 0.000000
vn 1.000000 0.000000 0.000000
vn 1.000000 0.000000 0.000000
vn 0.000000 -1.000000 0.000000
vn 0.000000 -1.000000 0.000000
vn 0.000000 1.000000 0.000000
vn 0.000000 1.000000 0.000000
vn 0.000000 0.000000 -1.000000
vn 0.000000 0.000000 -1.000000
vn 0.000000 0.000000 1.000000
vn 0.000000 0.000000 1.000000
vn -1.000000 0.000000 0.000000
vn -1.000000 0.000000 0.000000
vn 1.000000 0.000000 0.000000
vn 1.000000 0.000000 0.000000
vn 0.000000 -1.000000 0.000000
vn 0.000000 -1.000000 0.000000
vn 0.000000 1.000000 0.000000
vn 0.000000 1.000000 0.000000
vn 0.000000 0.000000 -1.000000
vn 0.000000 0.000000 -1.000000
vn 0.000000 0.000000 1.000000
vn 0.000000 0.000000 1.000000
vn -1.000000 0.000000 0.000000
vn -1.000000 0.000000 0.000000
vn 1.000000 0.000000 0.000000
vn 1.000000 0.000000 0.000000
vn 0.000000 -1.000000 0.000000
vn 0.000000 -1.000000 0.000000
vn 0.000000 1.000000 0.000000
vn 0.000000 1.000000 0.000000
vn 0.000000 0.000000 -1.000000
vn 0.000000 0.000000 -1.000000
vn 0.000000 0.000000 1.000000
vn 0.000000 0.000000 1.000000
vn -1.000000 0.000000 0.000000
vn -1.000000 0.000000 0.000000
vn 1.000000 0.000000 0.000000
vn 1.000000 0.000000 0.000000
vn 0.000000 -1.000000 0.000000
vn 0.000000 -1.000000 0.000000
vn 0.000000 1.000000 0.000000
vn 0.000000 1.000000 0.000000
vn 0.000000 0.000000 -1.000000
vn 0.000000 0.000000 -1.000000
vn 0.000000 0.000000 1.000000
vn 0.000000 0.000000 1.000000
vn -1.000000 0.000000 0.000000
vn -1.000000 0.000000 0.000000
vn 1.000000 0.000000 0.000000
vn 1.000000 0.000000 0.000000
vn 0.000000 -1.000000 0.000000
vn 0.000000 -1.000000 0.000000
vn 0.000000 1.000000 0.000000
vn 0.000000 1.000000 0.000000
vn 0.000000 0.000000 -1.000000
vn 0.000000 0.000000 -1.000000
vn 0.000000 0.000000 1.000000
vn 0.000000 0.000000 1.000000
vn -1.000000 0.000000 0.000000
vn -1.000000 0.000000 0.000000
vn 1.000000 0.000000 0.000000
vn 1.000000 0.000000 0.000000
vn 0.000000 -1.000000 0.000000
vn 0.000000 -1.000000 0.000000
vn 0.000000 1.000000 0.000000
vn 0.000000 1.000000 0.000000
vn 0.000000 0.000000 -1.000000
vn 0.000000 0.000000 -1.000000
vn 0.000000 0.000000 1.000000
vn 0.000000 0.000000 1.000000
vn -1.000000 0.000000 0.000000
vn -1.000000 0.000000 0.000000
vn 1.000000 0.000000 0.000000
vn 1.000000 0.000000 0.000000
vn 0.000000 -1.000000 0.000000
vn 0.000000 -1.000000 0.000000
vn 0.000000 1.000000 0.000000
vn 0.000000 1.000000 0.000000
vn 0.000000 0.000000 -1.000000
vn 0.000000 0.000000 -1.000000
vn 0.000000 0.000000 1.000000
vn 0.000000 0.000000 1.000000
vn -1.000000 0.000000 0.000000
vn -1.000000 0.000000 0.000000
vn 1.000000 0.000000 0.000000
vn 1.000000 0.000000 0.000000
vn 0.000000 0.000000 -1.000000
vn 0.000000 0.000000 -1.000000
vn 0.000000 0.000000 1.000000
vn 0.000000 0.000000 1.000000
vn 0.000000 1.000000 0.000000
vn 0.000000 1.000000 0.000000
vn -1.000000 0.000000 0.000000
vn -1.000000 0.000000 0.000000
vn 0.000000 -1.000000 0.000000
vn 0.000000 -1.000000 0.000000
vn 1.000000 0.000000 0.000000
vn 1.000000 0.000000 0.000000
vn -0.843610 0.226045 -0.487058
vn -0.843610 0.226045 -0.487058
vn 0.000000 0.000000 -1.000000
vn 0.000000 0.000000 -1.000000
vn 0.843610 -0.226045 -0.487058
vn 0.843610 -0.226045 -0.487058
vn 0.843610 -0.226045 0.487058
vn 0.843610 -0.226045 0.487058
vn 0.000000 0.000000 1.000000
vn 0.000000 0.000000 1.000000
vn -0.843610 0.226045 0.487058
vn -0.843610 0.226045 0.487058
vn -0.617565 0.617565 -0.487058
vn -0.617565 0.617565 -0.487058
vn 0.000000 0.000000 -1.000000
vn 0.000000 0.000000 -1.000000
vn 0.617565 -0.617565 -0.487058
vn 0.617565 -0.617565 -0.487058
vn 0.617565 -0.617565 0.487058
vn 0.617565 -0.617565 0.487058
vn 0.000000 0.000000 1.000000
vn 0.000000 0.000000 1.000000
vn -0.617565 0.617565 0.487058
vn -0.617565 0.617565 0.487058
vn -0.226045 0.843610 -0.487058
vn -0.226045 0.843610 -0.487058
vn 0.000000 0.000000 -1.000000
vn 0.000000 0.000000 -1.000000
vn 0.226045 -0.843610 -0.487058
vn 0.226045 -0.843610 -0.487058
vn 0.226045 -0.843610 0.487058
vn 0.226045 -0.843610 0.487058
vn 0.000000 0.000000 1.000000
vn 0.000000 0.000000 1.000000
vn -0.226045 0.843610 0.487058
vn -0.226045 0.843610 0.487058
vn 0.226045 0.843610 -0.487058
vn 0.226045 0.843610 -0.487058
vn 0.000000 0.000000 -1.000000
vn 0.000000 0.000000 -1.000000
vn -0.226045 -0.843610 -0.487058
vn -0.226045 -0.843610 -0.487058
vn -0.226045 -0.843610 0.487058
vn -0.226045 -0.843610 0.487058
vn 0.000000 0.000000 1.000000
vn 0.000000 0.000000 1.000000
vn 0.226045 0.843610 0.487058
vn 0.226045 0.843610 0.487058
vn 0.617565 0.617565 -0.487058
vn 0.617565 0.617565 -0.487058
vn 0.000000 0.000000 -1.000000
vn 0.000000 0.000000 -1.000000
vn -0.617565 -0.617565 -0.487058
vn -0.617565 -0.617565 -0.487058
vn -0.617565 -0.617565 0.487058
vn -0.617565 -0.617565 0.487058
vn 0.000000 0.000000 1.000000
vn 0.000000 0.000000 1.000000
vn 0.617565 0.617565 0.487058
vn 0.617565 0.617565 0.487058
vn 0.843610 0.226045 -0.487058
vn 0.843610 0.226045 -0.487058
vn 0.000000 0.000000 -1.000000
vn 0.000000 0.000000 -1.000000
vn -0.843610 -0.226045 -0.487058
vn -0.843610 -0.226045 -0.487058
vn -0.843610 -0.226045 0.487058
vn -0.843610 -0.226045 0.487058
vn 0.000000 0.000000 1.000000
vn 0.000000 0.000000 1.000000
vn 0.843610 0.226045 0.487058
vn 0.843610 0.226045 0.487058
vn 0.843610 -0.226045 -0.487058
vn 0.843610 -0.226045 -0.487058
vn 0.000000 0.000000 -1.000000
vn 0.000000 0.000000 -1.000000
vn -0.843610 0.226045 -0.487058
vn -0.843610 0.226045 -0.487058
vn -0.843610 0.226045 0.487058
vn -0.843610 0.226045 0.487058
vn 0.000000 0.000000 1.000000
vn 0.000000 0.000000 1.000000
vn 0.843610 -0.226045 0.487058
vn 0.843610 -0.226045 0.487058
vn 0.617565 -0.617565 -0.487058
vn 0.617565 -0.617565 -0.487058
vn 0.000000 0.000000 -1.000000
vn 0.000000 0.000000 -1.000000
vn -0.617565 0.617565 -0.487058
vn -0.617565 0.617565 -0.487058
vn -0.617565 0.617565 0.487058
vn -0.617565 0.617565 0.487058
vn 0.000000 0.000000 1.000000
vn 0.000000 0.000000 1.000000
vn 0.617565 -0.617565 0.487058
vn 0.617565 -0.617565 0.487058
vn 0.226045 -0.843610 -0.487058
vn 0.226045 -0.843610 -0.487058
vn 0.000000 0.000000 -1.000000
vn 0.000000 0.000000 -1.000000
vn -0.226045 0.843610 -0.487058
vn -0.226045 0.843610 -0.487058
vn -0.226045 0.843610 0.487058
vn -0.226045 0.843610 0.487058
vn 0.000000 0.000000 1.000000
vn 0.000000 0.000000 1.000000
vn 0.226045 -0.843610 0.487058
vn 0.226045 -0.843610 0.487058
vn -0.226045 -0.843610 -0.487058
vn -0.226045 -0.843610 -0.487058
vn 0.000000 0.000000 -1.000000
vn 0.000000 0.000000 -1.000000
vn 0.226045 0.843610 -0.487058
vn 0.226045 0.843610 -0.487058
vn 0.226045 0.843610 0.487058
vn 0.226045 0.843610 0.487058
vn 0.000000 0.000000 1.000000
vn 0.000000 0.000000 1.000000
vn -0.226045 -0.843610 0.487058
vn -0.226045 -0.843610 0.487058
vn -0.617565 -0.617565 -0.487058
vn -0.617565 -0.617565 -0.487058
vn 0.000000 0.000000 -1.000000
vn 0.000000 0.000000 -1.000000
vn 0.617565 0.617565 -0.487058
vn 0.617565 0.617565 -0.487058
vn 0.617565 0.617565 0.487058
vn 0.617565 0.617565 0.487058
vn 0.000000 0.000000 1.000000
vn 0.000000 0.000000 1.000000
vn -0.617565 -0.617565 0.487058
vn -0.617565 -0.617565 0.487058
vn -0.843610 -0.226045 -0.487058
vn -0.843610 -0.226045 -0.487058
vn 0.000000 0.000000 -1.000000
vn 0.000000 0.000000 -1.000000
vn 0.843610 0.226045 -0.487058
vn 0.843610 0.226045 -0.487058
vn 0.843610 0.226045 0.487058
vn 0.843610 0.226045 0.487058
vn 0.000000 0.000000 1.000000
vn 0.000000 0.000000 1.000000
vn -0.843610 -0.226045 0.487058
vn -0.843610 -0.226045 0.487058
vn -0.790653 0.211855 -0.574443
vn -0.790653 0.211855 -0.574443
vn 0.307963 -0.082518 -0.947813
vn 0.307963 -0.082518 -0.947813
vn 0.965926 -0.258819 0.000000
vn 0.965926 -0.258819 0.000000
vn 0.307963 -0.082518 0.947813
vn 0.307963 -0.082518 0.947813
vn -0.790653 0.211855 0.574443
vn -0.790653 0.211855 0.574443
vn -0.578798 0.578798 -0.574443
vn -0.578798 0.578798 -0.574443
vn 0.225445 -0.225445 -0.947813
vn 0.225445 -0.225445 -0.947813
vn 0.707107 -0.707107 0.000000
vn 0.707107 -0.707107 0.000000
vn 0.225445 -0.225445 0.947813
vn 0.225445 -0.225445 0.947813
vn -0.578798 0.578798 0.574443
vn -0.578798 0.578798 0.574443
vn -0.211855 0.790653 -0.574443
vn -0.211855 0.790653 -0.574443
vn 0.082518 -0.307963 -0.947813
vn 0.082518 -0.307963 -0.947813
vn 0.258819 -0.965926 0.000000
vn 0.258819 -0.965926 0.000000
vn 0.082518 -0.307963 0.947813
vn 0.082518 -0.307963 0.947813
vn -0.211855 0.790653 0.574443
vn -0.211855 0.790653 0.574443
vn 0.211855 0.790653 -0.574443
vn 0.211855 0.790653 -0.574443
vn -0.082518 -0.307963 -0.947813
vn -0.082518 -0.307963 -0.947813
vn -0.258819 -0.965926 0.000000
vn -0.258819 -0.965926 0.000000
vn -0.082518 -0.307963 0.947813
vn -0.082518 -0.307963 0.947813
vn 0.211855 0.790653 0.574443
vn 0.211855 0.790653 0.574443
vn 0.578798 0.578798 -0.574443
vn 0.578798 0.578798 -0.574443
vn -0.225445 -0.225445 -0.947813
vn -0.225445 -0.225445 -0.947813
vn -0.707107 -0.707107 0.000000
vn -0.707107 -0.707107 0.000000
vn -0.225445 -0.225445 0.947813
vn -0.225445 -0.225445 0.947813
vn 0.578798 0.578798 0.574443
vn 0.578798 0.578798 0.574443
vn 0.790653 0.211855 -0.574443
vn 0.790653 0.211855 -0.574443
vn -0.307963 -0.082518 -0.947813
vn -0.307963 -0.082518 -0.947813
vn -0.965926 -0.258819 0.000000
vn -0.965926 -0.258819 0.000000
vn -0.307963 -0.082518 0.947813
vn -0.307963 -0.082518 0.947813
vn 0.790653 0.211855 0.574443
vn 0.790653 0.211855 0.574443
vn 0.790653 -0.211855 -0.574443
vn 0.790653 -0.211855 -0.574443
vn -0.307963 0.082518 -0.947813
vn -0.307963 0.082518 -0.947813
vn -0.965926 0.258819 0.000000
vn -0.965926 0.258819 0.000000
vn -0.307963 0.082518 0.947813
vn -0.307963 0.082518 0.947813
vn 0.790653 -0.211855 0.574443
vn 0.790653 -0.211855 0.574443
vn 0.578798 -0.578798 -0.574443
vn 0.578798 -0.578798 -0.574443
vn -0.225445 0.225445 -0.947813
vn -0.225445 0.225445 -0.947813
vn -0.707107 0.707107 0.000000
vn -0.707107 0.707107 0.000000
vn -0.225445 0.225445 0.947813
vn -0.225445 0.225445 0.947813
vn 0.578798 -0.578798 0.574443
vn 0.578798 -0.578798 0.574443
vn 0.211855 -0.790653 -0.574443
vn 0.211855 -0.790653 -0.574443
vn -0.082518 0.307963 -0.947813
vn -0.082518 0.307963 -0.947813
vn -0.258819 0.965926 0.000000
vn -0.258819 0.965926 0.000000
vn -0.082518 0.307963 0.947813
vn -0.082518 0.307963 0.947813
vn 0.211855 -0.790653 0.574443
vn 0.211855 -0.790653 0.574443
vn -0.211855 -0.790653 -0.574443
vn -0.211855 -0.790653 -0.574443
vn 0.082518 0.307963 -0.947813
vn 0.082518 0.307963 -0.947813
vn 0.258819 0.965926 0.000000
vn 0.258819 0.965926 0.000000
vn 0.082518 0.307963 0.947813
vn 0.082518 0.307963 0.947813
vn -0.211855 -0.790653 0.574443
vn -0.211855 -0.790653 0.574443
vn -0.578798 -0.578798 -0.574443
vn -0.578798 -0.578798 -0.574443
vn 0.225445 0.225445 -0.947813
vn 0.225445 0.225445 -0.947813
vn 0.707107 0.707107 0.000000
vn 0.707107 0.707107 0.000000
vn 0.225445 0.225445 0.947813
vn 0.225445 0.225445 0.947813
vn -0.578798 -0.578798 0.574443
vn -0.578798 -0.578798 0.574443
vn -0.790653 -0.211855 -0.574443
vn -0.790653 -0.211855 -0.574443
vn 0.307963 0.082518 -0.947813
vn 0.307963 0.082518 -0.947813
vn 0.965926 0.258819 0.000000
vn 0.965926 0.258819 0.000000
vn 0.307963 0.082518 0.947813
vn 0.307963 0.082518 0.947813
vn -0.790653 -0.211855 0.574443
vn -0.790653 -0.211855 0.574443
vn 0.000000 -0.382683 0.923880
vn 0.000000 -0.382683 0.923880
vn -1.000000 0.000000 0.000000
vn 1.000000 0.000000 0.000000
vn 0.000000 -0.923880 0.382683
vn 0.000000 -0.923880 0.382683
vn -1.000000 0.000000 0.000000
vn 1.000000 0.000000 0.000000
vn 0.000000 -0.923880 -0.382683
vn 0.000000 -0.923880 -0.382683
vn -1.000000 0.000000 0.000000
vn 1.000000 0.000000 0.000000
vn 0.000000 -0.382683 -0.923880
vn 0.000000 -0.382683 -0.923880
vn -1.000000 0.000000 0.000000
vn 1.000000 0.000000 0.000000
vn 0.000000 0.382683 -0.923880
vn 0.000000 0.382683 -0.923880
vn -1.000000 0.000000 0.000000
vn 1.000000 0.000000 0.000000
vn 0.000000 0.923880 -0.382683
vn 0.000000 0.923880 -0.382683
vn -1.000000 0.000000 0.000000
vn 1.000000 0.000000 0.000000
vn 0.000000 0.923880 0.382683
vn 0.000000 0.923880 0.382683
vn -1.000000 0.000000 0.000000
vn 1.000000 0.000000 0.000000
vn 0.000000 0.382683 0.923880
vn 0.000000 0.382683 0.923880
vn -1.000000 0.000000 0.000000
vn 1.000000 0.000000 0.000000
vn 0.000000 -0.382683 0.923880
vn 0.000000 -0.382683 0.923880
vn -1.000000 0.000000 0.000000
vn 1.000000 0.000000 0.000000
vn 0.000000 -0.923880 0.382683
vn 0.000000 -0.923880 0.382683
vn -1.000000 0.000000 0.000000
vn 1.000000 0.000000 0.000000
vn 0.000000 -0.923880 -0.382683
vn 0.000000 -0.923880 -0.382683
vn -1.000000 0.000000 0.000000
vn 1.000000 0.000000 0.000000
vn 0.000000 -0.382683 -0.923880
vn 0.000000 -0.382683 -0.923880
vn -1.000000 0.000000 0.000000
vn 1.000000 0.000000 0.000000
vn 0.000000 0.382683 -0.923880
vn 0.000000 0.382683 -0.923880
vn -1.000000 0.000000 0.000000
vn 1.000000 0.000000 0.000000
vn 0.000000 0.923880 -0.382683
vn 0.000000 0.923880 -0.382683
vn -1.000000 0.000000 0.000000
vn 1.000000 0.000000 0.000000
vn 0.000000 0.923880 0.382683
vn 0.000000 0.923880 0.382683
vn -1.000000 0.000000 0.000000
vn 1.000000 0.000000 0.000000
vn 0.000000 0.382683 0.923880
vn 0.000000 0.382683 0.923880
vn -1.000000 0.000000 0.000000
vn 1.000000 0.000000 0.000000
vn -0.382683 0.000000 -0.923880
vn -0.382683 0.000000 -0.923880
vn 0.000000 -1.000000 0.000000
vn 0.000000 1.000000 0.000000
vn -0.923880 0.000000 -0.382683
vn -0.923880 0.000000 -0.382683
vn 0.000000 -1.000000 0.000000
vn 0.000000 1.000000 0.000000
vn -0.923880 0.000000 0.382683
vn -0.923880 0.000000 0.382683
vn 0.000000 -1.000000 0.000000
vn 0.000000 1.000000 0.000000
vn -0.382683 0.000000 0.923880
vn -0.382683 0.000000 0.923880
vn 0.000000 -1.000000 0.000000
vn 0.000000 1.000000 0.000000
vn 0.382683 0.000000 0.923880
vn 0.382683 0.000000 0.923880
vn 0.000000 -1.000000 0.000000
vn 0.000000 1.000000 0.000000
vn 0.923880 0.000000 0.382683
vn 0.923880 0.000000 0.382683
vn 0.000000 -1.000000 0.000000
vn 0.000000 1.000000 0.000000
vn 0.923880 0.000000 -0.382683
vn 0.923880 0.000000 -0.382683
vn 0.000000 -1.000000 0.000000
vn 0.000000 1.000000 0.000000
vn 0.382683 0.000000 -0.923880
vn 0.382683 0.000000 -0.923880
vn 0.000000 -1.000000 0.000000
vn 0.000000 1.000000 0.000000
vn -0.382683 0.000000 -0.923880
vn -0.382683 0.000000 -0.923880
vn 0.000000 -1.000000 0.000000
vn 0.000000 1.000000 0.000000
vn -0.923880 0.000000 -0.382683
vn -0.923880 0.000000 -0.382683
vn 0.000000 -1.000000 0.000000
vn 0.000000 1.000000 0.000000
vn -0.923880 0.000000 0.382683
vn -0.923880 0.000000 0.382683
vn 0.000000 -1.000000 0.000000
vn 0.000000 1.000000 0.000000
vn -0.382683 0.000000 0.923880
vn -0.382683 0.000000 0.923880
vn 0.000000 -1.000000 0.000000
vn 0.000000 1.000000 0.000000
vn 0.382683 0.000000 0.923880
vn 0.382683 0.000000 0.923880
vn 0.000000 -1.000000 0.000000
vn 0.000000 1.000000 0.000000
vn 0.923880 0.000000 0.382683
vn 0.923880 0.000000 0.382683
vn 0.000000 -1.000000 0.000000
vn 0.000000 1.000000 0.000000
vn 0.923880 0.000000 -0.382683
vn 0.923880 0.000000 -0.382683
vn 0.000000 -1.000000 0.000000
vn 0.000000 1.000000 0.000000
vn 0.382683 0.000000 -0.923880
vn 0.382683 0.000000 -0.923880
vn 0.000000 -1.000000 0.000000
vn 0.000000 1.000000 0.000000
vn 0.000000 -0.382683 0.923880
vn 0.000000 -0.382683 0.923880
vn -1.000000 0.000000 0.000000
vn 1.000000 0.000000 0.000000
vn 0.000000 -0.923880 0.382683
vn 0.000000 -0.923880 0.382683
vn -1.000000 0.000000 0.000000
vn 1.000000 0.000000 0.000000
vn 0.000000 -0.923880 -0.382683
vn 0.000000 -0.923880 -0.382683
vn -1.000000 0.000000 0.000000
vn 1.000000 0.000000 0.000000
vn 0.000000 -0.382683 -0.923880
vn 0.000000 -0.382683 -0.923880
vn -1.000000 0.000000 0.000000
vn 1.000000 0.000000 0.000000
vn 0.000000 0.382683 -0.923880
vn 0.000000 0.382683 -0.923880
vn -1.000000 0.000000 0.000000
vn 1.000000 0.000000 0.000000
vn 0.000000 0.923880 -0.382683
vn 0.000000 0.923880 -0.382683
vn -1.000000 0.000000 0.000000
vn 1.000000 0.000000 0.000000
vn 0.000000 0.923880 0.382683
vn 0.000000 0.923880 0.382683
vn -1.000000 0.000000 0.000000
vn 1.000000 0.000000 0.000000
vn 0.000000 0.382683 0.923880
vn 0.000000 0.382683 0.923880
vn -1.000000 0.000000 0.000000
vn 1.000000 0.000000 0.000000
vn -0.345510 0.164528 -0.923880
vn -0.345510 0.164528 -0.923880
vn -0.429934 -0.902861 0.000000
vn 0.429934 0.902861 0.000000
vn -0.834134 0.397207 -0.382683
vn -0.834134 0.397207 -0.382683
vn -0.429934 -0.902861 -0.000000
vn 0.429934 0.902861 -0.000000
vn -0.834134 0.397207 0.382683
vn -0.834134 0.397207 0.382683
vn -0.429934 -0.902861 0.000000
vn 0.429934 0.902861 0.000000
vn -0.345510 0.164528 0.923880
vn -0.345510 0.164528 0.923880
vn -0.429934 -0.902861 0.000000
vn 0.429934 0.902861 0.000000
vn 0.345510 -0.164528 0.923880
vn 0.345510 -0.164528 0.923880
vn -0.429934 -0.902861 0.000000
vn 0.429934 0.902861 0.000000
vn 0.834134 -0.397207 0.382683
vn 0.834134 -0.397207 0.382683
vn -0.429934 -0.902861 -0.000000
vn 0.429934 0.902861 -0.000000
vn 0.834134 -0.397207 -0.382683
vn 0.834134 -0.397207 -0.382683
vn -0.429934 -0.902861 0.000000
vn 0.429934 0.902861 0.000000
vn 0.345510 -0.164528 -0.923880
vn 0.345510 -0.164528 -0.923880
vn -0.429934 -0.902861 0.000000
vn 0.429934 0.902861 0.000000
vn -0.382683 0.000000 -0.923880
vn -0.382683 0.000000 -0.923880
vn 0.000000 -1.000000 0.000000
vn 0.000000 1.000000 0.000000
vn -0.923880 0.000000 -0.382683
vn -0.923880 0.000000 -0.382683
vn 0.000000 -1.000000 0.000000
vn 0.000000 1.000000 0.000000
vn -0.923880 0.000000 0.382683
vn -0.923880 0.000000 0.382683
vn 0.000000 -1.000000 0.000000
vn 0.000000 1.000000 0.000000
vn -0.382683 0.000000 0.923880
vn -0.382683 0.000000 0.923880
vn 0.000000 -1.000000 0.000000
vn 0.000000 1.000000 0.000000
vn 0.382683 0.000000 0.923880
vn 0.382683 0.000000 0.923880
vn 0.000000 -1.000000 0.000000
vn 0.000000 1.000000 0.000000
vn 0.923880 0.000000 0.382683
vn 0.923880 0.000000 0.382683
vn 0.000000 -1.000000 0.000000
vn 0.000000 1.000000 0.000000
vn 0.923880 0.000000 -0.382683
vn 0.923880 0.000000 -0.382683
vn 0.000000 -1.000000 0.000000
vn 0.000000 1.000000 0.000000
vn 0.382683 0.000000 -0.923880
vn 0.382683 0.000000 -0.923880
vn 0.000000 -1.000000 0.000000
vn 0.000000 1.000000 0.000000
vn -0.261112 -0.279763 -0.923880
vn -0.261112 -0.279763 -0.923880
vn 0.731055 -0.682318 0.000000
vn -0.731055 0.682318 0.000000
vn -0.630380 -0.675407 -0.382683
vn -0.630380 -0.675407 -0.382683
vn 0.731055 -0.682318 -0.000000
vn -0.731055 0.682318 -0.000000
vn -0.630380 -0.675407 0.382683
vn -0.630380 -0.675407 0.382683
vn 0.731055 -0.682318 0.000000
vn -0.731055 0.682318 0.000000
vn -0.261112 -0.279763 0.923880
vn -0.261112 -0.279763 0.923880
vn 0.731055 -0.682318 0.000000
vn -0.731055 0.682318 0.000000
vn 0.261112 0.279763 0.923880
vn 0.261112 0.279763 0.923880
vn 0.731055 -0.682318 0.000000
vn -0.731055 0.682318 0.000000
vn 0.630380 0.675407 0.382683
vn 0.630380 0.675407 0.382683
vn 0.731055 -0.682318 -0.000000
vn -0.731055 0.682318 -0.000000
vn 0.630380 0.675407 -0.382683
vn 0.630380 0.675407 -0.382683
vn 0.731055 -0.682318 0.000000
vn -0.731055 0.682318 0.000000
vn 0.261112 0.279763 -0.923880
vn 0.261112 0.279763 -0.923880
vn 0.731055 -0.682318 0.000000
vn -0.731055 0.682318 0.000000
vn 0.000000 -0.382683 -0.923880
vn 0.000000 -0.382683 -0.923880
vn 1.000000 0.000000 0.000000
vn -1.000000 0.000000 0.000000
vn 0.000000 -0.923880 -0.382683
vn 0.000000 -0.923880 -0.382683
vn 1.000000 0.000000 0.000000
vn -1.000000 0.000000 0.000000
vn 0.000000 -0.923880 0.382683
vn 0.000000 -0.923880 0.382683
vn 1.000000 0.000000 0.000000
vn -1.000000 0.000000 0.000000
vn 0.000000 -0.382683 0.923880
vn 0.000000 -0.382683 0.923880
vn 1.000000 0.000000 0.000000
vn -1.000000 0.000000 0.000000
vn 0.000000 0.382683 0.923880
vn 0.000000 0.382683 0.923880
vn 1.000000 0.000000 0.000000
vn -1.000000 0.000000 0.000000
vn 0.000000 0.923880 0.382683
vn 0.000000 0.923880 0.382683
vn 1.000000 0.000000 0.000000
vn -1.000000 0.000000 0.000000
vn 0.000000 0.923880 -0.382683
vn 0.000000 0.923880 -0.382683
vn 1.000000 0.000000 0.000000
vn -1.000000 0.000000 0.000000
vn 0.000000 0.382683 -0.923880
vn 0.000000 0.382683 -0.923880
vn 1.000000 0.000000 0.000000
vn -1.000000 0.000000 0.000000
vn 0.000000 -0.382683 -0.923880
vn 0.000000 -0.382683 -0.923880
vn 1.000000 0.000000 0.000000
vn -1.000000 0.000000 0.000000
vn 0.000000 -0.923880 -0.382683
vn 0.000000 -0.923880 -0.382683
vn 1.000000 0.000000 0.000000
vn -1.000000 0.000000 0.000000
vn 0.000000 -0.923880 0.382683
vn 0.000000 -0.923880 0.382683
vn 1.000000 0.000000 0.000000
vn -1.000000 0.000000 0.000000
vn 0.000000 -0.382683 0.923880
vn 0.000000 -0.382683 0.923880
vn 1.000000 0.000000 0.000000
vn -1.000000 0.000000 0.000000
vn 0.000000 0.382683 0.923880
vn 0.000000 0.382683 0.923880
vn 1.000000 0.000000 0.000000
vn -1.000000 0.000000 0.000000
vn 0.000000 0.923880 0.382683
vn 0.000000 0.923880 0.382683
vn 1.000000 0.000000 0.000000
vn -1.000000 0.000000 0.000000
vn 0.000000 0.923880 -0.382683
vn 0.000000 0.923880 -0.382683
vn 1.000000 0.000000 0.000000
vn -1.000000 0.000000 0.000000
vn 0.000000 0.382683 -0.923880
vn 0.000000 0.382683 -0.923880
vn 1.000000 0.000000 0.000000
vn -1.000000 0.000000 0.000000
vn -0.345510 -0.164528 -0.923880
vn -0.345510 -0.164528 -0.923880
vn 0.429934 -0.902861 0.000000
vn -0.429934 0.902861 0.000000
vn -0.834134 -0.397207 -0.382683
vn -0.834134 -0.397207 -0.382683
vn 0.429934 -0.902861 0.000000
vn -0.429934 0.902861 0.000000
vn -0.834134 -0.397207 0.382683
vn -0.834134 -0.397207 0.382683
vn 0.429934 -0.902861 -0.000000
vn -0.429934 0.902861 -0.000000
vn -0.345510 -0.164528 0.923880
vn -0.345510 -0.164528 0.923880
vn 0.429934 -0.902861 0.000000
vn -0.429934 0.902861 0.000000
vn 0.345510 0.164528 0.923880
vn 0.345510 0.164528 0.923880
vn 0.429934 -0.902861 0.000000
vn -0.429934 0.902861 0.000000
vn 0.834134 0.397207 0.382683
vn 0.834134 0.397207 0.382683
vn 0.429934 -0.902861 0.000000
vn -0.429934 0.902861 0.000000
vn 0.834134 0.397207 -0.382683
vn 0.834134 0.397207 -0.382683
vn 0.429934 -0.902861 -0.000000
vn -0.429934 0.902861 -0.000000
vn 0.345510 0.164528 -0.923880
vn 0.345510 0.164528 -0.923880
vn 0.429934 -0.902861 0.000000
vn -0.429934 0.902861 0.000000
vn -0.382683 0.000000 -0.923880
vn -0.382683 0.000000 -0.923880
vn 0.000000 -1.000000 0.000000
vn 0.000000 1.000000 0.000000
vn -0.923880 0.000000 -0.382683
vn -0.923880 0.000000 -0.382683
vn 0.000000 -1.000000 0.000000
vn 0.000000 1.000000 0.000000
vn -0.923880 0.000000 0.382683
vn -0.923880 0.000000 0.382683
vn 0.000000 -1.000000 0.000000
vn 0.000000 1.000000 0.000000
vn -0.382683 0.000000 0.923880
vn -0.382683 0.000000 0.923880
vn 0.000000 -1.000000 0.000000
vn 0.000000 1.000000 0.000000
vn 0.382683 0.000000 0.923880
vn 0.382683 0.000000 0.923880
vn 0.000000 -1.000000 0.000000
vn 0.000000 1.000000 0.000000
vn 0.923880 0.000000 0.382683
vn 0.923880 0.000000 0.382683
vn 0.000000 -1.000000 0.000000
vn 0.000000 1.000000 0.000000
vn 0.923880 0.000000 -0.382683
vn 0.923880 0.000000 -0.382683
vn 0.000000 -1.000000 0.000000
vn 0.000000 1.000000 0.000000
vn 0.382683 0.000000 -0.923880
vn 0.382683 0.000000 -0.923880
vn 0.000000 -1.000000 0.000000
vn 0.000000 1.000000 0.000000
vn 0.261112 -0.279763 0.923880
vn 0.261112 -0.279763 0.923880
vn -0.731055 -0.682318 0.000000
vn 0.731055 0.682318 0.000000
vn 0.630380 -0.675407 0.382683
vn 0.630380 -0.675407 0.382683
vn -0.731055 -0.682318 0.000000
vn 0.731055 0.682318 0.000000
vn 0.630380 -0.675407 -0.382683
vn 0.630380 -0.675407 -0.382683
vn -0.731055 -0.682318 -0.000000
vn 0.731055 0.682318 -0.000000
vn 0.261112 -0.279763 -0.923880
vn 0.261112 -0.279763 -0.923880
vn -0.731055 -0.682318 0.000000
vn 0.731055 0.682318 0.000000
vn -0.261112 0.279763 -0.923880
vn -0.261112 0.279763 -0.923880
vn -0.731055 -0.682318 0.000000
vn 0.731055 0.682318 0.000000
vn -0.630380 0.675407 -0.382683
vn -0.630380 0.675407 -0.382683
vn -0.731055 -0.682318 0.000000
vn 0.731055 0.682318 0.000000
vn -0.630380 0.675407 0.382683
vn -0.630380 0.675407 0.382683
vn -0.731055 -0.682318 -0.000000
vn 0.731055 0.682318 -0.000000
vn -0.261112 0.279763 0.923880
vn -0.261112 0.279763 0.923880
vn -0.731055 -0.682318 0.000000
vn 0.731055 0.682318 0.000000
vn 0.000000 -0.382683 0.923880
vn 0.000000 -0.382683 0.923880
vn -1.000000 0.000000 0.000000
vn 1.000000 0.000000 0.000000
vn 0.000000 -0.923880 0.382683
vn 0.000000 -0.923880 0.382683
vn -1.000000 0.000000 0.000000
vn 1.000000 0.000000 0.000000
vn 0.000000 -0.923880 -0.382683
vn 0.000000 -0.923880 -0.382683
vn -1.000000 0.000000 0.000000
vn 1.000000 0.000000 0.000000
vn 0.000000 -0.382683 -0.923880
vn 0.000000 -0.382683 -0.923880
vn -1.000000 0.000000 0.000000
vn 1.000000 0.000000 0.000000
vn 0.000000 0.382683 -0.923880
vn 0.000000 0.382683 -0.923880
vn -1.000000 0.000000 0.000000
vn 1.000000 0.000000 0.000000
vn 0.000000 0.923880 -0.382683
vn 0.000000 0.923880 -0.382683
vn -1.000000 0.000000 0.000000
vn 1.000000 0.000000 0.000000
vn 0.000000 0.923880 0.382683
vn 0.000000 0.923880 0.382683
vn -1.000000 0.000000 0.000000
vn 1.000000 0.000000 0.000000
vn 0.000000 0.382683 0.923880
vn 0.000000 0.382683 0.923880
vn -1.000000 0.000000 0.000000
vn 1.000000 0.000000 0.000000
vn 0.000000 -1.000000 0.000000
vn 0.000000 -1.000000 0.000000
vn 0.000000 1.000000 0.000000
vn 0.000000 1.000000 0.000000
vn 0.000000 0.000000 -1.000000
vn 0.000000 0.000000 -1.000000
vn 0.000000 0.000000 1.000000
vn 0.000000 0.000000 1.000000
vn -1.000000 0.000000 0.000000
vn -1.000000 0.000000 0.000000
vn 1.000000 0.000000 0.000000
vn 1.000000 0.000000 0.000000
vn 0.000000 -1.000000 0.000000
vn 0.000000 -1.000000 0.000000
vn 0.000000 1.000000 0.000000
vn 0.000000 1.000000 0.000000
vn 0.000000 0.000000 -1.000000
vn 0.000000 0.000000 -1.000000
vn 0.000000 0.000000 1.000000
vn 0.000000 0.000000 1.000000
vn -1.000000 0.000000 0.000000
vn -1.000000 0.000000 0.000000
vn 1.000000 0.000000 0.000000
vn 1.000000 0.000000 0.000000
vn 0.000000 -1.000000 0.000000
vn 0.000000 -1.000000 0.000000
vn 0.000000 1.000000 0.000000
vn 0.000000 1.000000 0.000000
vn 0.000000 0.000000 -1.000000
vn 0.000000 0.000000 -1.000000
vn 0.000000 0.000000 1.000000
vn 0.000000 0.000000 1.000000
vn -1.000000 0.000000 0.000000
vn -1.000000 0.000000 0.000000
vn 1.000000 0.000000 0.000000
vn 1.000000 0.000000 0.000000
vn 0.000000 -1.000000 0.000000
vn 0.000000 -1.000000 0.000000
vn 0.000000 1.000000 0.000000
vn 0.000000 1.000000 0.000000
vn 0.000000 0.000000 -1.000000
vn 0.000000 0.000000 -1.000000
vn 0.000000 0.000000 1.000000
vn 0.000000 0.000000 1.000000
vn -1.000000 0.000000 0.000000
vn -1.000000 0.000000 0.000000
vn 1.000000 0.000000 0.000000
vn 1.000000 0.000000 0.000000
vn 0.000000 -1.000000 0.000000
vn 0.000000 -1.000000 0.000000
vn 0.000000 1.000000 0.000000
vn 0.000000 1.000000 0.000000
vn 0.000000 0.000000 -1.000000
vn 0.000000 0.000000 -1.000000
vn 0.000000 0.000000 1.000000
vn 0.000000 0.000000 1.000000
vn -1.000000 0.000000 0.000000
vn -1.000000 0.000000 0.000000
vn 1.000000 0.000000 0.000000
vn 1.000000 0.000000 0.000000
vn -0.923880 -0.382683 0.000000
vn -0.923880 -0.382683 0.000000
vn 0.000000 0.000000 -1.000000
vn 0.000000 0.000000 1.000000
vn -0.382683 -0.923880 0.000000
vn -0.382683 -0.923880 0.000000
vn 0.000000 0.000000 -1.000000
vn 0.000000 0.000000 1.000000
vn 0.382683 -0.923880 0.000000
vn 0.382683 -0.923880 0.000000
vn 0.000000 0.000000 -1.000000
vn 0.000000 0.000000 1.000000
vn 0.923880 -0.382683 0.000000
vn 0.923880 -0.382683 0.000000
vn 0.000000 0.000000 -1.000000
vn 0.000000 0.000000 1.000000
vn 0.923880 0.382683 0.000000
vn 0.923880 0.382683 0.000000
vn 0.000000 0.000000 -1.000000
vn 0.000000 0.000000 1.000000
vn 0.382683 0.923880 0.000000
vn 0.382683 0.923880 0.000000
vn 0.000000 0.000000 -1.000000
vn 0.000000 0.000000 1.000000
vn -0.382683 0.923880 0.000000
vn -0.382683 0.923880 0.000000
vn 0.000000 0.000000 -1.000000
vn 0.000000 0.000000 1.000000
vn -0.923880 0.382683 0.000000
vn -0.923880 0.382683 0.000000
vn 0.000000 0.000000 -1.000000
vn 0.000000 0.000000 1.000000
vn -0.923880 -0.382683 0.000000
vn -0.923880 -0.382683 0.000000
vn 0.000000 0.000000 -1.000000
vn 0.000000 0.000000 1.000000
vn -0.382683 -0.923880 0.000000
vn -0.382683 -0.923880 0.000000
vn 0.000000 0.000000 -1.000000
vn 0.000000 0.000000 1.000000
vn 0.382683 -0.923880 0.000000
vn 0.382683 -0.923880 0.000000
vn 0.000000 0.000000 -1.000000
vn 0.000000 0.000000 1.000000
vn 0.923880 -0.382683 0.000000
vn 0.923880 -0.382683 0.000000
vn 0.000000 0.000000 -1.000000
vn 0.000000 0.000000 1.000000
vn 0.923880 0.382683 0.000000
vn 0.923880 0.382683 0.000000
vn 0.000000 0.000000 -1.000000
vn 0.000000 0.000000 1.000000
vn 0.382683 0.923880 0.000000
vn 0.382683 0.923880 0.000000
vn 0.000000 0.000000 -1.000000
vn 0.000000 0.000000 1.000000
vn -0.382683 0.923880 0.000000
vn -0.382683 0.923880 0.000000
vn 0.000000 0.000000 -1.000000
vn 0.000000 0.000000 1.000000
vn -0.923880 0.382683 0.000000
vn -0.923880 0.382683 0.000000
vn 0.000000 0.000000 -1.000000
vn 0.000000 0.000000 1.000000
vn -0.923880 -0.382683 0.000000
vn -0.923880 -0.382683 0.000000
vn 0.000000 0.000000 -1.000000
vn 0.000000 0.000000 1.000000
vn -0.382683 -0.923880 0.000000
vn -0.382683 -0.923880 0.000000
vn 0.000000 0.000000 -1.000000
vn 0.000000 0.000000 1.000000
vn 0.382683 -0.923880 0.000000
vn 0.382683 -0.923880 0.000000
vn 0.000000 0.000000 -1.000000
vn 0.000000 0.000000 1.000000
vn 0.923880 -0.382683 0.000000
vn 0.923880 -0.382683 0.000000
vn 0.000000 0.000000 -1.000000
vn 0.000000 0.000000 1.000000
vn 0.923880 0.382683 0.000000
vn 0.923880 0.382683 0.000000
vn 0.000000 0.000000 -1.000000
vn 0.000000 0.000000 1.000000
vn 0.382683 0.923880 0.000000
vn 0.382683 0.923880 0.000000
vn 0.000000 0.000000 -1.000000
vn 0.000000 0.000000 1.000000
vn -0.382683 0.923880 0.000000
vn -0.382683 0.923880 0.000000
vn 0.000000 0.000000 -1.000000
vn 0.000000 0.000000 1.000000
vn -0.923880 0.382683 0.000000
vn -0.923880 0.382683 0.000000
vn 0.000000 0.000000 -1.000000
vn 0.000000 0.000000 1.000000
vn 0.000000 -1.000000 0.000000
vn 0.000000 -1.000000 0.000000
vn 0.000000 1.000000 0.000000
vn 0.000000 1.000000 0.000000
vn 0.000000 0.000000 -1.000000
vn 0.000000 0.000000 -1.000000
vn 0.000000 0.000000 1.000000
vn 0.000000 0.000000 1.000000
vn -1.000000 0.000000 0.000000
vn -1.000000 0.000000 0.000000
vn 1.000000 0.000000 0.000000
vn 1.000000 0.000000 0.000000
vn -0.923880 -0.382683 0.000000
vn -0.923880 -0.382683 0.000000
vn 0.000000 0.000000 -1.000000
vn 0.000000 0.000000 1.000000
vn -0.382683 -0.923880 0.000000
vn -0.382683 -0.923880 0.000000
vn 0.000000 0.000000 -1.000000
vn 0.000000 0.000000 1.000000
vn 0.382683 -0.923880 0.000000
vn 0.382683 -0.923880 0.000000
vn 0.000000 0.000000 -1.000000
vn 0.000000 0.000000 1.000000
vn 0.923880 -0.382683 0.000000
vn 0.923880 -0.382683 0.000000
vn 0.000000 0.000000 -1.000000
vn 0.000000 0.000000 1.000000
vn 0.923880 0.382683 0.000000
vn 0.923880 0.382683 0.000000
vn 0.000000 0.000000 -1.000000
vn 0.000000 0.000000 1.000000
vn 0.382683 0.923880 0.000000
vn 0.382683 0.923880 0.000000
vn 0.000000 0.000000 -1.000000
vn 0.000000 0.000000 1.000000
vn -0.382683 0.923880 0.000000
vn -0.382683 0.923880 0.000000
vn 0.000000 0.000000 -1.000000
vn 0.000000 0.000000 1.000000
vn -0.923880 0.382683 0.000000
vn -0.923880 0.382683 0.000000
vn 0.000000 0.000000 -1.000000
vn 0.000000 0.000000 1.000000
vn -0.923880 -0.382683 0.000000
vn -0.923880 -0.382683 0.000000
vn 0.000000 0.000000 -1.000000
vn 0.000000 0.000000 1.000000
vn -0.382683 -0.923880 0.000000
vn -0.382683 -0.923880 0.000000
vn 0.000000 0.000000 -1.000000
vn 0.000000 0.000000 1.000000
vn 0.382683 -0.923880 0.000000
vn 0.382683 -0.923880 0.000000
vn 0.000000 0.000000 -1.000000
vn 0.000000 0.000000 1.000000
vn 0.923880 -0.382683 0.000000
vn 0.923880 -0.382683 0.000000
vn 0.000000 0.000000 -1.000000
vn 0.000000 0.000000 1.000000
vn 0.923880 0.382683 0.000000
vn 0.923880 0.382683 0.000000
vn 0.000000 0.000000 -1.000000
vn 0.000000 0.000000 1.000000
vn 0.382683 0.923880 0.000000
vn 0.382683 0.923880 0.000000
vn 0.000000 0.000000 -1.000000
vn 0.000000 0.000000 1.000000
vn -0.382683 0.923880 0.000000
vn -0.382683 0.923880 0.000000
vn 0.000000 0.000000 -1.000000
vn 0.000000 0.000000 1.000000
vn -0.923880 0.382683 0.000000
vn -0.923880 0.382683 0.000000
vn 0.000000 0.000000 -1.000000
vn 0.000000 0.000000 1.000000
vn -0.923880 -0.382683 0.000000
vn -0.923880 -0.382683 0.000000
vn 0.000000 0.000000 -1.000000
vn 0.000000 0.000000 1.000000
vn -0.382683 -0.923880 0.000000
vn -0.382683 -0.923880 0.000000
vn 0.000000 0.000000 -1.000000
vn 0.000000 0.000000 1.000000
vn 0.382683 -0.923880 0.000000
vn 0.382683 -0.923880 0.000000
vn 0.000000 0.000000 -1.000000
vn 0.000000 0.000000 1.000000
vn 0.923880 -0.382683 0.000000
vn 0.923880 -0.382683 0.000000
vn 0.000000 0.000000 -1.000000
vn 0.000000 0.000000 1.000000
vn 0.923880 0.382683 0.000000
vn 0.923880 0.382683 0.000000
vn 0.000000 0.000000 -1.000000
vn 0.000000 0.000000 1.000000
vn 0.382683 0.923880 0.000000
vn 0.382683 0.923880 0.000000
vn 0.000000 0.000000 -1.000000
vn 0.000000 0.000000 1.000000
vn -0.382683 0.923880 0.000000
vn -0.382683 0.923880 0.000000
vn 0.000000 0.000000 -1.000000
vn 0.000000 0.000000 1.000000
vn -0.923880 0.382683 0.000000
vn -0.923880 0.382683 0.000000
vn 0.000000 0.000000 -1.000000
vn 0.000000 0.000000 1.000000
vn 0.000000 -1.000000 0.000000
vn 0.000000 -1.000000 0.000000
vn 0.000000 1.000000 0.000000
vn 0.000000 1.000000 0.000000
vn 0.000000 0.000000 -1.000000
vn 0.000000 0.000000 -1.000000
vn 0.000000 0.000000 1.000000
vn 0.000000 0.000000 1.000000
vn -1.000000 0.000000 0.000000
vn -1.000000 0.000000 0.000000
vn 1.000000 0.000000 0.000000
vn 1.000000 0.000000 0.000000
vn -0.923880 -0.382683 0.000000
vn -0.923880 -0.382683 0.000000
vn 0.000000 0.000000 -1.000000
vn 0.000000 0.000000 1.000000
vn -0.382683 -0.923880 0.000000
vn -0.382683 -0.923880 0.000000
vn 0.000000 0.000000 -1.000000
vn 0.000000 0.000000 1.000000
vn 0.382683 -0.923880 0.000000
vn 0.382683 -0.923880 0.000000
vn 0.000000 0.000000 -1.000000
vn 0.000000 0.000000 1.000000
vn 0.923880 -0.382683 0.000000
vn 0.923880 -0.382683 0.000000
vn 0.000000 0.000000 -1.000000
vn 0.000000 0.000000 1.000000
vn 0.923880 0.382683 0.000000
vn 0.923880 0.382683 0.000000
vn 0.000000 0.000000 -1.000000
vn 0.000000 0.000000 1.000000
vn 0.382683 0.923880 0.000000
vn 0.382683 0.923880 0.000000
vn 0.000000 0.000000 -1.000000
vn 0.000000 0.000000 1.000000
vn -0.382683 0.923880 0.000000
vn -0.382683 0.923880 0.000000
vn 0.000000 0.000000 -1.000000
vn 0.000000 0.000000 1.000000
vn -0.923880 0.382683 0.000000
vn -0.923880 0.382683 0.000000
vn 0.000000 0.000000 -1.000000
vn 0.000000 0.000000 1.000000
vn -0.923880 -0.382683 0.000000
vn -0.923880 -0.382683 0.000000
vn 0.000000 0.000000 -1.000000
vn 0.000000 0.000000 1.000000
vn -0.382683 -0.923880 0.000000
vn -0.382683 -0.923880 0.000000
vn 0.000000 0.000000 -1.000000
vn 0.000000 0.000000 1.000000
vn 0.382683 -0.923880 0.000000
vn 0.382683 -0.923880 0.000000
vn 0.000000 0.000000 -1.000000
vn 0.000000 0.000000 1.000000
vn 0.923880 -0.382683 0.000000
vn 0.923880 -0.382683 0.000000
vn 0.000000 0.000000 -1.000000
vn 0.000000 0.000000 1.000000
vn 0.923880 0.382683 0.000000
vn 0.923880 0.382683 0.000000
vn 0.000000 0.000000 -1.000000
vn 0.000000 0.000000 1.000000
vn 0.382683 0.923880 0.000000
vn 0.382683 0.923880 0.000000
vn 0.000000 0.000000 -1.000000
vn 0.000000 0.000000 1.000000
vn -0.382683 0.923880 0.000000
vn -0.382683 0.923880 0.000000
vn 0.000000 0.000000 -1.000000
vn 0.000000 0.000000 1.000000
vn -0.923880 0.382683 0.000000
vn -0.923880 0.382683 0.000000
vn 0.000000 0.000000 -1.000000
vn 0.000000 0.000000 1.000000
vn -0.923880 -0.382683 0.000000
vn -0.923880 -0.382683 0.000000
vn 0.000000 0.000000 -1.000000
vn 0.000000 0.000000 1.000000
vn -0.382683 -0.923880 0.000000
vn -0.382683 -0.923880 0.000000
vn 0.000000 0.000000 -1.000000
vn 0.000000 0.000000 1.000000
vn 0.382683 -0.923880 0.000000
vn 0.382683 -0.923880 0.000000
vn 0.000000 0.000000 -1.000000
vn 0.000000 0.000000 1.000000
vn 0.923880 -0.382683 0.000000
vn 0.923880 -0.382683 0.000000
vn 0.000000 0.000000 -1.000000
vn 0.000000 0.000000 1.000000
vn 0.923880 0.382683 0.000000
vn 0.923880 0.382683 0.000000
vn 0.000000 0.000000 -1.000000
vn 0.000000 0.000000 1.000000
vn 0.382683 0.923880 0.000000
vn 0.382683 0.923880 0.000000
vn 0.000000 0.000000 -1.000000
vn 0.000000 0.000000 1.000000
vn -0.382683 0.923880 0.000000
vn -0.382683 0.923880 0.000000
vn 0.000000 0.000000 -1.000000
vn 0.000000 0.000000 1.000000
vn -0.923880 0.382683 0.000000
vn -0.923880 0.382683 0.000000
vn 0.000000 0.000000 -1.000000
vn 0.000000 0.000000 1.000000
vn 0.000000 -1.000000 0.000000
vn 0.000000 -1.000000 0.000000
vn 0.000000 1.000000 0.000000
vn 0.000000 1.000000 0.000000
vn 0.000000 0.000000 -1.000000
vn 0.000000 0.000000 -1.000000
vn 0.000000 0.000000 1.000000
vn 0.000000 0.000000 1.000000
vn -1.000000 0.000000 0.000000
vn -1.000000 0.000000 0.000000
vn 1.000000 0.000000 0.000000
vn 1.000000 0.000000 0.000000
vn -0.923880 -0.382683 0.000000
vn -0.923880 -0.382683 0.000000
vn 0.000000 0.000000 -1.000000
vn 0.000000 0.000000 1.000000
vn -0.382683 -0.923880 0.000000
vn -0.382683 -0.923880 0.000000
vn 0.000000 0.000000 -1.000000
vn 0.000000 0.000000 1.000000
vn 0.382683 -0.923880 0.000000
vn 0.382683 -0.923880 0.000000
vn 0.000000 0.000000 -1.000000
vn 0.000000 0.000000 1.000000
vn 0.923880 -0.382683 0.000000
vn 0.923880 -0.382683 0.000000
vn 0.000000 0.000000 -1.000000
vn 0.000000 0.000000 1.000000
vn 0.923880 0.382683 0.000000
vn 0.923880 0.382683 0.000000
vn 0.000000 0.000000 -1.000000
vn 0.000000 0.000000 1.000000
vn 0.382683 0.923880 0.000000
vn 0.382683 0.923880 0.000000
vn 0.000000 0.000000 -1.000000
vn 0.000000 0.000000 1.000000
vn -0.382683 0.923880 0.000000
vn -0.382683 0.923880 0.000000
vn 0.000000 0.000000 -1.000000
vn 0.000000 0.000000 1.000000
vn -0.923880 0.382683 0.000000
vn -0.923880 0.382683 0.000000
vn 0.000000 0.000000 -1.000000
vn 0.000000 0.000000 1.000000
vn -0.923880 -0.382683 0.000000
vn -0.923880 -0.382683 0.000000
vn 0.000000 0.000000 -1.000000
vn 0.000000 0.000000 1.000000
vn -0.382683 -0.923880 0.000000
vn -0.382683 -0.923880 0.000000
vn 0.000000 0.000000 -1.000000
vn 0.000000 0.000000 1.000000
vn 0.382683 -0.923880 0.000000
vn 0.382683 -0.923880 0.000000
vn 0.000000 0.000000 -1.000000
vn 0.000000 0.000000 1.000000
vn 0.923880 -0.382683 0.000000
vn 0.923880 -0.382683 0.000000
vn 0.000000 0.000000 -1.000000
vn 0.000000 0.000000 1.000000
vn 0.923880 0.382683 0.000000
vn 0.923880 0.382683 0.000000
vn 0.000000 0.000000 -1.000000
vn 0.000000 0.000000 1.000000
vn 0.382683 0.923880 0.000000
vn 0.382683 0.923880 0.000000
vn 0.000000 0.000000 -1.000000
vn 0.000000 0.000000 1.000000
vn -0.382683 0.923880 0.000000
vn -0.382683 0.923880 0.000000
vn 0.000000 0.000000 -1.000000
vn 0.000000 0.000000 1.000000
vn -0.923880 0.382683 0.000000
vn -0.923880 0.382683 0.000000
vn 0.000000 0.000000 -1.000000
vn 0.000000 0.000000 1.000000
vn -0.923880 -0.382683 0.000000
vn -0.923880 -0.382683 0.000000
vn 0.000000 0.000000 -1.000000
vn 0.000000 0.000000 1.000000
vn -0.382683 -0.923880 0.000000
vn -0.382683 -0.923880 0.000000
vn 0.000000 0.000000 -1.000000
vn 0.000000 0.000000 1.000000
vn 0.382683 -0.923880 0.000000
vn 0.382683 -0.923880 0.000000
vn 0.000000 0.000000 -1.000000
vn 0.000000 0.000000 1.000000
vn 0.923880 -0.382683 0.000000
vn 0.923880 -0.382683 0.000000
vn 0.000000 0.000000 -1.000000
vn 0.000000 0.000000 1.000000
vn 0.923880 0.382683 0.000000
vn 0.923880 0.382683 0.000000
vn 0.000000 0.000000 -1.000000
vn 0.000000 0.000000 1.000000
vn 0.382683 0.923880 0.000000
vn 0.382683 0.923880 0.000000
vn 0.000000 0.000000 -1.000000
vn 0.000000 0.000000 1.000000
vn -0.382683 0.923880 0.000000
vn -0.382683 0.923880 0.000000
vn 0.000000 0.000000 -1.000000
vn 0.000000 0.000000 1.000000
vn -0.923880 0.382683 0.000000
vn -0.923880 0.382683 0.000000
vn 0.000000 0.000000 -1.000000
vn 0.000000 0.000000 1.000000
vn 0.000000 -1.000000 0.000000
vn 0.000000 -1.000000 0.000000
vn 0.000000 1.000000 0.000000
vn 0.000000 1.000000 0.000000
vn 0.000000 0.000000 -1.000000
vn 0.000000 0.000000 -1.000000
vn 0.000000 0.000000 1.000000
vn 0.000000 0.000000 1.000000
vn -1.000000 0.000000 0.000000
vn -1.000000 0.000000 0.000000
vn 1.000000 0.000000 0.000000
vn 1.000000 0.000000 0.000000
vn -0.923880 -0.382683 0.000000
vn -0.923880 -0.382683 0.000000
vn 0.000000 0.000000 -1.000000
vn 0.000000 0.000000 1.000000
vn -0.382683 -0.923880 0.000000
vn -0.382683 -0.923880 0.000000
vn 0.000000 0.000000 -1.000000
vn 0.000000 0.000000 1.000000
vn 0.382683 -0.923880 0.000000
vn 0.382683 -0.923880 0.000000
vn 0.000000 0.000000 -1.000000
vn 0.000000 0.000000 1.000000
vn 0.923880 -0.382683 0.000000
vn 0.923880 -0.382683 0.000000
vn 0.000000 0.000000 -1.000000
vn 0.000000 0.000000 1.000000
vn 0.923880 0.382683 0.000000
vn 0.923880 0.382683 0.000000
vn 0.000000 0.000000 -1.000000
vn 0.000000 0.000000 1.000000
vn 0.382683 0.923880 0.000000
vn 0.382683 0.923880 0.000000
vn 0.000000 0.000000 -1.000000
vn 0.000000 0.000000 1.000000
vn -0.382683 0.923880 0.000000
vn -0.382683 0.923880 0.000000
vn 0.000000 0.000000 -1.000000
vn 0.000000 0.000000 1.000000
vn -0.923880 0.382683 0.000000
vn -0.923880 0.382683 0.000000
vn 0.000000 0.000000 -1.000000
vn 0.000000 0.000000 1.000000
vn -0.923880 -0.382683 0.000000
vn -0.923880 -0.382683 0.000000
vn 0.000000 0.000000 -1.000000
vn 0.000000 0.000000 1.000000
vn -0.382683 -0.923880 0.000000
vn -0.382683 -0.923880 0.000000
vn 0.000000 0.000000 -1.000000
vn 0.000000 0.000000 1.000000
vn 0.382683 -0.923880 0.000000
vn 0.382683 -0.923880 0.000000
vn 0.000000 0.000000 -1.000000
vn 0.000000 0.000000 1.000000
vn 0.923880 -0.382683 0.000000
vn 0.923880 -0.382683 0.000000
vn 0.000000 0.000000 -1.000000
vn 0.000000 0.000000 1.000000
vn 0.923880 0.382683 0.000000
vn 0.923880 0.382683 0.000000
vn 0.000000 0.000000 -1.000000
vn 0.000000 0.000000 1.000000
vn 0.382683 0.923880 0.000000
vn 0.382683 0.923880 0.000000
vn 0.000000 0.000000 -1.000000
vn 0.000000 0.000000 1.000000
vn -0.382683 0.923880 0.000000
vn -0.382683 0.923880 0.000000
vn 0.000000 0.000000 -1.000000
vn 0.000000 0.000000 1.000000
vn -0.923880 0.382683 0.000000
vn -0.923880 0.382683 0.000000
vn 0.000000 0.000000 -1.000000
vn 0.000000 0.000000 1.000000
vn -0.923880 -0.382683 0.000000
vn -0.923880 -0.382683 0.000000
vn 0.000000 0.000000 -1.000000
vn 0.000000 0.000000 1.000000
vn -0.382683 -0.923880 0.000000
vn -0.382683 -0.923880 0.000000
vn 0.000000 0.000000 -1.000000
vn 0.000000 0.000000 1.000000
vn 0.382683 -0.923880 0.000000
vn 0.382683 -0.923880 0.000000
vn 0.000000 0.000000 -1.000000
vn 0.000000 0.000000 1.000000
vn 0.923880 -0.382683 0.000000
vn 0.923880 -0.382683 0.000000
vn 0.000000 0.000000 -1.000000
vn 0.000000 0.000000 1.000000
vn 0.923880 0.382683 0.000000
vn 0.923880 0.382683 0.000000
vn 0.000000 0.000000 -1.000000
vn 0.000000 0.000000 1.000000
vn 0.382683 0.923880 0.000000
vn 0.382683 0.923880 0.000000
vn 0.000000 0.000000 -1.000000
vn 0.000000 0.000000 1.000000
vn -0.382683 0.923880 0.000000
vn -0.382683 0.923880 0.000000
vn 0.000000 0.000000 -1.000000
vn 0.000000 0.000000 1.000000
vn -0.923880 0.382683 0.000000
vn -0.923880 0.382683 0.000000
vn 0.000000 0.000000 -1.000000
vn 0.000000 0.000000 1.000000
g Floor_Base
usemtl FloorSteel
f 1//1 2//1 6//1
f 1//2 6//2 5//2
f 4//3 8//3 7//3
f 4//4 7//4 3//4
f 1//5 4//5 3//5
f 1//6 3//6 2//6
f 5//7 6//7 7//7
f 5//8 7//8 8//8
f 1//9 5//9 8//9
f 1//10 8//10 4//10
f 2//11 3//11 7//11
f 2//12 7//12 6//12
g Rear_Bulkhead
usemtl HullDark
f 9//13 10//13 14//13
f 9//14 14//14 13//14
f 12//15 16//15 15//15
f 12//16 15//16 11//16
f 9//17 12//17 11//17
f 9//18 11//18 10//18
f 13//19 14//19 15//19
f 13//20 15//20 16//20
f 9//21 13//21 16//21
f 9//22 16//22 12//22
f 10//23 11//23 15//23
f 10//24 15//24 14//24
g Ceiling
f 17//25 18//25 22//25
f 17//26 22//26 21//26
f 20//27 24//27 23//27
f 20//28 23//28 19//28
f 17//29 20//29 19//29
f 17//30 19//30 18//30
f 21//31 22//31 23//31
f 21//32 23//32 24//32
f 17//33 21//33 24//33
f 17//34 24//34 20//34
f 18//35 19//35 23//35
f 18//36 23//36 22//36
g Port_Lower_Wall
usemtl ArmorGrey
f 25//37 26//37 30//37
f 25//38 30//38 29//38
f 28//39 32//39 31//39
f 28//40 31//40 27//40
f 25//41 28//41 27//41
f 25//42 27//42 26//42
f 29//43 30//43 31//43
f 29//44 31//44 32//44
f 25//45 29//45 32//45
f 25//46 32//46 28//46
f 26//47 27//47 31//47
f 26//48 31//48 30//48
g Starboard_Lower_Wall
f 33//49 34//49 38//49
f 33//50 38//50 37//50
f 36//51 40//51 39//51
f 36//52 39//52 35//52
f 33//53 36//53 35//53
f 33//54 35//54 34//54
f 37//55 38//55 39//55
f 37//56 39//56 40//56
f 33//57 37//57 40//57
f 33//58 40//58 36//58
f 34//59 35//59 39//59
f 34//60 39//60 38//60
g Port_Upper_Wall
usemtl HullDark
f 41//61 42//61 46//61
f 41//62 46//62 45//62
f 44//63 48//63 47//63
f 44//64 47//64 43//64
f 41//65 44//65 43//65
f 41//66 43//66 42//66
f 45//67 46//67 47//67
f 45//68 47//68 48//68
f 41//69 45//69 48//69
f 41//70 48//70 44//70
f 42//71 43//71 47//71
f 42//72 47//72 46//72
g Starboard_Upper_Wall
f 49//73 50//73 54//73
f 49//74 54//74 53//74
f 52//75 56//75 55//75
f 52//76 55//76 51//76
f 49//77 52//77 51//77
f 49//78 51//78 50//78
f 53//79 54//79 55//79
f 53//80 55//80 56//80
f 49//81 53//81 56//81
f 49//82 56//82 52//82
f 50//83 51//83 55//83
f 50//84 55//84 54//84
g Floor_Rails
usemtl TrimMetal
f 57//85 58//85 62//85
f 57//86 62//86 61//86
f 60//87 64//87 63//87
f 60//88 63//88 59//88
f 57//89 60//89 59//89
f 57//90 59//90 58//90
f 61//91 62//91 63//91
f 61//92 63//92 64//92
f 57//93 61//93 64//93
f 57//94 64//94 60//94
f 58//95 59//95 63//95
f 58//96 63//96 62//96
f 65//97 66//97 70//97
f 65//98 70//98 69//98
f 68//99 72//99 71//99
f 68//100 71//100 67//100
f 65//101 68//101 67//101
f 65//102 67//102 66//102
f 69//103 70//103 71//103
f 69//104 71//104 72//104
f 65//105 69//105 72//105
f 65//106 72//106 68//106
f 66//107 67//107 71//107
f 66//108 71//108 70//108
f 73//109 74//109 78//109
f 73//110 78//110 77//110
f 76//111 80//111 79//111
f 76//112 79//112 75//112
f 73//113 76//113 75//113
f 73//114 75//114 74//114
f 77//115 78//115 79//115
f 77//116 79//116 80//116
f 73//117 77//117 80//117
f 73//118 80//118 76//118
f 74//119 75//119 79//119
f 74//120 79//120 78//120
f 81//121 82//121 86//121
f 81//122 86//122 85//122
f 84//123 88//123 87//123
f 84//124 87//124 83//124
f 81//125 84//125 83//125
f 81//126 83//126 82//126
f 85//127 86//127 87//127
f 85//128 87//128 88//128
f 81//129 85//129 88//129
f 81//130 88//130 84//130
f 82//131 83//131 87//131
f 82//132 87//132 86//132
f 89//133 90//133 94//133
f 89//134 94//134 93//134
f 92//135 96//135 95//135
f 92//136 95//136 91//136
f 89//137 92//137 91//137
f 89//138 91//138 90//138
f 93//139 94//139 95//139
f 93//140 95//140 96//140
f 89//141 93//141 96//141
f 89//142 96//142 92//142
f 90//143 91//143 95//143
f 90//144 95//144 94//144
f 97//145 98//145 102//145
f 97//146 102//146 101//146
f 100//147 104//147 103//147
f 100//148 103//148 99//148
f 97//149 100//149 99//149
f 97//150 99//150 98//150
f 101//151 102//151 103//151
f 101//152 103//152 104//152
f 97//153 101//153 104//153
f 97//154 104//154 100//154
f 98//155 99//155 103//155
f 98//156 103//156 102//156
f 105//157 106//157 110//157
f 105//158 110//158 109//158
f 108//159 112//159 111//159
f 108//160 111//160 107//160
f 105//161 108//161 107//161
f 105//162 107//162 106//162
f 109//163 110//163 111//163
f 109//164 111//164 112//164
f 105//165 109//165 112//165
f 105//166 112//166 108//166
f 106//167 107//167 111//167
f 106//168 111//168 110//168
f 113//169 114//169 118//169
f 113//170 118//170 117//170
f 116//171 120//171 119//171
f 116//172 119//172 115//172
f 113//173 116//173 115//173
f 113//174 115//174 114//174
f 117//175 118//175 119//175
f 117//176 119//176 120//176
f 113//177 117//177 120//177
f 113//178 120//178 116//178
f 114//179 115//179 119//179
f 114//180 119//180 118//180
g Floor_Grooves
usemtl HullDark
f 121//181 122//181 126//181
f 121//182 126//182 125//182
f 124//183 128//183 127//183
f 124//184 127//184 123//184
f 121//185 124//185 123//185
f 121//186 123//186 122//186
f 125//187 126//187 127//187
f 125//188 127//188 128//188
f 121//189 125//189 128//189
f 121//190 128//190 124//190
f 122//191 123//191 127//191
f 122//192 127//192 126//192
f 129//193 130//193 134//193
f 129//194 134//194 133//194
f 132//195 136//195 135//195
f 132//196 135//196 131//196
f 129//197 132//197 131//197
f 129//198 131//198 130//198
f 133//199 134//199 135//199
f 133//200 135//200 136//200
f 129//201 133//201 136//201
f 129//202 136//202 132//202
f 130//203 131//203 135//203
f 130//204 135//204 134//204
f 137//205 138//205 142//205
f 137//206 142//206 141//206
f 140//207 144//207 143//207
f 140//208 143//208 139//208
f 137//209 140//209 139//209
f 137//210 139//210 138//210
f 141//211 142//211 143//211
f 141//212 143//212 144//212
f 137//213 141//213 144//213
f 137//214 144//214 140//214
f 138//215 139//215 143//215
f 138//216 143//216 142//216
f 145//217 146//217 150//217
f 145//218 150//218 149//218
f 148//219 152//219 151//219
f 148//220 151//220 147//220
f 145//221 148//221 147//221
f 145//222 147//222 146//222
f 149//223 150//223 151//223
f 149//224 151//224 152//224
f 145//225 149//225 152//225
f 145//226 152//226 148//226
f 146//227 147//227 151//227
f 146//228 151//228 150//228
g Floor_Cable_Channels
usemtl PipeBlack
f 153//229 154//229 158//229
f 153//230 158//230 157//230
f 156//231 160//231 159//231
f 156//232 159//232 155//232
f 153//233 156//233 155//233
f 153//234 155//234 154//234
f 157//235 158//235 159//235
f 157//236 159//236 160//236
f 153//237 157//237 160//237
f 153//238 160//238 156//238
f 154//239 155//239 159//239
f 154//240 159//240 158//240
f 161//241 162//241 166//241
f 161//242 166//242 165//242
f 164//243 168//243 167//243
f 164//244 167//244 163//244
f 161//245 164//245 163//245
f 161//246 163//246 162//246
f 165//247 166//247 167//247
f 165//248 167//248 168//248
f 161//249 165//249 168//249
f 161//250 168//250 164//250
f 162//251 163//251 167//251
f 162//252 167//252 166//252
g Forward_Canopy_Glass
usemtl CanopyGlass
f 169//253 172//253 171//253
f 169//254 171//254 170//254
f 173//255 174//255 175//255
f 173//256 175//256 176//256
f 169//257 173//257 174//257
f 169//258 174//258 170//258
f 170//259 174//259 175//259
f 170//260 175//260 171//260
f 171//261 175//261 176//261
f 171//262 176//262 172//262
f 172//263 176//263 173//263
f 172//264 173//264 169//264
f 177//265 180//265 179//265
f 177//266 179//266 178//266
f 181//267 182//267 183//267
f 181//268 183//268 184//268
f 177//269 181//269 182//269
f 177//270 182//270 178//270
f 178//271 182//271 183//271
f 178//272 183//272 179//272
f 179//273 183//273 184//273
f 179//274 184//274 180//274
f 180//275 184//275 181//275
f 180//276 181//276 177//276
f 185//277 188//277 187//277
f 185//278 187//278 186//278
f 189//279 190//279 191//279
f 189//280 191//280 192//280
f 185//281 189//281 190//281
f 185//282 190//282 186//282
f 186//283 190//283 191//283
f 186//284 191//284 187//284
f 187//285 191//285 192//285
f 187//286 192//286 188//286
f 188//287 192//287 189//287
f 188//288 189//288 185//288
g Canopy_Frame
usemtl TrimMetal
f 193//289 195//289 196//289
f 193//290 196//290 194//290
f 217//291 195//291 193//291
f 218//292 194//292 196//292
f 195//293 197//293 198//293
f 195//294 198//294 196//294
f 217//295 197//295 195//295
f 218//296 196//296 198//296
f 197//297 199//297 200//297
f 197//298 200//298 198//298
f 217//299 199//299 197//299
f 218//300 198//300 200//300
f 199//301 201//301 202//301
f 199//302 202//302 200//302
f 217//303 201//303 199//303
f 218//304 200//304 202//304
f 201//305 203//305 204//305
f 201//306 204//306 202//306
f 217//307 203//307 201//307
f 218//308 202//308 204//308
f 203//309 205//309 206//309
f 203//310 206//310 204//310
f 217//311 205//311 203//311
f 218//312 204//312 206//312
f 205//313 207//313 208//313
f 205//314 208//314 206//314
f 217//315 207//315 205//315
f 218//316 206//316 208//316
f 207//317 209//317 210//317
f 207//318 210//318 208//318
f 217//319 209//319 207//319
f 218//320 208//320 210//320
f 209//321 211//321 212//321
f 209//322 212//322 210//322
f 217//323 211//323 209//323
f 218//324 210//324 212//324
f 211//325 213//325 214//325
f 211//326 214//326 212//326
f 217//327 213//327 211//327
f 218//328 212//328 214//328
f 213//329 215//329 216//329
f 213//330 216//330 214//330
f 217//331 215//331 213//331
f 218//332 214//332 216//332
f 215//333 193//333 194//333
f 215//334 194//334 216//334
f 217//335 193//335 215//335
f 218//336 216//336 194//336
f 219//337 221//337 222//337
f 219//338 222//338 220//338
f 243//339 221//339 219//339
f 244//340 220//340 222//340
f 221//341 223//341 224//341
f 221//342 224//342 222//342
f 243//343 223//343 221//343
f 244//344 222//344 224//344
f 223//345 225//345 226//345
f 223//346 226//346 224//346
f 243//347 225//347 223//347
f 244//348 224//348 226//348
f 225//349 227//349 228//349
f 225//350 228//350 226//350
f 243//351 227//351 225//351
f 244//352 226//352 228//352
f 227//353 229//353 230//353
f 227//354 230//354 228//354
f 243//355 229//355 227//355
f 244//356 228//356 230//356
f 229//357 231//357 232//357
f 229//358 232//358 230//358
f 243//359 231//359 229//359
f 244//360 230//360 232//360
f 231//361 233//361 234//361
f 231//362 234//362 232//362
f 243//363 233//363 231//363
f 244//364 232//364 234//364
f 233//365 235//365 236//365
f 233//366 236//366 234//366
f 243//367 235//367 233//367
f 244//368 234//368 236//368
f 235//369 237//369 238//369
f 235//370 238//370 236//370
f 243//371 237//371 235//371
f 244//372 236//372 238//372
f 237//373 239//373 240//373
f 237//374 240//374 238//374
f 243//375 239//375 237//375
f 244//376 238//376 240//376
f 239//377 241//377 242//377
f 239//378 242//378 240//378
f 243//379 241//379 239//379
f 244//380 240//380 242//380
f 241//381 219//381 220//381
f 241//382 220//382 242//382
f 243//383 219//383 241//383
f 244//384 242//384 220//384
f 245//385 247//385 248//385
f 245//386 248//386 246//386
f 269//387 247//387 245//387
f 270//388 246//388 248//388
f 247//389 249//389 250//389
f 247//390 250//390 248//390
f 269//391 249//391 247//391
f 270//392 248//392 250//392
f 249//393 251//393 252//393
f 249//394 252//394 250//394
f 269//395 251//395 249//395
f 270//396 250//396 252//396
f 251//397 253//397 254//397
f 251//398 254//398 252//398
f 269//399 253//399 251//399
f 270//400 252//400 254//400
f 253//401 255//401 256//401
f 253//402 256//402 254//402
f 269//403 255//403 253//403
f 270//404 254//404 256//404
f 255//405 257//405 258//405
f 255//406 258//406 256//406
f 269//407 257//407 255//407
f 270//408 256//408 258//408
f 257//409 259//409 260//409
f 257//410 260//410 258//410
f 269//411 259//411 257//411
f 270//412 258//412 260//412
f 259//413 261//413 262//413
f 259//414 262//414 260//414
f 269//415 261//415 259//415
f 270//416 260//416 262//416
f 261//417 263//417 264//417
f 261//418 264//418 262//418
f 269//419 263//419 261//419
f 270//420 262//420 264//420
f 263//421 265//421 266//421
f 263//422 266//422 264//422
f 269//423 265//423 263//423
f 270//424 264//424 266//424
f 265//425 267//425 268//425
f 265//426 268//426 266//426
f 269//427 267//427 265//427
f 270//428 266//428 268//428
f 267//429 245//429 246//429
f 267//430 246//430 268//430
f 269//431 245//431 267//431
f 270//432 268//432 246//432
f 271//433 273//433 274//433
f 271//434 274//434 272//434
f 295//435 273//435 271//435
f 296//436 272//436 274//436
f 273//437 275//437 276//437
f 273//438 276//438 274//438
f 295//439 275//439 273//439
f 296//440 274//440 276//440
f 275//441 277//441 278//441
f 275//442 278//442 276//442
f 295//443 277//443 275//443
f 296//444 276//444 278//444
f 277//445 279//445 280//445
f 277//446 280//446 278//446
f 295//447 279//447 277//447
f 296//448 278//448 280//448
f 279//449 281//449 282//449
f 279//450 282//450 280//450
f 295//451 281//451 279//451
f 296//452 280//452 282//452
f 281//453 283//453 284//453
f 281//454 284//454 282//454
f 295//455 283//455 281//455
f 296//456 282//456 284//456
f 283//457 285//457 286//457
f 283//458 286//458 284//458
f 295//459 285//459 283//459
f 296//460 284//460 286//460
f 285//461 287//461 288//461
f 285//462 288//462 286//462
f 295//463 287//463 285//463
f 296//464 286//464 288//464
f 287//465 289//465 290//465
f 287//466 290//466 288//466
f 295//467 289//467 287//467
f 296//468 288//468 290//468
f 289//469 291//469 292//469
f 289//470 292//470 290//470
f 295//471 291//471 289//471
f 296//472 290//472 292//472
f 291//473 293//473 294//473
f 291//474 294//474 292//474
f 295//475 293//475 291//475
f 296//476 292//476 294//476
f 293//477 271//477 272//477
f 293//478 272//478 294//478
f 295//479 271//479 293//479
f 296//480 294//480 272//480
f 297//481 299//481 300//481
f 297//482 300//482 298//482
f 321//483 299//483 297//483
f 322//484 298//484 300//484
f 299//485 301//485 302//485
f 299//486 302//486 300//486
f 321//487 301//487 299//487
f 322//488 300//488 302//488
f 301//489 303//489 304//489
f 301//490 304//490 302//490
f 321//491 303//491 301//491
f 322//492 302//492 304//492
f 303//493 305//493 306//493
f 303//494 306//494 304//494
f 321//495 305//495 303//495
f 322//496 304//496 306//496
f 305//497 307//497 308//497
f 305//498 308//498 306//498
f 321//499 307//499 305//499
f 322//500 306//500 308//500
f 307//501 309//501 310//501
f 307//502 310//502 308//502
f 321//503 309//503 307//503
f 322//504 308//504 310//504
f 309//505 311//505 312//505
f 309//506 312//506 310//506
f 321//507 311//507 309//507
f 322//508 310//508 312//508
f 311//509 313//509 314//509
f 311//510 314//510 312//510
f 321//511 313//511 311//511
f 322//512 312//512 314//512
f 313//513 315//513 316//513
f 313//514 316//514 314//514
f 321//515 315//515 313//515
f 322//516 314//516 316//516
f 315//517 317//517 318//517
f 315//518 318//518 316//518
f 321//519 317//519 315//519
f 322//520 316//520 318//520
f 317//521 319//521 320//521
f 317//522 320//522 318//522
f 321//523 319//523 317//523
f 322//524 318//524 320//524
f 319//525 297//525 298//525
f 319//526 298//526 320//526
f 321//527 297//527 319//527
f 322//528 320//528 298//528
f 323//529 325//529 326//529
f 323//530 326//530 324//530
f 347//531 325//531 323//531
f 348//532 324//532 326//532
f 325//533 327//533 328//533
f 325//534 328//534 326//534
f 347//535 327//535 325//535
f 348//536 326//536 328//536
f 327//537 329//537 330//537
f 327//538 330//538 328//538
f 347//539 329//539 327//539
f 348//540 328//540 330//540
f 329//541 331//541 332//541
f 329//542 332//542 330//542
f 347//543 331//543 329//543
f 348//544 330//544 332//544
f 331//545 333//545 334//545
f 331//546 334//546 332//546
f 347//547 333//547 331//547
f 348//548 332//548 334//548
f 333//549 335//549 336//549
f 333//550 336//550 334//550
f 347//551 335//551 333//551
f 348//552 334//552 336//552
f 335//553 337//553 338//553
f 335//554 338//554 336//554
f 347//555 337//555 335//555
f 348//556 336//556 338//556
f 337//557 339//557 340//557
f 337//558 340//558 338//558
f 347//559 339//559 337//559
f 348//560 338//560 340//560
f 339//561 341//561 342//561
f 339//562 342//562 340//562
f 347//563 341//563 339//563
f 348//564 340//564 342//564
f 341//565 343//565 344//565
f 341//566 344//566 342//566
f 347//567 343//567 341//567
f 348//568 342//568 344//568
f 343//569 345//569 346//569
f 343//570 346//570 344//570
f 347//571 345//571 343//571
f 348//572 344//572 346//572
f 345//573 323//573 324//573
f 345//574 324//574 346//574
f 347//575 323//575 345//575
f 348//576 346//576 324//576
f 349//577 351//577 352//577
f 349//578 352//578 350//578
f 373//579 351//579 349//579
f 374//580 350//580 352//580
f 351//581 353//581 354//581
f 351//582 354//582 352//582
f 373//583 353//583 351//583
f 374//584 352//584 354//584
f 353//585 355//585 356//585
f 353//586 356//586 354//586
f 373//587 355//587 353//587
f 374//588 354//588 356//588
f 355//589 357//589 358//589
f 355//590 358//590 356//590
f 373//591 357//591 355//591
f 374//592 356//592 358//592
f 357//593 359//593 360//593
f 357//594 360//594 358//594
f 373//595 359//595 357//595
f 374//596 358//596 360//596
f 359//597 361//597 362//597
f 359//598 362//598 360//598
f 373//599 361//599 359//599
f 374//600 360//600 362//600
f 361//601 363//601 364//601
f 361//602 364//602 362//602
f 373//603 363//603 361//603
f 374//604 362//604 364//604
f 363//605 365//605 366//605
f 363//606 366//606 364//606
f 373//607 365//607 363//607
f 374//608 364//608 366//608
f 365//609 367//609 368//609
f 365//610 368//610 366//610
f 373//611 367//611 365//611
f 374//612 366//612 368//612
f 367//613 369//613 370//613
f 367//614 370//614 368//614
f 373//615 369//615 367//615
f 374//616 368//616 370//616
f 369//617 371//617 372//617
f 369//618 372//618 370//618
f 373//619 371//619 369//619
f 374//620 370//620 372//620
f 371//621 349//621 350//621
f 371//622 350//622 372//622
f 373//623 349//623 371//623
f 374//624 372//624 350//624
f 375//625 377//625 378//625
f 375//626 378//626 376//626
f 399//627 377//627 375//627
f 400//628 376//628 378//628
f 377//629 379//629 380//629
f 377//630 380//630 378//630
f 399//631 379//631 377//631
f 400//632 378//632 380//632
f 379//633 381//633 382//633
f 379//634 382//634 380//634
f 399//635 381//635 379//635
f 400//636 380//636 382//636
f 381//637 383//637 384//637
f 381//638 384//638 382//638
f 399//639 383//639 381//639
f 400//640 382//640 384//640
f 383//641 385//641 386//641
f 383//642 386//642 384//642
f 399//643 385//643 383//643
f 400//644 384//644 386//644
f 385//645 387//645 388//645
f 385//646 388//646 386//646
f 399//647 387//647 385//647
f 400//648 386//648 388//648
f 387//649 389//649 390//649
f 387//650 390//650 388//650
f 399//651 389//651 387//651
f 400//652 388//652 390//652
f 389//653 391//653 392//653
f 389//654 392//654 390//654
f 399//655 391//655 389//655
f 400//656 390//656 392//656
f 391//657 393//657 394//657
f 391//658 394//658 392//658
f 399//659 393//659 391//659
f 400//660 392//660 394//660
f 393//661 395//661 396//661
f 393//662 396//662 394//662
f 399//663 395//663 393//663
f 400//664 394//664 396//664
f 395//665 397//665 398//665
f 395//666 398//666 396//666
f 399//667 397//667 395//667
f 400//668 396//668 398//668
f 397//669 375//669 376//669
f 397//670 376//670 398//670
f 399//671 375//671 397//671
f 400//672 398//672 376//672
f 401//673 403//673 404//673
f 401//674 404//674 402//674
f 425//675 403//675 401//675
f 426//676 402//676 404//676
f 403//677 405//677 406//677
f 403//678 406//678 404//678
f 425//679 405//679 403//679
f 426//680 404//680 406//680
f 405//681 407//681 408//681
f 405//682 408//682 406//682
f 425//683 407//683 405//683
f 426//684 406//684 408//684
f 407//685 409//685 410//685
f 407//686 410//686 408//686
f 425//687 409//687 407//687
f 426//688 408//688 410//688
f 409//689 411//689 412//689
f 409//690 412//690 410//690
f 425//691 411//691 409//691
f 426//692 410//692 412//692
f 411//693 413//693 414//693
f 411//694 414//694 412//694
f 425//695 413//695 411//695
f 426//696 412//696 414//696
f 413//697 415//697 416//697
f 413//698 416//698 414//698
f 425//699 415//699 413//699
f 426//700 414//700 416//700
f 415//701 417//701 418//701
f 415//702 418//702 416//702
f 425//703 417//703 415//703
f 426//704 416//704 418//704
f 417//705 419//705 420//705
f 417//706 420//706 418//706
f 425//707 419//707 417//707
f 426//708 418//708 420//708
f 419//709 421//709 422//709
f 419//710 422//710 420//710
f 425//711 421//711 419//711
f 426//712 420//712 422//712
f 421//713 423//713 424//713
f 421//714 424//714 422//714
f 425//715 423//715 421//715
f 426//716 422//716 424//716
f 423//717 401//717 402//717
f 423//718 402//718 424//718
f 425//719 401//719 423//719
f 426//720 424//720 402//720
f 427//721 429//721 430//721
f 427//722 430//722 428//722
f 451//723 429//723 427//723
f 452//724 428//724 430//724
f 429//725 431//725 432//725
f 429//726 432//726 430//726
f 451//727 431//727 429//727
f 452//728 430//728 432//728
f 431//729 433//729 434//729
f 431//730 434//730 432//730
f 451//731 433//731 431//731
f 452//732 432//732 434//732
f 433//733 435//733 436//733
f 433//734 436//734 434//734
f 451//735 435//735 433//735
f 452//736 434//736 436//736
f 435//737 437//737 438//737
f 435//738 438//738 436//738
f 451//739 437//739 435//739
f 452//740 436//740 438//740
f 437//741 439//741 440//741
f 437//742 440//742 438//742
f 451//743 439//743 437//743
f 452//744 438//744 440//744
f 439//745 441//745 442//745
f 439//746 442//746 440//746
f 451//747 441//747 439//747
f 452//748 440//748 442//748
f 441//749 443//749 444//749
f 441//750 444//750 442//750
f 451//751 443//751 441//751
f 452//752 442//752 444//752
f 443//753 445//753 446//753
f 443//754 446//754 444//754
f 451//755 445//755 443//755
f 452//756 444//756 446//756
f 445//757 447//757 448//757
f 445//758 448//758 446//758
f 451//759 447//759 445//759
f 452//760 446//760 448//760
f 447//761 449//761 450//761
f 447//762 450//762 448//762
f 451//763 449//763 447//763
f 452//764 448//764 450//764
f 449//765 427//765 428//765
f 449//766 428//766 450//766
f 451//767 427//767 449//767
f 452//768 450//768 428//768
f 453//769 455//769 456//769
f 453//770 456//770 454//770
f 477//771 455//771 453//771
f 478//772 454//772 456//772
f 455//773 457//773 458//773
f 455//774 458//774 456//774
f 477//775 457//775 455//775
f 478//776 456//776 458//776
f 457//777 459//777 460//777
f 457//778 460//778 458//778
f 477//779 459//779 457//779
f 478//780 458//780 460//780
f 459//781 461//781 462//781
f 459//782 462//782 460//782
f 477//783 461//783 459//783
f 478//784 460//784 462//784
f 461//785 463//785 464//785
f 461//786 464//786 462//786
f 477//787 463//787 461//787
f 478//788 462//788 464//788
f 463//789 465//789 466//789
f 463//790 466//790 464//790
f 477//791 465//791 463//791
f 478//792 464//792 466//792
f 465//793 467//793 468//793
f 465//794 468//794 466//794
f 477//795 467//795 465//795
f 478//796 466//796 468//796
f 467//797 469//797 470//797
f 467//798 470//798 468//798
f 477//799 469//799 467//799
f 478//800 468//800 470//800
f 469//801 471//801 472//801
f 469//802 472//802 470//802
f 477//803 471//803 469//803
f 478//804 470//804 472//804
f 471//805 473//805 474//805
f 471//806 474//806 472//806
f 477//807 473//807 471//807
f 478//808 472//808 474//808
f 473//809 475//809 476//809
f 473//810 476//810 474//810
f 477//811 475//811 473//811
f 478//812 474//812 476//812
f 475//813 453//813 454//813
f 475//814 454//814 476//814
f 477//815 453//815 475//815
f 478//816 476//816 454//816
g Canopy_Frame_Joints
usemtl ArmorGrey
f 479//817 480//817 484//817
f 479//818 484//818 483//818
f 482//819 486//819 485//819
f 482//820 485//820 481//820
f 479//821 482//821 481//821
f 479//822 481//822 480//822
f 483//823 484//823 485//823
f 483//824 485//824 486//824
f 479//825 483//825 486//825
f 479//826 486//826 482//826
f 480//827 481//827 485//827
f 480//828 485//828 484//828
f 487//829 488//829 492//829
f 487//830 492//830 491//830
f 490//831 494//831 493//831
f 490//832 493//832 489//832
f 487//833 490//833 489//833
f 487//834 489//834 488//834
f 491//835 492//835 493//835
f 491//836 493//836 494//836
f 487//837 491//837 494//837
f 487//838 494//838 490//838
f 488//839 489//839 493//839
f 488//840 493//840 492//840
f 495//841 496//841 500//841
f 495//842 500//842 499//842
f 498//843 502//843 501//843
f 498//844 501//844 497//844
f 495//845 498//845 497//845
f 495//846 497//846 496//846
f 499//847 500//847 501//847
f 499//848 501//848 502//848
f 495//849 499//849 502//849
f 495//850 502//850 498//850
f 496//851 497//851 501//851
f 496//852 501//852 500//852
f 503//853 504//853 508//853
f 503//854 508//854 507//854
f 506//855 510//855 509//855
f 506//856 509//856 505//856
f 503//857 506//857 505//857
f 503//858 505//858 504//858
f 507//859 508//859 509//859
f 507//860 509//860 510//860
f 503//861 507//861 510//861
f 503//862 510//862 506//862
f 504//863 505//863 509//863
f 504//864 509//864 508//864
g Port_Service_Pipes
usemtl PipeBlack
f 511//865 513//865 514//865
f 511//866 514//866 512//866
f 535//867 513//867 511//867
f 536//868 512//868 514//868
f 513//869 515//869 516//869
f 513//870 516//870 514//870
f 535//871 515//871 513//871
f 536//872 514//872 516//872
f 515//873 517//873 518//873
f 515//874 518//874 516//874
f 535//875 517//875 515//875
f 536//876 516//876 518//876
f 517//877 519//877 520//877
f 517//878 520//878 518//878
f 535//879 519//879 517//879
f 536//880 518//880 520//880
f 519//881 521//881 522//881
f 519//882 522//882 520//882
f 535//883 521//883 519//883
f 536//884 520//884 522//884
f 521//885 523//885 524//885
f 521//886 524//886 522//886
f 535//887 523//887 521//887
f 536//888 522//888 524//888
f 523//889 525//889 526//889
f 523//890 526//890 524//890
f 535//891 525//891 523//891
f 536//892 524//892 526//892
f 525//893 527//893 528//893
f 525//894 528//894 526//894
f 535//895 527//895 525//895
f 536//896 526//896 528//896
f 527//897 529//897 530//897
f 527//898 530//898 528//898
f 535//899 529//899 527//899
f 536//900 528//900 530//900
f 529//901 531//901 532//901
f 529//902 532//902 530//902
f 535//903 531//903 529//903
f 536//904 530//904 532//904
f 531//905 533//905 534//905
f 531//906 534//906 532//906
f 535//907 533//907 531//907
f 536//908 532//908 534//908
f 533//909 511//909 512//909
f 533//910 512//910 534//910
f 535//911 511//911 533//911
f 536//912 534//912 512//912
usemtl TrimMetal
f 537//913 539//913 540//913
f 537//914 540//914 538//914
f 561//915 539//915 537//915
f 562//916 538//916 540//916
f 539//917 541//917 542//917
f 539//918 542//918 540//918
f 561//919 541//919 539//919
f 562//920 540//920 542//920
f 541//921 543//921 544//921
f 541//922 544//922 542//922
f 561//923 543//923 541//923
f 562//924 542//924 544//924
f 543//925 545//925 546//925
f 543//926 546//926 544//926
f 561//927 545//927 543//927
f 562//928 544//928 546//928
f 545//929 547//929 548//929
f 545//930 548//930 546//930
f 561//931 547//931 545//931
f 562//932 546//932 548//932
f 547//933 549//933 550//933
f 547//934 550//934 548//934
f 561//935 549//935 547//935
f 562//936 548//936 550//936
f 549//937 551//937 552//937
f 549//938 552//938 550//938
f 561//939 551//939 549//939
f 562//940 550//940 552//940
f 551//941 553//941 554//941
f 551//942 554//942 552//942
f 561//943 553//943 551//943
f 562//944 552//944 554//944
f 553//945 555//945 556//945
f 553//946 556//946 554//946
f 561//947 555//947 553//947
f 562//948 554//948 556//948
f 555//949 557//949 558//949
f 555//950 558//950 556//950
f 561//951 557//951 555//951
f 562//952 556//952 558//952
f 557//953 559//953 560//953
f 557//954 560//954 558//954
f 561//955 559//955 557//955
f 562//956 558//956 560//956
f 559//957 537//957 538//957
f 559//958 538//958 560//958
f 561//959 537//959 559//959
f 562//960 560//960 538//960
g Port_Paneling
usemtl HullDark
f 563//961 564//961 568//961
f 563//962 568//962 567//962
f 566//963 570//963 569//963
f 566//964 569//964 565//964
f 563//965 566//965 565//965
f 563//966 565//966 564//966
f 567//967 568//967 569//967
f 567//968 569//968 570//968
f 563//969 567//969 570//969
f 563//970 570//970 566//970
f 564//971 565//971 569//971
f 564//972 569//972 568//972
f 571//973 572//973 576//973
f 571//974 576//974 575//974
f 574//975 578//975 577//975
f 574//976 577//976 573//976
f 571//977 574//977 573//977
f 571//978 573//978 572//978
f 575//979 576//979 577//979
f 575//980 577//980 578//980
f 571//981 575//981 578//981
f 571//982 578//982 574//982
f 572//983 573//983 577//983
f 572//984 577//984 576//984
f 579//985 580//985 584//985
f 579//986 584//986 583//986
f 582//987 586//987 585//987
f 582//988 585//988 581//988
f 579//989 582//989 581//989
f 579//990 581//990 580//990
f 583//991 584//991 585//991
f 583//992 585//992 586//992
f 579//993 583//993 586//993
f 579//994 586//994 582//994
f 580//995 581//995 585//995
f 580//996 585//996 584//996
f 587//997 588//997 592//997
f 587//998 592//998 591//998
f 590//999 594//999 593//999
f 590//1000 593//1000 589//1000
f 587//1001 590//1001 589//1001
f 587//1002 589//1002 588//1002
f 591//1003 592//1003 593//1003
f 591//1004 593//1004 594//1004
f 587//1005 591//1005 594//1005
f 587//1006 594//1006 590//1006
f 588//1007 589//1007 593//1007
f 588//1008 593//1008 592//1008
f 595//1009 596//1009 600//1009
f 595//1010 600//1010 599//1010
f 598//1011 602//1011 601//1011
f 598//1012 601//1012 597//1012
f 595//1013 598//1013 597//1013
f 595//1014 597//1014 596//1014
f 599//1015 600//1015 601//1015
f 599//1016 601//1016 602//1016
f 595//1017 599//1017 602//1017
f 595//1018 602//1018 598//1018
f 596//1019 597//1019 601//1019
f 596//1020 601//1020 600//1020
f 603//1021 604//1021 608//1021
f 603//1022 608//1022 607//1022
f 606//1023 610//1023 609//1023
f 606//1024 609//1024 605//1024
f 603//1025 606//1025 605//1025
f 603//1026 605//1026 604//1026
f 607//1027 608//1027 609//1027
f 607//1028 609//1028 610//1028
f 603//1029 607//1029 610//1029
f 603//1030 610//1030 606//1030
f 604//1031 605//1031 609//1031
f 604//1032 609//1032 608//1032
f 611//1033 612//1033 616//1033
f 611//1034 616//1034 615//1034
f 614//1035 618//1035 617//1035
f 614//1036 617//1036 613//1036
f 611//1037 614//1037 613//1037
f 611//1038 613//1038 612//1038
f 615//1039 616//1039 617//1039
f 615//1040 617//1040 618//1040
f 611//1041 615//1041 618//1041
f 611//1042 618//1042 614//1042
f 612//1043 613//1043 617//1043
f 612//1044 617//1044 616//1044
f 619//1045 620//1045 624//1045
f 619//1046 624//1046 623//1046
f 622//1047 626//1047 625//1047
f 622//1048 625//1048 621//1048
f 619//1049 622//1049 621//1049
f 619//1050 621//1050 620//1050
f 623//1051 624//1051 625//1051
f 623//1052 625//1052 626//1052
f 619//1053 623//1053 626//1053
f 619//1054 626//1054 622//1054
f 620//1055 621//1055 625//1055
f 620//1056 625//1056 624//1056
f 627//1057 628//1057 632//1057
f 627//1058 632//1058 631//1058
f 630//1059 634//1059 633//1059
f 630//1060 633//1060 629//1060
f 627//1061 630//1061 629//1061
f 627//1062 629//1062 628//1062
f 631//1063 632//1063 633//1063
f 631//1064 633//1064 634//1064
f 627//1065 631//1065 634//1065
f 627//1066 634//1066 630//1066
f 628//1067 629//1067 633//1067
f 628//1068 633//1068 632//1068
g Port_Cabin_Lights
usemtl DisplayCyan
f 635//1069 636//1069 640//1069
f 635//1070 640//1070 639//1070
f 638//1071 642//1071 641//1071
f 638//1072 641//1072 637//1072
f 635//1073 638//1073 637//1073
f 635//1074 637//1074 636//1074
f 639//1075 640//1075 641//1075
f 639//1076 641//1076 642//1076
f 635//1077 639//1077 642//1077
f 635//1078 642//1078 638//1078
f 636//1079 637//1079 641//1079
f 636//1080 641//1080 640//1080
f 643//1081 644//1081 648//1081
f 643//1082 648//1082 647//1082
f 646//1083 650//1083 649//1083
f 646//1084 649//1084 645//1084
f 643//1085 646//1085 645//1085
f 643//1086 645//1086 644//1086
f 647//1087 648//1087 649//1087
f 647//1088 649//1088 650//1088
f 643//1089 647//1089 650//1089
f 643//1090 650//1090 646//1090
f 644//1091 645//1091 649//1091
f 644//1092 649//1092 648//1092
f 651//1093 652//1093 656//1093
f 651//1094 656//1094 655//1094
f 654//1095 658//1095 657//1095
f 654//1096 657//1096 653//1096
f 651//1097 654//1097 653//1097
f 651//1098 653//1098 652//1098
f 655//1099 656//1099 657//1099
f 655//1100 657//1100 658//1100
f 651//1101 655//1101 658//1101
f 651//1102 658//1102 654//1102
f 652//1103 653//1103 657//1103
f 652//1104 657//1104 656//1104
g Starboard_Service_Pipes
usemtl PipeBlack
f 659//1105 661//1105 662//1105
f 659//1106 662//1106 660//1106
f 683//1107 661//1107 659//1107
f 684//1108 660//1108 662//1108
f 661//1109 663//1109 664//1109
f 661//1110 664//1110 662//1110
f 683//1111 663//1111 661//1111
f 684//1112 662//1112 664//1112
f 663//1113 665//1113 666//1113
f 663//1114 666//1114 664//1114
f 683//1115 665//1115 663//1115
f 684//1116 664//1116 666//1116
f 665//1117 667//1117 668//1117
f 665//1118 668//1118 666//1118
f 683//1119 667//1119 665//1119
f 684//1120 666//1120 668//1120
f 667//1121 669//1121 670//1121
f 667//1122 670//1122 668//1122
f 683//1123 669//1123 667//1123
f 684//1124 668//1124 670//1124
f 669//1125 671//1125 672//1125
f 669//1126 672//1126 670//1126
f 683//1127 671//1127 669//1127
f 684//1128 670//1128 672//1128
f 671//1129 673//1129 674//1129
f 671//1130 674//1130 672//1130
f 683//1131 673//1131 671//1131
f 684//1132 672//1132 674//1132
f 673//1133 675//1133 676//1133
f 673//1134 676//1134 674//1134
f 683//1135 675//1135 673//1135
f 684//1136 674//1136 676//1136
f 675//1137 677//1137 678//1137
f 675//1138 678//1138 676//1138
f 683//1139 677//1139 675//1139
f 684//1140 676//1140 678//1140
f 677//1141 679//1141 680//1141
f 677//1142 680//1142 678//1142
f 683//1143 679//1143 677//1143
f 684//1144 678//1144 680//1144
f 679//1145 681//1145 682//1145
f 679//1146 682//1146 680//1146
f 683//1147 681//1147 679//1147
f 684//1148 680//1148 682//1148
f 681//1149 659//1149 660//1149
f 681//1150 660//1150 682//1150
f 683//1151 659//1151 681//1151
f 684//1152 682//1152 660//1152
usemtl TrimMetal
f 685//1153 687//1153 688//1153
f 685//1154 688//1154 686//1154
f 709//1155 687//1155 685//1155
f 710//1156 686//1156 688//1156
f 687//1157 689//1157 690//1157
f 687//1158 690//1158 688//1158
f 709//1159 689//1159 687//1159
f 710//1160 688//1160 690//1160
f 689//1161 691//1161 692//1161
f 689//1162 692//1162 690//1162
f 709//1163 691//1163 689//1163
f 710//1164 690//1164 692//1164
f 691//1165 693//1165 694//1165
f 691//1166 694//1166 692//1166
f 709//1167 693//1167 691//1167
f 710//1168 692//1168 694//1168
f 693//1169 695//1169 696//1169
f 693//1170 696//1170 694//1170
f 709//1171 695//1171 693//1171
f 710//1172 694//1172 696//1172
f 695//1173 697//1173 698//1173
f 695//1174 698//1174 696//1174
f 709//1175 697//1175 695//1175
f 710//1176 696//1176 698//1176
f 697//1177 699//1177 700//1177
f 697//1178 700//1178 698//1178
f 709//1179 699//1179 697//1179
f 710//1180 698//1180 700//1180
f 699//1181 701//1181 702//1181
f 699//1182 702//1182 700//1182
f 709//1183 701//1183 699//1183
f 710//1184 700//1184 702//1184
f 701//1185 703//1185 704//1185
f 701//1186 704//1186 702//1186
f 709//1187 703//1187 701//1187
f 710//1188 702//1188 704//1188
f 703//1189 705//1189 706//1189
f 703//1190 706//1190 704//1190
f 709//1191 705//1191 703//1191
f 710//1192 704//1192 706//1192
f 705//1193 707//1193 708//1193
f 705//1194 708//1194 706//1194
f 709//1195 707//1195 705//1195
f 710//1196 706//1196 708//1196
f 707//1197 685//1197 686//1197
f 707//1198 686//1198 708//1198
f 709//1199 685//1199 707//1199
f 710//1200 708//1200 686//1200
g Starboard_Paneling
usemtl HullDark
f 711//1201 712//1201 716//1201
f 711//1202 716//1202 715//1202
f 714//1203 718//1203 717//1203
f 714//1204 717//1204 713//1204
f 711//1205 714//1205 713//1205
f 711//1206 713//1206 712//1206
f 715//1207 716//1207 717//1207
f 715//1208 717//1208 718//1208
f 711//1209 715//1209 718//1209
f 711//1210 718//1210 714//1210
f 712//1211 713//1211 717//1211
f 712//1212 717//1212 716//1212
f 719//1213 720//1213 724//1213
f 719//1214 724//1214 723//1214
f 722//1215 726//1215 725//1215
f 722//1216 725//1216 721//1216
f 719//1217 722//1217 721//1217
f 719//1218 721//1218 720//1218
f 723//1219 724//1219 725//1219
f 723//1220 725//1220 726//1220
f 719//1221 723//1221 726//1221
f 719//1222 726//1222 722//1222
f 720//1223 721//1223 725//1223
f 720//1224 725//1224 724//1224
f 727//1225 728//1225 732//1225
f 727//1226 732//1226 731//1226
f 730//1227 734//1227 733//1227
f 730//1228 733//1228 729//1228
f 727//1229 730//1229 729//1229
f 727//1230 729//1230 728//1230
f 731//1231 732//1231 733//1231
f 731//1232 733//1232 734//1232
f 727//1233 731//1233 734//1233
f 727//1234 734//1234 730//1234
f 728//1235 729//1235 733//1235
f 728//1236 733//1236 732//1236
f 735//1237 736//1237 740//1237
f 735//1238 740//1238 739//1238
f 738//1239 742//1239 741//1239
f 738//1240 741//1240 737//1240
f 735//1241 738//1241 737//1241
f 735//1242 737//1242 736//1242
f 739//1243 740//1243 741//1243
f 739//1244 741//1244 742//1244
f 735//1245 739//1245 742//1245
f 735//1246 742//1246 738//1246
f 736//1247 737//1247 741//1247
f 736//1248 741//1248 740//1248
f 743//1249 744//1249 748//1249
f 743//1250 748//1250 747//1250
f 746//1251 750//1251 749//1251
f 746//1252 749//1252 745//1252
f 743//1253 746//1253 745//1253
f 743//1254 745//1254 744//1254
f 747//1255 748//1255 749//1255
f 747//1256 749//1256 750//1256
f 743//1257 747//1257 750//1257
f 743//1258 750//1258 746//1258
f 744//1259 745//1259 749//1259
f 744//1260 749//1260 748//1260
f 751//1261 752//1261 756//1261
f 751//1262 756//1262 755//1262
f 754//1263 758//1263 757//1263
f 754//1264 757//1264 753//1264
f 751//1265 754//1265 753//1265
f 751//1266 753//1266 752//1266
f 755//1267 756//1267 757//1267
f 755//1268 757//1268 758//1268
f 751//1269 755//1269 758//1269
f 751//1270 758//1270 754//1270
f 752//1271 753//1271 757//1271
f 752//1272 757//1272 756//1272
f 759//1273 760//1273 764//1273
f 759//1274 764//1274 763//1274
f 762//1275 766//1275 765//1275
f 762//1276 765//1276 761//1276
f 759//1277 762//1277 761//1277
f 759//1278 761//1278 760//1278
f 763//1279 764//1279 765//1279
f 763//1280 765//1280 766//1280
f 759//1281 763//1281 766//1281
f 759//1282 766//1282 762//1282
f 760//1283 761//1283 765//1283
f 760//1284 765//1284 764//1284
f 767//1285 768//1285 772//1285
f 767//1286 772//1286 771//1286
f 770//1287 774//1287 773//1287
f 770//1288 773//1288 769//1288
f 767//1289 770//1289 769//1289
f 767//1290 769//1290 768//1290
f 771//1291 772//1291 773//1291
f 771//1292 773//1292 774//1292
f 767//1293 771//1293 774//1293
f 767//1294 774//1294 770//1294
f 768//1295 769//1295 773//1295
f 768//1296 773//1296 772//1296
f 775//1297 776//1297 780//1297
f 775//1298 780//1298 779//1298
f 778//1299 782//1299 781//1299
f 778//1300 781//1300 777//1300
f 775//1301 778//1301 777//1301
f 775//1302 777//1302 776//1302
f 779//1303 780//1303 781//1303
f 779//1304 781//1304 782//1304
f 775//1305 779//1305 782//1305
f 775//1306 782//1306 778//1306
f 776//1307 777//1307 781//1307
f 776//1308 781//1308 780//1308
g Starboard_Cabin_Lights
usemtl DisplayCyan
f 783//1309 784//1309 788//1309
f 783//1310 788//1310 787//1310
f 786//1311 790//1311 789//1311
f 786//1312 789//1312 785//1312
f 783//1313 786//1313 785//1313
f 783//1314 785//1314 784//1314
f 787//1315 788//1315 789//1315
f 787//1316 789//1316 790//1316
f 783//1317 787//1317 790//1317
f 783//1318 790//1318 786//1318
f 784//1319 785//1319 789//1319
f 784//1320 789//1320 788//1320
f 791//1321 792//1321 796//1321
f 791//1322 796//1322 795//1322
f 794//1323 798//1323 797//1323
f 794//1324 797//1324 793//1324
f 791//1325 794//1325 793//1325
f 791//1326 793//1326 792//1326
f 795//1327 796//1327 797//1327
f 795//1328 797//1328 798//1328
f 791//1329 795//1329 798//1329
f 791//1330 798//1330 794//1330
f 792//1331 793//1331 797//1331
f 792//1332 797//1332 796//1332
f 799//1333 800//1333 804//1333
f 799//1334 804//1334 803//1334
f 802//1335 806//1335 805//1335
f 802//1336 805//1336 801//1336
f 799//1337 802//1337 801//1337
f 799//1338 801//1338 800//1338
f 803//1339 804//1339 805//1339
f 803//1340 805//1340 806//1340
f 799//1341 803//1341 806//1341
f 799//1342 806//1342 802//1342
f 800//1343 801//1343 805//1343
f 800//1344 805//1344 804//1344
g Pilot_Seat_Rails
usemtl TrimMetal
f 807//1345 809//1345 810//1345
f 807//1346 810//1346 808//1346
f 831//1347 809//1347 807//1347
f 832//1348 808//1348 810//1348
f 809//1349 811//1349 812//1349
f 809//1350 812//1350 810//1350
f 831//1351 811//1351 809//1351
f 832//1352 810//1352 812//1352
f 811//1353 813//1353 814//1353
f 811//1354 814//1354 812//1354
f 831//1355 813//1355 811//1355
f 832//1356 812//1356 814//1356
f 813//1357 815//1357 816//1357
f 813//1358 816//1358 814//1358
f 831//1359 815//1359 813//1359
f 832//1360 814//1360 816//1360
f 815//1361 817//1361 818//1361
f 815//1362 818//1362 816//1362
f 831//1363 817//1363 815//1363
f 832//1364 816//1364 818//1364
f 817//1365 819//1365 820//1365
f 817//1366 820//1366 818//1366
f 831//1367 819//1367 817//1367
f 832//1368 818//1368 820//1368
f 819//1369 821//1369 822//1369
f 819//1370 822//1370 820//1370
f 831//1371 821//1371 819//1371
f 832//1372 820//1372 822//1372
f 821//1373 823//1373 824//1373
f 821//1374 824//1374 822//1374
f 831//1375 823//1375 821//1375
f 832//1376 822//1376 824//1376
f 823//1377 825//1377 826//1377
f 823//1378 826//1378 824//1378
f 831//1379 825//1379 823//1379
f 832//1380 824//1380 826//1380
f 825//1381 827//1381 828//1381
f 825//1382 828//1382 826//1382
f 831//1383 827//1383 825//1383
f 832//1384 826//1384 828//1384
f 827//1385 829//1385 830//1385
f 827//1386 830//1386 828//1386
f 831//1387 829//1387 827//1387
f 832//1388 828//1388 830//1388
f 829//1389 807//1389 808//1389
f 829//1390 808//1390 830//1390
f 831//1391 807//1391 829//1391
f 832//1392 830//1392 808//1392
g Pilot_Seat_Rail_Locks
usemtl ArmorGrey
f 833//1393 834//1393 838//1393
f 833//1394 838//1394 837//1394
f 836//1395 840//1395 839//1395
f 836//1396 839//1396 835//1396
f 833//1397 836//1397 835//1397
f 833//1398 835//1398 834//1398
f 837//1399 838//1399 839//1399
f 837//1400 839//1400 840//1400
f 833//1401 837//1401 840//1401
f 833//1402 840//1402 836//1402
f 834//1403 835//1403 839//1403
f 834//1404 839//1404 838//1404
g Pilot_Seat_Rails
usemtl TrimMetal
f 841//1405 843//1405 844//1405
f 841//1406 844//1406 842//1406
f 865//1407 843//1407 841//1407
f 866//1408 842//1408 844//1408
f 843//1409 845//1409 846//1409
f 843//1410 846//1410 844//1410
f 865//1411 845//1411 843//1411
f 866//1412 844//1412 846//1412
f 845//1413 847//1413 848//1413
f 845//1414 848//1414 846//1414
f 865//1415 847//1415 845//1415
f 866//1416 846//1416 848//1416
f 847//1417 849//1417 850//1417
f 847//1418 850//1418 848//1418
f 865//1419 849//1419 847//1419
f 866//1420 848//1420 850//1420
f 849//1421 851//1421 852//1421
f 849//1422 852//1422 850//1422
f 865//1423 851//1423 849//1423
f 866//1424 850//1424 852//1424
f 851//1425 853//1425 854//1425
f 851//1426 854//1426 852//1426
f 865//1427 853//1427 851//1427
f 866//1428 852//1428 854//1428
f 853//1429 855//1429 856//1429
f 853//1430 856//1430 854//1430
f 865//1431 855//1431 853//1431
f 866//1432 854//1432 856//1432
f 855//1433 857//1433 858//1433
f 855//1434 858//1434 856//1434
f 865//1435 857//1435 855//1435
f 866//1436 856//1436 858//1436
f 857//1437 859//1437 860//1437
f 857//1438 860//1438 858//1438
f 865//1439 859//1439 857//1439
f 866//1440 858//1440 860//1440
f 859//1441 861//1441 862//1441
f 859//1442 862//1442 860//1442
f 865//1443 861//1443 859//1443
f 866//1444 860//1444 862//1444
f 861//1445 863//1445 864//1445
f 861//1446 864//1446 862//1446
f 865//1447 863//1447 861//1447
f 866//1448 862//1448 864//1448
f 863//1449 841//1449 842//1449
f 863//1450 842//1450 864//1450
f 865//1451 841//1451 863//1451
f 866//1452 864//1452 842//1452
g Pilot_Seat_Rail_Locks
usemtl ArmorGrey
f 867//1453 868//1453 872//1453
f 867//1454 872//1454 871//1454
f 870//1455 874//1455 873//1455
f 870//1456 873//1456 869//1456
f 867//1457 870//1457 869//1457
f 867//1458 869//1458 868//1458
f 871//1459 872//1459 873//1459
f 871//1460 873//1460 874//1460
f 867//1461 871//1461 874//1461
f 867//1462 874//1462 870//1462
f 868//1463 869//1463 873//1463
f 868//1464 873//1464 872//1464
g Pilot_Seat_Base
usemtl HullDark
f 875//1465 876//1465 880//1465
f 875//1466 880//1466 879//1466
f 878//1467 882//1467 881//1467
f 878//1468 881//1468 877//1468
f 875//1469 878//1469 877//1469
f 875//1470 877//1470 876//1470
f 879//1471 880//1471 881//1471
f 879//1472 881//1472 882//1472
f 875//1473 879//1473 882//1473
f 875//1474 882//1474 878//1474
f 876//1475 877//1475 881//1475
f 876//1476 881//1476 880//1476
g Pilot_Seat_Cushion
usemtl SeatFabric
f 883//1477 884//1477 888//1477
f 883//1478 888//1478 887//1478
f 886//1479 890//1479 889//1479
f 886//1480 889//1480 885//1480
f 883//1481 886//1481 885//1481
f 883//1482 885//1482 884//1482
f 887//1483 888//1483 889//1483
f 887//1484 889//1484 890//1484
f 883//1485 887//1485 890//1485
f 883//1486 890//1486 886//1486
f 884//1487 885//1487 889//1487
f 884//1488 889//1488 888//1488
g Pilot_Seat_Back
f 891//1489 892//1489 896//1489
f 891//1490 896//1490 895//1490
f 894//1491 898//1491 897//1491
f 894//1492 897//1492 893//1492
f 891//1493 894//1493 893//1493
f 891//1494 893//1494 892//1494
f 895//1495 896//1495 897//1495
f 895//1496 897//1496 898//1496
f 891//1497 895//1497 898//1497
f 891//1498 898//1498 894//1498
f 892//1499 893//1499 897//1499
f 892//1500 897//1500 896//1500
g Pilot_Headrest
usemtl ArmorGrey
f 899//1501 900//1501 904//1501
f 899//1502 904//1502 903//1502
f 902//1503 906//1503 905//1503
f 902//1504 905//1504 901//1504
f 899//1505 902//1505 901//1505
f 899//1506 901//1506 900//1506
f 903//1507 904//1507 905//1507
f 903//1508 905//1508 906//1508
f 899//1509 903//1509 906//1509
f 899//1510 906//1510 902//1510
f 900//1511 901//1511 905//1511
f 900//1512 905//1512 904//1512
g Pilot_Armrests
usemtl TrimMetal
f 907//1513 909//1513 910//1513
f 907//1514 910//1514 908//1514
f 931//1515 909//1515 907//1515
f 932//1516 908//1516 910//1516
f 909//1517 911//1517 912//1517
f 909//1518 912//1518 910//1518
f 931//1519 911//1519 909//1519
f 932//1520 910//1520 912//1520
f 911//1521 913//1521 914//1521
f 911//1522 914//1522 912//1522
f 931//1523 913//1523 911//1523
f 932//1524 912//1524 914//1524
f 913//1525 915//1525 916//1525
f 913//1526 916//1526 914//1526
f 931//1527 915//1527 913//1527
f 932//1528 914//1528 916//1528
f 915//1529 917//1529 918//1529
f 915//1530 918//1530 916//1530
f 931//1531 917//1531 915//1531
f 932//1532 916//1532 918//1532
f 917//1533 919//1533 920//1533
f 917//1534 920//1534 918//1534
f 931//1535 919//1535 917//1535
f 932//1536 918//1536 920//1536
f 919//1537 921//1537 922//1537
f 919//1538 922//1538 920//1538
f 931//1539 921//1539 919//1539
f 932//1540 920//1540 922//1540
f 921//1541 923//1541 924//1541
f 921//1542 924//1542 922//1542
f 931//1543 923//1543 921//1543
f 932//1544 922//1544 924//1544
f 923//1545 925//1545 926//1545
f 923//1546 926//1546 924//1546
f 931//1547 925//1547 923//1547
f 932//1548 924//1548 926//1548
f 925//1549 927//1549 928//1549
f 925//1550 928//1550 926//1550
f 931//1551 927//1551 925//1551
f 932//1552 926//1552 928//1552
f 927//1553 929//1553 930//1553
f 927//1554 930//1554 928//1554
f 931//1555 929//1555 927//1555
f 932//1556 928//1556 930//1556
f 929//1557 907//1557 908//1557
f 929//1558 908//1558 930//1558
f 931//1559 907//1559 929//1559
f 932//1560 930//1560 908//1560
usemtl ArmorGrey
f 933//1561 934//1561 938//1561
f 933//1562 938//1562 937//1562
f 936//1563 940//1563 939//1563
f 936//1564 939//1564 935//1564
f 933//1565 936//1565 935//1565
f 933//1566 935//1566 934//1566
f 937//1567 938//1567 939//1567
f 937//1568 939//1568 940//1568
f 933//1569 937//1569 940//1569
f 933//1570 940//1570 936//1570
f 934//1571 935//1571 939//1571
f 934//1572 939//1572 938//1572
g Flight_Controls
usemtl PipeBlack
f 941//1573 943//1573 944//1573
f 941//1574 944//1574 942//1574
f 965//1575 943//1575 941//1575
f 966//1576 942//1576 944//1576
f 943//1577 945//1577 946//1577
f 943//1578 946//1578 944//1578
f 965//1579 945//1579 943//1579
f 966//1580 944//1580 946//1580
f 945//1581 947//1581 948//1581
f 945//1582 948//1582 946//1582
f 965//1583 947//1583 945//1583
f 966//1584 946//1584 948//1584
f 947//1585 949//1585 950//1585
f 947//1586 950//1586 948//1586
f 965//1587 949//1587 947//1587
f 966//1588 948//1588 950//1588
f 949//1589 951//1589 952//1589
f 949//1590 952//1590 950//1590
f 965//1591 951//1591 949//1591
f 966//1592 950//1592 952//1592
f 951//1593 953//1593 954//1593
f 951//1594 954//1594 952//1594
f 965//1595 953//1595 951//1595
f 966//1596 952//1596 954//1596
f 953//1597 955//1597 956//1597
f 953//1598 956//1598 954//1598
f 965//1599 955//1599 953//1599
f 966//1600 954//1600 956//1600
f 955//1601 957//1601 958//1601
f 955//1602 958//1602 956//1602
f 965//1603 957//1603 955//1603
f 966//1604 956//1604 958//1604
f 957//1605 959//1605 960//1605
f 957//1606 960//1606 958//1606
f 965//1607 959//1607 957//1607
f 966//1608 958//1608 960//1608
f 959//1609 961//1609 962//1609
f 959//1610 962//1610 960//1610
f 965//1611 961//1611 959//1611
f 966//1612 960//1612 962//1612
f 961//1613 963//1613 964//1613
f 961//1614 964//1614 962//1614
f 965//1615 963//1615 961//1615
f 966//1616 962//1616 964//1616
f 963//1617 941//1617 942//1617
f 963//1618 942//1618 964//1618
f 965//1619 941//1619 963//1619
f 966//1620 964//1620 942//1620
usemtl TrimMetal
f 967//1621 968//1621 972//1621
f 967//1622 972//1622 971//1622
f 970//1623 974//1623 973//1623
f 970//1624 973//1624 969//1624
f 967//1625 970//1625 969//1625
f 967//1626 969//1626 968//1626
f 971//1627 972//1627 973//1627
f 971//1628 973//1628 974//1628
f 967//1629 971//1629 974//1629
f 967//1630 974//1630 970//1630
f 968//1631 969//1631 973//1631
f 968//1632 973//1632 972//1632
g Pilot_Armrests
f 975//1633 977//1633 978//1633
f 975//1634 978//1634 976//1634
f 999//1635 977//1635 975//1635
f 1000//1636 976//1636 978//1636
f 977//1637 979//1637 980//1637
f 977//1638 980//1638 978//1638
f 999//1639 979//1639 977//1639
f 1000//1640 978//1640 980//1640
f 979//1641 981//1641 982//1641
f 979//1642 982//1642 980//1642
f 999//1643 981//1643 979//1643
f 1000//1644 980//1644 982//1644
f 981//1645 983//1645 984//1645
f 981//1646 984//1646 982//1646
f 999//1647 983//1647 981//1647
f 1000//1648 982//1648 984//1648
f 983//1649 985//1649 986//1649
f 983//1650 986//1650 984//1650
f 999//1651 985//1651 983//1651
f 1000//1652 984//1652 986//1652
f 985//1653 987//1653 988//1653
f 985//1654 988//1654 986//1654
f 999//1655 987//1655 985//1655
f 1000//1656 986//1656 988//1656
f 987//1657 989//1657 990//1657
f 987//1658 990//1658 988//1658
f 999//1659 989//1659 987//1659
f 1000//1660 988//1660 990//1660
f 989//1661 991//1661 992//1661
f 989//1662 992//1662 990//1662
f 999//1663 991//1663 989//1663
f 1000//1664 990//1664 992//1664
f 991//1665 993//1665 994//1665
f 991//1666 994//1666 992//1666
f 999//1667 993//1667 991//1667
f 1000//1668 992//1668 994//1668
f 993//1669 995//1669 996//1669
f 993//1670 996//1670 994//1670
f 999//1671 995//1671 993//1671
f 1000//1672 994//1672 996//1672
f 995//1673 997//1673 998//1673
f 995//1674 998//1674 996//1674
f 999//1675 997//1675 995//1675
f 1000//1676 996//1676 998//1676
f 997//1677 975//1677 976//1677
f 997//1678 976//1678 998//1678
f 999//1679 975//1679 997//1679
f 1000//1680 998//1680 976//1680
usemtl ArmorGrey
f 1001//1681 1002//1681 1006//1681
f 1001//1682 1006//1682 1005//1682
f 1004//1683 1008//1683 1007//1683
f 1004//1684 1007//1684 1003//1684
f 1001//1685 1004//1685 1003//1685
f 1001//1686 1003//1686 1002//1686
f 1005//1687 1006//1687 1007//1687
f 1005//1688 1007//1688 1008//1688
f 1001//1689 1005//1689 1008//1689
f 1001//1690 1008//1690 1004//1690
f 1002//1691 1003//1691 1007//1691
f 1002//1692 1007//1692 1006//1692
g Flight_Controls
usemtl PipeBlack
f 1009//1693 1011//1693 1012//1693
f 1009//1694 1012//1694 1010//1694
f 1033//1695 1011//1695 1009//1695
f 1034//1696 1010//1696 1012//1696
f 1011//1697 1013//1697 1014//1697
f 1011//1698 1014//1698 1012//1698
f 1033//1699 1013//1699 1011//1699
f 1034//1700 1012//1700 1014//1700
f 1013//1701 1015//1701 1016//1701
f 1013//1702 1016//1702 1014//1702
f 1033//1703 1015//1703 1013//1703
f 1034//1704 1014//1704 1016//1704
f 1015//1705 1017//1705 1018//1705
f 1015//1706 1018//1706 1016//1706
f 1033//1707 1017//1707 1015//1707
f 1034//1708 1016//1708 1018//1708
f 1017//1709 1019//1709 1020//1709
f 1017//1710 1020//1710 1018//1710
f 1033//1711 1019//1711 1017//1711
f 1034//1712 1018//1712 1020//1712
f 1019//1713 1021//1713 1022//1713
f 1019//1714 1022//1714 1020//1714
f 1033//1715 1021//1715 1019//1715
f 1034//1716 1020//1716 1022//1716
f 1021//1717 1023//1717 1024//1717
f 1021//1718 1024//1718 1022//1718
f 1033//1719 1023//1719 1021//1719
f 1034//1720 1022//1720 1024//1720
f 1023//1721 1025//1721 1026//1721
f 1023//1722 1026//1722 1024//1722
f 1033//1723 1025//1723 1023//1723
f 1034//1724 1024//1724 1026//1724
f 1025//1725 1027//1725 1028//1725
f 1025//1726 1028//1726 1026//1726
f 1033//1727 1027//1727 1025//1727
f 1034//1728 1026//1728 1028//1728
f 1027//1729 1029//1729 1030//1729
f 1027//1730 1030//1730 1028//1730
f 1033//1731 1029//1731 1027//1731
f 1034//1732 1028//1732 1030//1732
f 1029//1733 1031//1733 1032//1733
f 1029//1734 1032//1734 1030//1734
f 1033//1735 1031//1735 1029//1735
f 1034//1736 1030//1736 1032//1736
f 1031//1737 1009//1737 1010//1737
f 1031//1738 1010//1738 1032//1738
f 1033//1739 1009//1739 1031//1739
f 1034//1740 1032//1740 1010//1740
usemtl TrimMetal
f 1035//1741 1036//1741 1040//1741
f 1035//1742 1040//1742 1039//1742
f 1038//1743 1042//1743 1041//1743
f 1038//1744 1041//1744 1037//1744
f 1035//1745 1038//1745 1037//1745
f 1035//1746 1037//1746 1036//1746
f 1039//1747 1040//1747 1041//1747
f 1039//1748 1041//1748 1042//1748
f 1035//1749 1039//1749 1042//1749
f 1035//1750 1042//1750 1038//1750
f 1036//1751 1037//1751 1041//1751
f 1036//1752 1041//1752 1040//1752
g Central_Console_Base
usemtl HullDark
f 1043//1753 1044//1753 1045//1753
f 1043//1754 1045//1754 1046//1754
f 1047//1755 1050//1755 1049//1755
f 1047//1756 1049//1756 1048//1756
f 1043//1757 1047//1757 1048//1757
f 1043//1758 1048//1758 1044//1758
f 1046//1759 1045//1759 1049//1759
f 1046//1760 1049//1760 1050//1760
f 1043//1761 1046//1761 1050//1761
f 1043//1762 1050//1762 1047//1762
f 1044//1763 1048//1763 1049//1763
f 1044//1764 1049//1764 1045//1764
g Central_Console_Housing
usemtl ArmorGrey
f 1051//1765 1052//1765 1053//1765
f 1051//1766 1053//1766 1054//1766
f 1055//1767 1058//1767 1057//1767
f 1055//1768 1057//1768 1056//1768
f 1051//1769 1055//1769 1056//1769
f 1051//1770 1056//1770 1052//1770
f 1054//1771 1053//1771 1057//1771
f 1054//1772 1057//1772 1058//1772
f 1051//1773 1054//1773 1058//1773
f 1051//1774 1058//1774 1055//1774
f 1052//1775 1056//1775 1057//1775
f 1052//1776 1057//1776 1053//1776
g Central_Navigation_Display
usemtl DisplayCyan
f 1059//1777 1060//1777 1064//1777
f 1059//1778 1064//1778 1063//1778
f 1062//1779 1066//1779 1065//1779
f 1062//1780 1065//1780 1061//1780
f 1059//1781 1062//1781 1061//1781
f 1059//1782 1061//1782 1060//1782
f 1063//1783 1064//1783 1065//1783
f 1063//1784 1065//1784 1066//1784
f 1059//1785 1063//1785 1066//1785
f 1059//1786 1066//1786 1062//1786
f 1060//1787 1061//1787 1065//1787
f 1060//1788 1065//1788 1064//1788
g Central_Display_Bezel
usemtl TrimMetal
f 1067//1789 1068//1789 1072//1789
f 1067//1790 1072//1790 1071//1790
f 1070//1791 1074//1791 1073//1791
f 1070//1792 1073//1792 1069//1792
f 1067//1793 1070//1793 1069//1793
f 1067//1794 1069//1794 1068//1794
f 1071//1795 1072//1795 1073//1795
f 1071//1796 1073//1796 1074//1796
f 1067//1797 1071//1797 1074//1797
f 1067//1798 1074//1798 1070//1798
f 1068//1799 1069//1799 1073//1799
f 1068//1800 1073//1800 1072//1800
g Central_Control_Shelf
usemtl PipeBlack
f 1075//1801 1076//1801 1080//1801
f 1075//1802 1080//1802 1079//1802
f 1078//1803 1082//1803 1081//1803
f 1078//1804 1081//1804 1077//1804
f 1075//1805 1078//1805 1077//1805
f 1075//1806 1077//1806 1076//1806
f 1079//1807 1080//1807 1081//1807
f 1079//1808 1081//1808 1082//1808
f 1075//1809 1079//1809 1082//1809
f 1075//1810 1082//1810 1078//1810
f 1076//1811 1077//1811 1081//1811
f 1076//1812 1081//1812 1080//1812
g Central_Indicator_Buttons
usemtl IndicatorWhite
f 1083//1813 1084//1813 1088//1813
f 1083//1814 1088//1814 1087//1814
f 1086//1815 1090//1815 1089//1815
f 1086//1816 1089//1816 1085//1816
f 1083//1817 1086//1817 1085//1817
f 1083//1818 1085//1818 1084//1818
f 1087//1819 1088//1819 1089//1819
f 1087//1820 1089//1820 1090//1820
f 1083//1821 1087//1821 1090//1821
f 1083//1822 1090//1822 1086//1822
f 1084//1823 1085//1823 1089//1823
f 1084//1824 1089//1824 1088//1824
f 1091//1825 1092//1825 1096//1825
f 1091//1826 1096//1826 1095//1826
f 1094//1827 1098//1827 1097//1827
f 1094//1828 1097//1828 1093//1828
f 1091//1829 1094//1829 1093//1829
f 1091//1830 1093//1830 1092//1830
f 1095//1831 1096//1831 1097//1831
f 1095//1832 1097//1832 1098//1832
f 1091//1833 1095//1833 1098//1833
f 1091//1834 1098//1834 1094//1834
f 1092//1835 1093//1835 1097//1835
f 1092//1836 1097//1836 1096//1836
f 1099//1837 1100//1837 1104//1837
f 1099//1838 1104//1838 1103//1838
f 1102//1839 1106//1839 1105//1839
f 1102//1840 1105//1840 1101//1840
f 1099//1841 1102//1841 1101//1841
f 1099//1842 1101//1842 1100//1842
f 1103//1843 1104//1843 1105//1843
f 1103//1844 1105//1844 1106//1844
f 1099//1845 1103//1845 1106//1845
f 1099//1846 1106//1846 1102//1846
f 1100//1847 1101//1847 1105//1847
f 1100//1848 1105//1848 1104//1848
f 1107//1849 1108//1849 1112//1849
f 1107//1850 1112//1850 1111//1850
f 1110//1851 1114//1851 1113//1851
f 1110//1852 1113//1852 1109//1852
f 1107//1853 1110//1853 1109//1853
f 1107//1854 1109//1854 1108//1854
f 1111//1855 1112//1855 1113//1855
f 1111//1856 1113//1856 1114//1856
f 1107//1857 1111//1857 1114//1857
f 1107//1858 1114//1858 1110//1858
f 1108//1859 1109//1859 1113//1859
f 1108//1860 1113//1860 1112//1860
f 1115//1861 1116//1861 1120//1861
f 1115//1862 1120//1862 1119//1862
f 1118//1863 1122//1863 1121//1863
f 1118//1864 1121//1864 1117//1864
f 1115//1865 1118//1865 1117//1865
f 1115//1866 1117//1866 1116//1866
f 1119//1867 1120//1867 1121//1867
f 1119//1868 1121//1868 1122//1868
f 1115//1869 1119//1869 1122//1869
f 1115//1870 1122//1870 1118//1870
f 1116//1871 1117//1871 1121//1871
f 1116//1872 1121//1872 1120//1872
g Central_Safety_Controls
usemtl WarningRed
f 1123//1873 1124//1873 1128//1873
f 1123//1874 1128//1874 1127//1874
f 1126//1875 1130//1875 1129//1875
f 1126//1876 1129//1876 1125//1876
f 1123//1877 1126//1877 1125//1877
f 1123//1878 1125//1878 1124//1878
f 1127//1879 1128//1879 1129//1879
f 1127//1880 1129//1880 1130//1880
f 1123//1881 1127//1881 1130//1881
f 1123//1882 1130//1882 1126//1882
f 1124//1883 1125//1883 1129//1883
f 1124//1884 1129//1884 1128//1884
f 1131//1885 1132//1885 1136//1885
f 1131//1886 1136//1886 1135//1886
f 1134//1887 1138//1887 1137//1887
f 1134//1888 1137//1888 1133//1888
f 1131//1889 1134//1889 1133//1889
f 1131//1890 1133//1890 1132//1890
f 1135//1891 1136//1891 1137//1891
f 1135//1892 1137//1892 1138//1892
f 1131//1893 1135//1893 1138//1893
f 1131//1894 1138//1894 1134//1894
f 1132//1895 1133//1895 1137//1895
f 1132//1896 1137//1896 1136//1896
g Port_Console
usemtl HullDark
f 1139//1897 1140//1897 1144//1897
f 1139//1898 1144//1898 1143//1898
f 1142//1899 1146//1899 1145//1899
f 1142//1900 1145//1900 1141//1900
f 1139//1901 1142//1901 1141//1901
f 1139//1902 1141//1902 1140//1902
f 1143//1903 1144//1903 1145//1903
f 1143//1904 1145//1904 1146//1904
f 1139//1905 1143//1905 1146//1905
f 1139//1906 1146//1906 1142//1906
f 1140//1907 1141//1907 1145//1907
f 1140//1908 1145//1908 1144//1908
g Port_Console_Armor
usemtl ArmorGrey
f 1147//1909 1148//1909 1152//1909
f 1147//1910 1152//1910 1151//1910
f 1150//1911 1154//1911 1153//1911
f 1150//1912 1153//1912 1149//1912
f 1147//1913 1150//1913 1149//1913
f 1147//1914 1149//1914 1148//1914
f 1151//1915 1152//1915 1153//1915
f 1151//1916 1153//1916 1154//1916
f 1147//1917 1151//1917 1154//1917
f 1147//1918 1154//1918 1150//1918
f 1148//1919 1149//1919 1153//1919
f 1148//1920 1153//1920 1152//1920
g Port_Console_Screen
usemtl DisplayCyan
f 1155//1921 1156//1921 1160//1921
f 1155//1922 1160//1922 1159//1922
f 1158//1923 1162//1923 1161//1923
f 1158//1924 1161//1924 1157//1924
f 1155//1925 1158//1925 1157//1925
f 1155//1926 1157//1926 1156//1926
f 1159//1927 1160//1927 1161//1927
f 1159//1928 1161//1928 1162//1928
f 1155//1929 1159//1929 1162//1929
f 1155//1930 1162//1930 1158//1930
f 1156//1931 1157//1931 1161//1931
f 1156//1932 1161//1932 1160//1932
g Port_Console_Secondary_Display
usemtl IndicatorWhite
f 1163//1933 1164//1933 1168//1933
f 1163//1934 1168//1934 1167//1934
f 1166//1935 1170//1935 1169//1935
f 1166//1936 1169//1936 1165//1936
f 1163//1937 1166//1937 1165//1937
f 1163//1938 1165//1938 1164//1938
f 1167//1939 1168//1939 1169//1939
f 1167//1940 1169//1940 1170//1940
f 1163//1941 1167//1941 1170//1941
f 1163//1942 1170//1942 1166//1942
f 1164//1943 1165//1943 1169//1943
f 1164//1944 1169//1944 1168//1944
g Port_Console_Keypad
usemtl DisplayCyan
f 1171//1945 1172//1945 1176//1945
f 1171//1946 1176//1946 1175//1946
f 1174//1947 1178//1947 1177//1947
f 1174//1948 1177//1948 1173//1948
f 1171//1949 1174//1949 1173//1949
f 1171//1950 1173//1950 1172//1950
f 1175//1951 1176//1951 1177//1951
f 1175//1952 1177//1952 1178//1952
f 1171//1953 1175//1953 1178//1953
f 1171//1954 1178//1954 1174//1954
f 1172//1955 1173//1955 1177//1955
f 1172//1956 1177//1956 1176//1956
usemtl IndicatorWhite
f 1179//1957 1180//1957 1184//1957
f 1179//1958 1184//1958 1183//1958
f 1182//1959 1186//1959 1185//1959
f 1182//1960 1185//1960 1181//1960
f 1179//1961 1182//1961 1181//1961
f 1179//1962 1181//1962 1180//1962
f 1183//1963 1184//1963 1185//1963
f 1183//1964 1185//1964 1186//1964
f 1179//1965 1183//1965 1186//1965
f 1179//1966 1186//1966 1182//1966
f 1180//1967 1181//1967 1185//1967
f 1180//1968 1185//1968 1184//1968
f 1187//1969 1188//1969 1192//1969
f 1187//1970 1192//1970 1191//1970
f 1190//1971 1194//1971 1193//1971
f 1190//1972 1193//1972 1189//1972
f 1187//1973 1190//1973 1189//1973
f 1187//1974 1189//1974 1188//1974
f 1191//1975 1192//1975 1193//1975
f 1191//1976 1193//1976 1194//1976
f 1187//1977 1191//1977 1194//1977
f 1187//1978 1194//1978 1190//1978
f 1188//1979 1189//1979 1193//1979
f 1188//1980 1193//1980 1192//1980
f 1195//1981 1196//1981 1200//1981
f 1195//1982 1200//1982 1199//1982
f 1198//1983 1202//1983 1201//1983
f 1198//1984 1201//1984 1197//1984
f 1195//1985 1198//1985 1197//1985
f 1195//1986 1197//1986 1196//1986
f 1199//1987 1200//1987 1201//1987
f 1199//1988 1201//1988 1202//1988
f 1195//1989 1199//1989 1202//1989
f 1195//1990 1202//1990 1198//1990
f 1196//1991 1197//1991 1201//1991
f 1196//1992 1201//1992 1200//1992
f 1203//1993 1204//1993 1208//1993
f 1203//1994 1208//1994 1207//1994
f 1206//1995 1210//1995 1209//1995
f 1206//1996 1209//1996 1205//1996
f 1203//1997 1206//1997 1205//1997
f 1203//1998 1205//1998 1204//1998
f 1207//1999 1208//1999 1209//1999
f 1207//2000 1209//2000 1210//2000
f 1203//2001 1207//2001 1210//2001
f 1203//2002 1210//2002 1206//2002
f 1204//2003 1205//2003 1209//2003
f 1204//2004 1209//2004 1208//2004
usemtl DisplayCyan
f 1211//2005 1212//2005 1216//2005
f 1211//2006 1216//2006 1215//2006
f 1214//2007 1218//2007 1217//2007
f 1214//2008 1217//2008 1213//2008
f 1211//2009 1214//2009 1213//2009
f 1211//2010 1213//2010 1212//2010
f 1215//2011 1216//2011 1217//2011
f 1215//2012 1217//2012 1218//2012
f 1211//2013 1215//2013 1218//2013
f 1211//2014 1218//2014 1214//2014
f 1212//2015 1213//2015 1217//2015
f 1212//2016 1217//2016 1216//2016
usemtl IndicatorWhite
f 1219//2017 1220//2017 1224//2017
f 1219//2018 1224//2018 1223//2018
f 1222//2019 1226//2019 1225//2019
f 1222//2020 1225//2020 1221//2020
f 1219//2021 1222//2021 1221//2021
f 1219//2022 1221//2022 1220//2022
f 1223//2023 1224//2023 1225//2023
f 1223//2024 1225//2024 1226//2024
f 1219//2025 1223//2025 1226//2025
f 1219//2026 1226//2026 1222//2026
f 1220//2027 1221//2027 1225//2027
f 1220//2028 1225//2028 1224//2028
usemtl DisplayCyan
f 1227//2029 1228//2029 1232//2029
f 1227//2030 1232//2030 1231//2030
f 1230//2031 1234//2031 1233//2031
f 1230//2032 1233//2032 1229//2032
f 1227//2033 1230//2033 1229//2033
f 1227//2034 1229//2034 1228//2034
f 1231//2035 1232//2035 1233//2035
f 1231//2036 1233//2036 1234//2036
f 1227//2037 1231//2037 1234//2037
f 1227//2038 1234//2038 1230//2038
f 1228//2039 1229//2039 1233//2039
f 1228//2040 1233//2040 1232//2040
usemtl IndicatorWhite
f 1235//2041 1236//2041 1240//2041
f 1235//2042 1240//2042 1239//2042
f 1238//2043 1242//2043 1241//2043
f 1238//2044 1241//2044 1237//2044
f 1235//2045 1238//2045 1237//2045
f 1235//2046 1237//2046 1236//2046
f 1239//2047 1240//2047 1241//2047
f 1239//2048 1241//2048 1242//2048
f 1235//2049 1239//2049 1242//2049
f 1235//2050 1242//2050 1238//2050
f 1236//2051 1237//2051 1241//2051
f 1236//2052 1241//2052 1240//2052
usemtl DisplayCyan
f 1243//2053 1244//2053 1248//2053
f 1243//2054 1248//2054 1247//2054
f 1246//2055 1250//2055 1249//2055
f 1246//2056 1249//2056 1245//2056
f 1243//2057 1246//2057 1245//2057
f 1243//2058 1245//2058 1244//2058
f 1247//2059 1248//2059 1249//2059
f 1247//2060 1249//2060 1250//2060
f 1243//2061 1247//2061 1250//2061
f 1243//2062 1250//2062 1246//2062
f 1244//2063 1245//2063 1249//2063
f 1244//2064 1249//2064 1248//2064
usemtl IndicatorWhite
f 1251//2065 1252//2065 1256//2065
f 1251//2066 1256//2066 1255//2066
f 1254//2067 1258//2067 1257//2067
f 1254//2068 1257//2068 1253//2068
f 1251//2069 1254//2069 1253//2069
f 1251//2070 1253//2070 1252//2070
f 1255//2071 1256//2071 1257//2071
f 1255//2072 1257//2072 1258//2072
f 1251//2073 1255//2073 1258//2073
f 1251//2074 1258//2074 1254//2074
f 1252//2075 1253//2075 1257//2075
f 1252//2076 1257//2076 1256//2076
f 1259//2077 1260//2077 1264//2077
f 1259//2078 1264//2078 1263//2078
f 1262//2079 1266//2079 1265//2079
f 1262//2080 1265//2080 1261//2080
f 1259//2081 1262//2081 1261//2081
f 1259//2082 1261//2082 1260//2082
f 1263//2083 1264//2083 1265//2083
f 1263//2084 1265//2084 1266//2084
f 1259//2085 1263//2085 1266//2085
f 1259//2086 1266//2086 1262//2086
f 1260//2087 1261//2087 1265//2087
f 1260//2088 1265//2088 1264//2088
g Port_Console_Support
usemtl TrimMetal
f 1267//2089 1269//2089 1270//2089
f 1267//2090 1270//2090 1268//2090
f 1287//2091 1269//2091 1267//2091
f 1288//2092 1268//2092 1270//2092
f 1269//2093 1271//2093 1272//2093
f 1269//2094 1272//2094 1270//2094
f 1287//2095 1271//2095 1269//2095
f 1288//2096 1270//2096 1272//2096
f 1271//2097 1273//2097 1274//2097
f 1271//2098 1274//2098 1272//2098
f 1287//2099 1273//2099 1271//2099
f 1288//2100 1272//2100 1274//2100
f 1273//2101 1275//2101 1276//2101
f 1273//2102 1276//2102 1274//2102
f 1287//2103 1275//2103 1273//2103
f 1288//2104 1274//2104 1276//2104
f 1275//2105 1277//2105 1278//2105
f 1275//2106 1278//2106 1276//2106
f 1287//2107 1277//2107 1275//2107
f 1288//2108 1276//2108 1278//2108
f 1277//2109 1279//2109 1280//2109
f 1277//2110 1280//2110 1278//2110
f 1287//2111 1279//2111 1277//2111
f 1288//2112 1278//2112 1280//2112
f 1279//2113 1281//2113 1282//2113
f 1279//2114 1282//2114 1280//2114
f 1287//2115 1281//2115 1279//2115
f 1288//2116 1280//2116 1282//2116
f 1281//2117 1283//2117 1284//2117
f 1281//2118 1284//2118 1282//2118
f 1287//2119 1283//2119 1281//2119
f 1288//2120 1282//2120 1284//2120
f 1283//2121 1285//2121 1286//2121
f 1283//2122 1286//2122 1284//2122
f 1287//2123 1285//2123 1283//2123
f 1288//2124 1284//2124 1286//2124
f 1285//2125 1267//2125 1268//2125
f 1285//2126 1268//2126 1286//2126
f 1287//2127 1267//2127 1285//2127
f 1288//2128 1286//2128 1268//2128
g Starboard_Console
usemtl HullDark
f 1289//2129 1290//2129 1294//2129
f 1289//2130 1294//2130 1293//2130
f 1292//2131 1296//2131 1295//2131
f 1292//2132 1295//2132 1291//2132
f 1289//2133 1292//2133 1291//2133
f 1289//2134 1291//2134 1290//2134
f 1293//2135 1294//2135 1295//2135
f 1293//2136 1295//2136 1296//2136
f 1289//2137 1293//2137 1296//2137
f 1289//2138 1296//2138 1292//2138
f 1290//2139 1291//2139 1295//2139
f 1290//2140 1295//2140 1294//2140
g Starboard_Console_Armor
usemtl ArmorGrey
f 1297//2141 1298//2141 1302//2141
f 1297//2142 1302//2142 1301//2142
f 1300//2143 1304//2143 1303//2143
f 1300//2144 1303//2144 1299//2144
f 1297//2145 1300//2145 1299//2145
f 1297//2146 1299//2146 1298//2146
f 1301//2147 1302//2147 1303//2147
f 1301//2148 1303//2148 1304//2148
f 1297//2149 1301//2149 1304//2149
f 1297//2150 1304//2150 1300//2150
f 1298//2151 1299//2151 1303//2151
f 1298//2152 1303//2152 1302//2152
g Starboard_Console_Screen
usemtl DisplayCyan
f 1305//2153 1306//2153 1310//2153
f 1305//2154 1310//2154 1309//2154
f 1308//2155 1312//2155 1311//2155
f 1308//2156 1311//2156 1307//2156
f 1305//2157 1308//2157 1307//2157
f 1305//2158 1307//2158 1306//2158
f 1309//2159 1310//2159 1311//2159
f 1309//2160 1311//2160 1312//2160
f 1305//2161 1309//2161 1312//2161
f 1305//2162 1312//2162 1308//2162
f 1306//2163 1307//2163 1311//2163
f 1306//2164 1311//2164 1310//2164
g Starboard_Console_Secondary_Display
usemtl IndicatorWhite
f 1313//2165 1314//2165 1318//2165
f 1313//2166 1318//2166 1317//2166
f 1316//2167 1320//2167 1319//2167
f 1316//2168 1319//2168 1315//2168
f 1313//2169 1316//2169 1315//2169
f 1313//2170 1315//2170 1314//2170
f 1317//2171 1318//2171 1319//2171
f 1317//2172 1319//2172 1320//2172
f 1313//2173 1317//2173 1320//2173
f 1313//2174 1320//2174 1316//2174
f 1314//2175 1315//2175 1319//2175
f 1314//2176 1319//2176 1318//2176
g Starboard_Console_Keypad
usemtl DisplayCyan
f 1321//2177 1322//2177 1326//2177
f 1321//2178 1326//2178 1325//2178
f 1324//2179 1328//2179 1327//2179
f 1324//2180 1327//2180 1323//2180
f 1321//2181 1324//2181 1323//2181
f 1321//2182 1323//2182 1322//2182
f 1325//2183 1326//2183 1327//2183
f 1325//2184 1327//2184 1328//2184
f 1321//2185 1325//2185 1328//2185
f 1321//2186 1328//2186 1324//2186
f 1322//2187 1323//2187 1327//2187
f 1322//2188 1327//2188 1326//2188
usemtl IndicatorWhite
f 1329//2189 1330//2189 1334//2189
f 1329//2190 1334//2190 1333//2190
f 1332//2191 1336//2191 1335//2191
f 1332//2192 1335//2192 1331//2192
f 1329//2193 1332//2193 1331//2193
f 1329//2194 1331//2194 1330//2194
f 1333//2195 1334//2195 1335//2195
f 1333//2196 1335//2196 1336//2196
f 1329//2197 1333//2197 1336//2197
f 1329//2198 1336//2198 1332//2198
f 1330//2199 1331//2199 1335//2199
f 1330//2200 1335//2200 1334//2200
f 1337//2201 1338//2201 1342//2201
f 1337//2202 1342//2202 1341//2202
f 1340//2203 1344//2203 1343//2203
f 1340//2204 1343//2204 1339//2204
f 1337//2205 1340//2205 1339//2205
f 1337//2206 1339//2206 1338//2206
f 1341//2207 1342//2207 1343//2207
f 1341//2208 1343//2208 1344//2208
f 1337//2209 1341//2209 1344//2209
f 1337//2210 1344//2210 1340//2210
f 1338//2211 1339//2211 1343//2211
f 1338//2212 1343//2212 1342//2212
f 1345//2213 1346//2213 1350//2213
f 1345//2214 1350//2214 1349//2214
f 1348//2215 1352//2215 1351//2215
f 1348//2216 1351//2216 1347//2216
f 1345//2217 1348//2217 1347//2217
f 1345//2218 1347//2218 1346//2218
f 1349//2219 1350//2219 1351//2219
f 1349//2220 1351//2220 1352//2220
f 1345//2221 1349//2221 1352//2221
f 1345//2222 1352//2222 1348//2222
f 1346//2223 1347//2223 1351//2223
f 1346//2224 1351//2224 1350//2224
f 1353//2225 1354//2225 1358//2225
f 1353//2226 1358//2226 1357//2226
f 1356//2227 1360//2227 1359//2227
f 1356//2228 1359//2228 1355//2228
f 1353//2229 1356//2229 1355//2229
f 1353//2230 1355//2230 1354//2230
f 1357//2231 1358//2231 1359//2231
f 1357//2232 1359//2232 1360//2232
f 1353//2233 1357//2233 1360//2233
f 1353//2234 1360//2234 1356//2234
f 1354//2235 1355//2235 1359//2235
f 1354//2236 1359//2236 1358//2236
usemtl DisplayCyan
f 1361//2237 1362//2237 1366//2237
f 1361//2238 1366//2238 1365//2238
f 1364//2239 1368//2239 1367//2239
f 1364//2240 1367//2240 1363//2240
f 1361//2241 1364//2241 1363//2241
f 1361//2242 1363//2242 1362//2242
f 1365//2243 1366//2243 1367//2243
f 1365//2244 1367//2244 1368//2244
f 1361//2245 1365//2245 1368//2245
f 1361//2246 1368//2246 1364//2246
f 1362//2247 1363//2247 1367//2247
f 1362//2248 1367//2248 1366//2248
usemtl IndicatorWhite
f 1369//2249 1370//2249 1374//2249
f 1369//2250 1374//2250 1373//2250
f 1372//2251 1376//2251 1375//2251
f 1372//2252 1375//2252 1371//2252
f 1369//2253 1372//2253 1371//2253
f 1369//2254 1371//2254 1370//2254
f 1373//2255 1374//2255 1375//2255
f 1373//2256 1375//2256 1376//2256
f 1369//2257 1373//2257 1376//2257
f 1369//2258 1376//2258 1372//2258
f 1370//2259 1371//2259 1375//2259
f 1370//2260 1375//2260 1374//2260
usemtl DisplayCyan
f 1377//2261 1378//2261 1382//2261
f 1377//2262 1382//2262 1381//2262
f 1380//2263 1384//2263 1383//2263
f 1380//2264 1383//2264 1379//2264
f 1377//2265 1380//2265 1379//2265
f 1377//2266 1379//2266 1378//2266
f 1381//2267 1382//2267 1383//2267
f 1381//2268 1383//2268 1384//2268
f 1377//2269 1381//2269 1384//2269
f 1377//2270 1384//2270 1380//2270
f 1378//2271 1379//2271 1383//2271
f 1378//2272 1383//2272 1382//2272
usemtl IndicatorWhite
f 1385//2273 1386//2273 1390//2273
f 1385//2274 1390//2274 1389//2274
f 1388//2275 1392//2275 1391//2275
f 1388//2276 1391//2276 1387//2276
f 1385//2277 1388//2277 1387//2277
f 1385//2278 1387//2278 1386//2278
f 1389//2279 1390//2279 1391//2279
f 1389//2280 1391//2280 1392//2280
f 1385//2281 1389//2281 1392//2281
f 1385//2282 1392//2282 1388//2282
f 1386//2283 1387//2283 1391//2283
f 1386//2284 1391//2284 1390//2284
usemtl DisplayCyan
f 1393//2285 1394//2285 1398//2285
f 1393//2286 1398//2286 1397//2286
f 1396//2287 1400//2287 1399//2287
f 1396//2288 1399//2288 1395//2288
f 1393//2289 1396//2289 1395//2289
f 1393//2290 1395//2290 1394//2290
f 1397//2291 1398//2291 1399//2291
f 1397//2292 1399//2292 1400//2292
f 1393//2293 1397//2293 1400//2293
f 1393//2294 1400//2294 1396//2294
f 1394//2295 1395//2295 1399//2295
f 1394//2296 1399//2296 1398//2296
usemtl IndicatorWhite
f 1401//2297 1402//2297 1406//2297
f 1401//2298 1406//2298 1405//2298
f 1404//2299 1408//2299 1407//2299
f 1404//2300 1407//2300 1403//2300
f 1401//2301 1404//2301 1403//2301
f 1401//2302 1403//2302 1402//2302
f 1405//2303 1406//2303 1407//2303
f 1405//2304 1407//2304 1408//2304
f 1401//2305 1405//2305 1408//2305
f 1401//2306 1408//2306 1404//2306
f 1402//2307 1403//2307 1407//2307
f 1402//2308 1407//2308 1406//2308
f 1409//2309 1410//2309 1414//2309
f 1409//2310 1414//2310 1413//2310
f 1412//2311 1416//2311 1415//2311
f 1412//2312 1415//2312 1411//2312
f 1409//2313 1412//2313 1411//2313
f 1409//2314 1411//2314 1410//2314
f 1413//2315 1414//2315 1415//2315
f 1413//2316 1415//2316 1416//2316
f 1409//2317 1413//2317 1416//2317
f 1409//2318 1416//2318 1412//2318
f 1410//2319 1411//2319 1415//2319
f 1410//2320 1415//2320 1414//2320
g Starboard_Console_Support
usemtl TrimMetal
f 1417//2321 1419//2321 1420//2321
f 1417//2322 1420//2322 1418//2322
f 1437//2323 1419//2323 1417//2323
f 1438//2324 1418//2324 1420//2324
f 1419//2325 1421//2325 1422//2325
f 1419//2326 1422//2326 1420//2326
f 1437//2327 1421//2327 1419//2327
f 1438//2328 1420//2328 1422//2328
f 1421//2329 1423//2329 1424//2329
f 1421//2330 1424//2330 1422//2330
f 1437//2331 1423//2331 1421//2331
f 1438//2332 1422//2332 1424//2332
f 1423//2333 1425//2333 1426//2333
f 1423//2334 1426//2334 1424//2334
f 1437//2335 1425//2335 1423//2335
f 1438//2336 1424//2336 1426//2336
f 1425//2337 1427//2337 1428//2337
f 1425//2338 1428//2338 1426//2338
f 1437//2339 1427//2339 1425//2339
f 1438//2340 1426//2340 1428//2340
f 1427//2341 1429//2341 1430//2341
f 1427//2342 1430//2342 1428//2342
f 1437//2343 1429//2343 1427//2343
f 1438//2344 1428//2344 1430//2344
f 1429//2345 1431//2345 1432//2345
f 1429//2346 1432//2346 1430//2346
f 1437//2347 1431//2347 1429//2347
f 1438//2348 1430//2348 1432//2348
f 1431//2349 1433//2349 1434//2349
f 1431//2350 1434//2350 1432//2350
f 1437//2351 1433//2351 1431//2351
f 1438//2352 1432//2352 1434//2352
f 1433//2353 1435//2353 1436//2353
f 1433//2354 1436//2354 1434//2354
f 1437//2355 1435//2355 1433//2355
f 1438//2356 1434//2356 1436//2356
f 1435//2357 1417//2357 1418//2357
f 1435//2358 1418//2358 1436//2358
f 1437//2359 1417//2359 1435//2359
f 1438//2360 1436//2360 1418//2360
g Forward_Dash
usemtl HullDark
f 1439//2361 1440//2361 1444//2361
f 1439//2362 1444//2362 1443//2362
f 1442//2363 1446//2363 1445//2363
f 1442//2364 1445//2364 1441//2364
f 1439//2365 1442//2365 1441//2365
f 1439//2366 1441//2366 1440//2366
f 1443//2367 1444//2367 1445//2367
f 1443//2368 1445//2368 1446//2368
f 1439//2369 1443//2369 1446//2369
f 1439//2370 1446//2370 1442//2370
f 1440//2371 1441//2371 1445//2371
f 1440//2372 1445//2372 1444//2372
g Forward_Dash_Trim
usemtl ArmorGrey
f 1447//2373 1448//2373 1452//2373
f 1447//2374 1452//2374 1451//2374
f 1450//2375 1454//2375 1453//2375
f 1450//2376 1453//2376 1449//2376
f 1447//2377 1450//2377 1449//2377
f 1447//2378 1449//2378 1448//2378
f 1451//2379 1452//2379 1453//2379
f 1451//2380 1453//2380 1454//2380
f 1447//2381 1451//2381 1454//2381
f 1447//2382 1454//2382 1450//2382
f 1448//2383 1449//2383 1453//2383
f 1448//2384 1453//2384 1452//2384
g Forward_Dash_Status_Lights
usemtl HudAmber
f 1455//2385 1456//2385 1460//2385
f 1455//2386 1460//2386 1459//2386
f 1458//2387 1462//2387 1461//2387
f 1458//2388 1461//2388 1457//2388
f 1455//2389 1458//2389 1457//2389
f 1455//2390 1457//2390 1456//2390
f 1459//2391 1460//2391 1461//2391
f 1459//2392 1461//2392 1462//2392
f 1455//2393 1459//2393 1462//2393
f 1455//2394 1462//2394 1458//2394
f 1456//2395 1457//2395 1461//2395
f 1456//2396 1461//2396 1460//2396
f 1463//2397 1464//2397 1468//2397
f 1463//2398 1468//2398 1467//2398
f 1466//2399 1470//2399 1469//2399
f 1466//2400 1469//2400 1465//2400
f 1463//2401 1466//2401 1465//2401
f 1463//2402 1465//2402 1464//2402
f 1467//2403 1468//2403 1469//2403
f 1467//2404 1469//2404 1470//2404
f 1463//2405 1467//2405 1470//2405
f 1463//2406 1470//2406 1466//2406
f 1464//2407 1465//2407 1469//2407
f 1464//2408 1469//2408 1468//2408
f 1471//2409 1472//2409 1476//2409
f 1471//2410 1476//2410 1475//2410
f 1474//2411 1478//2411 1477//2411
f 1474//2412 1477//2412 1473//2412
f 1471//2413 1474//2413 1473//2413
f 1471//2414 1473//2414 1472//2414
f 1475//2415 1476//2415 1477//2415
f 1475//2416 1477//2416 1478//2416
f 1471//2417 1475//2417 1478//2417
f 1471//2418 1478//2418 1474//2418
f 1472//2419 1473//2419 1477//2419
f 1472//2420 1477//2420 1476//2420
f 1479//2421 1480//2421 1484//2421
f 1479//2422 1484//2422 1483//2422
f 1482//2423 1486//2423 1485//2423
f 1482//2424 1485//2424 1481//2424
f 1479//2425 1482//2425 1481//2425
f 1479//2426 1481//2426 1480//2426
f 1483//2427 1484//2427 1485//2427
f 1483//2428 1485//2428 1486//2428
f 1479//2429 1483//2429 1486//2429
f 1479//2430 1486//2430 1482//2430
f 1480//2431 1481//2431 1485//2431
f 1480//2432 1485//2432 1484//2432
f 1487//2433 1488//2433 1492//2433
f 1487//2434 1492//2434 1491//2434
f 1490//2435 1494//2435 1493//2435
f 1490//2436 1493//2436 1489//2436
f 1487//2437 1490//2437 1489//2437
f 1487//2438 1489//2438 1488//2438
f 1491//2439 1492//2439 1493//2439
f 1491//2440 1493//2440 1494//2440
f 1487//2441 1491//2441 1494//2441
f 1487//2442 1494//2442 1490//2442
f 1488//2443 1489//2443 1493//2443
f 1488//2444 1493//2444 1492//2444
f 1495//2445 1496//2445 1500//2445
f 1495//2446 1500//2446 1499//2446
f 1498//2447 1502//2447 1501//2447
f 1498//2448 1501//2448 1497//2448
f 1495//2449 1498//2449 1497//2449
f 1495//2450 1497//2450 1496//2450
f 1499//2451 1500//2451 1501//2451
f 1499//2452 1501//2452 1502//2452
f 1495//2453 1499//2453 1502//2453
f 1495//2454 1502//2454 1498//2454
f 1496//2455 1497//2455 1501//2455
f 1496//2456 1501//2456 1500//2456
g Forward_Dash_Side_Displays
usemtl DisplayCyan
f 1503//2457 1504//2457 1508//2457
f 1503//2458 1508//2458 1507//2458
f 1506//2459 1510//2459 1509//2459
f 1506//2460 1509//2460 1505//2460
f 1503//2461 1506//2461 1505//2461
f 1503//2462 1505//2462 1504//2462
f 1507//2463 1508//2463 1509//2463
f 1507//2464 1509//2464 1510//2464
f 1503//2465 1507//2465 1510//2465
f 1503//2466 1510//2466 1506//2466
f 1504//2467 1505//2467 1509//2467
f 1504//2468 1509//2468 1508//2468
f 1511//2469 1512//2469 1516//2469
f 1511//2470 1516//2470 1515//2470
f 1514//2471 1518//2471 1517//2471
f 1514//2472 1517//2472 1513//2472
f 1511//2473 1514//2473 1513//2473
f 1511//2474 1513//2474 1512//2474
f 1515//2475 1516//2475 1517//2475
f 1515//2476 1517//2476 1518//2476
f 1511//2477 1515//2477 1518//2477
f 1511//2478 1518//2478 1514//2478
f 1512//2479 1513//2479 1517//2479
f 1512//2480 1517//2480 1516//2480
g HUD_Glass
usemtl CanopyGlass
f 1519//2481 1522//2481 1521//2481
f 1519//2482 1521//2482 1520//2482
f 1523//2483 1524//2483 1525//2483
f 1523//2484 1525//2484 1526//2484
f 1519//2485 1523//2485 1524//2485
f 1519//2486 1524//2486 1520//2486
f 1520//2487 1524//2487 1525//2487
f 1520//2488 1525//2488 1521//2488
f 1521//2489 1525//2489 1526//2489
f 1521//2490 1526//2490 1522//2490
f 1522//2491 1526//2491 1523//2491
f 1522//2492 1523//2492 1519//2492
g Holographic_HUD
usemtl HudAmber
f 1527//2493 1533//2493 1534//2493
f 1527//2494 1534//2494 1528//2494
f 1528//2495 1534//2495 1535//2495
f 1528//2496 1535//2496 1529//2496
f 1529//2497 1535//2497 1536//2497
f 1529//2498 1536//2498 1530//2498
f 1530//2499 1536//2499 1537//2499
f 1530//2500 1537//2500 1531//2500
f 1531//2501 1537//2501 1538//2501
f 1531//2502 1538//2502 1532//2502
f 1532//2503 1538//2503 1533//2503
f 1532//2504 1533//2504 1527//2504
f 1533//2505 1539//2505 1540//2505
f 1533//2506 1540//2506 1534//2506
f 1534//2507 1540//2507 1541//2507
f 1534//2508 1541//2508 1535//2508
f 1535//2509 1541//2509 1542//2509
f 1535//2510 1542//2510 1536//2510
f 1536//2511 1542//2511 1543//2511
f 1536//2512 1543//2512 1537//2512
f 1537//2513 1543//2513 1544//2513
f 1537//2514 1544//2514 1538//2514
f 1538//2515 1544//2515 1539//2515
f 1538//2516 1539//2516 1533//2516
f 1539//2517 1545//2517 1546//2517
f 1539//2518 1546//2518 1540//2518
f 1540//2519 1546//2519 1547//2519
f 1540//2520 1547//2520 1541//2520
f 1541//2521 1547//2521 1548//2521
f 1541//2522 1548//2522 1542//2522
f 1542//2523 1548//2523 1549//2523
f 1542//2524 1549//2524 1543//2524
f 1543//2525 1549//2525 1550//2525
f 1543//2526 1550//2526 1544//2526
f 1544//2527 1550//2527 1545//2527
f 1544//2528 1545//2528 1539//2528
f 1545//2529 1551//2529 1552//2529
f 1545//2530 1552//2530 1546//2530
f 1546//2531 1552//2531 1553//2531
f 1546//2532 1553//2532 1547//2532
f 1547//2533 1553//2533 1554//2533
f 1547//2534 1554//2534 1548//2534
f 1548//2535 1554//2535 1555//2535
f 1548//2536 1555//2536 1549//2536
f 1549//2537 1555//2537 1556//2537
f 1549//2538 1556//2538 1550//2538
f 1550//2539 1556//2539 1551//2539
f 1550//2540 1551//2540 1545//2540
f 1551//2541 1557//2541 1558//2541
f 1551//2542 1558//2542 1552//2542
f 1552//2543 1558//2543 1559//2543
f 1552//2544 1559//2544 1553//2544
f 1553//2545 1559//2545 1560//2545
f 1553//2546 1560//2546 1554//2546
f 1554//2547 1560//2547 1561//2547
f 1554//2548 1561//2548 1555//2548
f 1555//2549 1561//2549 1562//2549
f 1555//2550 1562//2550 1556//2550
f 1556//2551 1562//2551 1557//2551
f 1556//2552 1557//2552 1551//2552
f 1557//2553 1563//2553 1564//2553
f 1557//2554 1564//2554 1558//2554
f 1558//2555 1564//2555 1565//2555
f 1558//2556 1565//2556 1559//2556
f 1559//2557 1565//2557 1566//2557
f 1559//2558 1566//2558 1560//2558
f 1560//2559 1566//2559 1567//2559
f 1560//2560 1567//2560 1561//2560
f 1561//2561 1567//2561 1568//2561
f 1561//2562 1568//2562 1562//2562
f 1562//2563 1568//2563 1563//2563
f 1562//2564 1563//2564 1557//2564
f 1563//2565 1569//2565 1570//2565
f 1563//2566 1570//2566 1564//2566
f 1564//2567 1570//2567 1571//2567
f 1564//2568 1571//2568 1565//2568
f 1565//2569 1571//2569 1572//2569
f 1565//2570 1572//2570 1566//2570
f 1566//2571 1572//2571 1573//2571
f 1566//2572 1573//2572 1567//2572
f 1567//2573 1573//2573 1574//2573
f 1567//2574 1574//2574 1568//2574
f 1568//2575 1574//2575 1569//2575
f 1568//2576 1569//2576 1563//2576
f 1569//2577 1575//2577 1576//2577
f 1569//2578 1576//2578 1570//2578
f 1570//2579 1576//2579 1577//2579
f 1570//2580 1577//2580 1571//2580
f 1571//2581 1577//2581 1578//2581
f 1571//2582 1578//2582 1572//2582
f 1572//2583 1578//2583 1579//2583
f 1572//2584 1579//2584 1573//2584
f 1573//2585 1579//2585 1580//2585
f 1573//2586 1580//2586 1574//2586
f 1574//2587 1580//2587 1575//2587
f 1574//2588 1575//2588 1569//2588
f 1575//2589 1581//2589 1582//2589
f 1575//2590 1582//2590 1576//2590
f 1576//2591 1582//2591 1583//2591
f 1576//2592 1583//2592 1577//2592
f 1577//2593 1583//2593 1584//2593
f 1577//2594 1584//2594 1578//2594
f 1578//2595 1584//2595 1585//2595
f 1578//2596 1585//2596 1579//2596
f 1579//2597 1585//2597 1586//2597
f 1579//2598 1586//2598 1580//2598
f 1580//2599 1586//2599 1581//2599
f 1580//2600 1581//2600 1575//2600
f 1581//2601 1587//2601 1588//2601
f 1581//2602 1588//2602 1582//2602
f 1582//2603 1588//2603 1589//2603
f 1582//2604 1589//2604 1583//2604
f 1583//2605 1589//2605 1590//2605
f 1583//2606 1590//2606 1584//2606
f 1584//2607 1590//2607 1591//2607
f 1584//2608 1591//2608 1585//2608
f 1585//2609 1591//2609 1592//2609
f 1585//2610 1592//2610 1586//2610
f 1586//2611 1592//2611 1587//2611
f 1586//2612 1587//2612 1581//2612
f 1587//2613 1593//2613 1594//2613
f 1587//2614 1594//2614 1588//2614
f 1588//2615 1594//2615 1595//2615
f 1588//2616 1595//2616 1589//2616
f 1589//2617 1595//2617 1596//2617
f 1589//2618 1596//2618 1590//2618
f 1590//2619 1596//2619 1597//2619
f 1590//2620 1597//2620 1591//2620
f 1591//2621 1597//2621 1598//2621
f 1591//2622 1598//2622 1592//2622
f 1592//2623 1598//2623 1593//2623
f 1592//2624 1593//2624 1587//2624
f 1593//2625 1527//2625 1528//2625
f 1593//2626 1528//2626 1594//2626
f 1594//2627 1528//2627 1529//2627
f 1594//2628 1529//2628 1595//2628
f 1595//2629 1529//2629 1530//2629
f 1595//2630 1530//2630 1596//2630
f 1596//2631 1530//2631 1531//2631
f 1596//2632 1531//2632 1597//2632
f 1597//2633 1531//2633 1532//2633
f 1597//2634 1532//2634 1598//2634
f 1598//2635 1532//2635 1527//2635
f 1598//2636 1527//2636 1593//2636
usemtl DisplayCyan
f 1599//2637 1604//2637 1605//2637
f 1599//2638 1605//2638 1600//2638
f 1600//2639 1605//2639 1606//2639
f 1600//2640 1606//2640 1601//2640
f 1601//2641 1606//2641 1607//2641
f 1601//2642 1607//2642 1602//2642
f 1602//2643 1607//2643 1608//2643
f 1602//2644 1608//2644 1603//2644
f 1603//2645 1608//2645 1604//2645
f 1603//2646 1604//2646 1599//2646
f 1604//2647 1609//2647 1610//2647
f 1604//2648 1610//2648 1605//2648
f 1605//2649 1610//2649 1611//2649
f 1605//2650 1611//2650 1606//2650
f 1606//2651 1611//2651 1612//2651
f 1606//2652 1612//2652 1607//2652
f 1607//2653 1612//2653 1613//2653
f 1607//2654 1613//2654 1608//2654
f 1608//2655 1613//2655 1609//2655
f 1608//2656 1609//2656 1604//2656
f 1609//2657 1614//2657 1615//2657
f 1609//2658 1615//2658 1610//2658
f 1610//2659 1615//2659 1616//2659
f 1610//2660 1616//2660 1611//2660
f 1611//2661 1616//2661 1617//2661
f 1611//2662 1617//2662 1612//2662
f 1612//2663 1617//2663 1618//2663
f 1612//2664 1618//2664 1613//2664
f 1613//2665 1618//2665 1614//2665
f 1613//2666 1614//2666 1609//2666
f 1614//2667 1619//2667 1620//2667
f 1614//2668 1620//2668 1615//2668
f 1615//2669 1620//2669 1621//2669
f 1615//2670 1621//2670 1616//2670
f 1616//2671 1621//2671 1622//2671
f 1616//2672 1622//2672 1617//2672
f 1617//2673 1622//2673 1623//2673
f 1617//2674 1623//2674 1618//2674
f 1618//2675 1623//2675 1619//2675
f 1618//2676 1619//2676 1614//2676
f 1619//2677 1624//2677 1625//2677
f 1619//2678 1625//2678 1620//2678
f 1620//2679 1625//2679 1626//2679
f 1620//2680 1626//2680 1621//2680
f 1621//2681 1626//2681 1627//2681
f 1621//2682 1627//2682 1622//2682
f 1622//2683 1627//2683 1628//2683
f 1622//2684 1628//2684 1623//2684
f 1623//2685 1628//2685 1624//2685
f 1623//2686 1624//2686 1619//2686
f 1624//2687 1629//2687 1630//2687
f 1624//2688 1630//2688 1625//2688
f 1625//2689 1630//2689 1631//2689
f 1625//2690 1631//2690 1626//2690
f 1626//2691 1631//2691 1632//2691
f 1626//2692 1632//2692 1627//2692
f 1627//2693 1632//2693 1633//2693
f 1627//2694 1633//2694 1628//2694
f 1628//2695 1633//2695 1629//2695
f 1628//2696 1629//2696 1624//2696
f 1629//2697 1634//2697 1635//2697
f 1629//2698 1635//2698 1630//2698
f 1630//2699 1635//2699 1636//2699
f 1630//2700 1636//2700 1631//2700
f 1631//2701 1636//2701 1637//2701
f 1631//2702 1637//2702 1632//2702
f 1632//2703 1637//2703 1638//2703
f 1632//2704 1638//2704 1633//2704
f 1633//2705 1638//2705 1634//2705
f 1633//2706 1634//2706 1629//2706
f 1634//2707 1639//2707 1640//2707
f 1634//2708 1640//2708 1635//2708
f 1635//2709 1640//2709 1641//2709
f 1635//2710 1641//2710 1636//2710
f 1636//2711 1641//2711 1642//2711
f 1636//2712 1642//2712 1637//2712
f 1637//2713 1642//2713 1643//2713
f 1637//2714 1643//2714 1638//2714
f 1638//2715 1643//2715 1639//2715
f 1638//2716 1639//2716 1634//2716
f 1639//2717 1644//2717 1645//2717
f 1639//2718 1645//2718 1640//2718
f 1640//2719 1645//2719 1646//2719
f 1640//2720 1646//2720 1641//2720
f 1641//2721 1646//2721 1647//2721
f 1641//2722 1647//2722 1642//2722
f 1642//2723 1647//2723 1648//2723
f 1642//2724 1648//2724 1643//2724
f 1643//2725 1648//2725 1644//2725
f 1643//2726 1644//2726 1639//2726
f 1644//2727 1649//2727 1650//2727
f 1644//2728 1650//2728 1645//2728
f 1645//2729 1650//2729 1651//2729
f 1645//2730 1651//2730 1646//2730
f 1646//2731 1651//2731 1652//2731
f 1646//2732 1652//2732 1647//2732
f 1647//2733 1652//2733 1653//2733
f 1647//2734 1653//2734 1648//2734
f 1648//2735 1653//2735 1649//2735
f 1648//2736 1649//2736 1644//2736
f 1649//2737 1654//2737 1655//2737
f 1649//2738 1655//2738 1650//2738
f 1650//2739 1655//2739 1656//2739
f 1650//2740 1656//2740 1651//2740
f 1651//2741 1656//2741 1657//2741
f 1651//2742 1657//2742 1652//2742
f 1652//2743 1657//2743 1658//2743
f 1652//2744 1658//2744 1653//2744
f 1653//2745 1658//2745 1654//2745
f 1653//2746 1654//2746 1649//2746
f 1654//2747 1599//2747 1600//2747
f 1654//2748 1600//2748 1655//2748
f 1655//2749 1600//2749 1601//2749
f 1655//2750 1601//2750 1656//2750
f 1656//2751 1601//2751 1602//2751
f 1656//2752 1602//2752 1657//2752
f 1657//2753 1602//2753 1603//2753
f 1657//2754 1603//2754 1658//2754
f 1658//2755 1603//2755 1599//2755
f 1658//2756 1599//2756 1654//2756
usemtl HudAmber
f 1659//2757 1661//2757 1662//2757
f 1659//2758 1662//2758 1660//2758
f 1675//2759 1661//2759 1659//2759
f 1676//2760 1660//2760 1662//2760
f 1661//2761 1663//2761 1664//2761
f 1661//2762 1664//2762 1662//2762
f 1675//2763 1663//2763 1661//2763
f 1676//2764 1662//2764 1664//2764
f 1663//2765 1665//2765 1666//2765
f 1663//2766 1666//2766 1664//2766
f 1675//2767 1665//2767 1663//2767
f 1676//2768 1664//2768 1666//2768
f 1665//2769 1667//2769 1668//2769
f 1665//2770 1668//2770 1666//2770
f 1675//2771 1667//2771 1665//2771
f 1676//2772 1666//2772 1668//2772
f 1667//2773 1669//2773 1670//2773
f 1667//2774 1670//2774 1668//2774
f 1675//2775 1669//2775 1667//2775
f 1676//2776 1668//2776 1670//2776
f 1669//2777 1671//2777 1672//2777
f 1669//2778 1672//2778 1670//2778
f 1675//2779 1671//2779 1669//2779
f 1676//2780 1670//2780 1672//2780
f 1671//2781 1673//2781 1674//2781
f 1671//2782 1674//2782 1672//2782
f 1675//2783 1673//2783 1671//2783
f 1676//2784 1672//2784 1674//2784
f 1673//2785 1659//2785 1660//2785
f 1673//2786 1660//2786 1674//2786
f 1675//2787 1659//2787 1673//2787
f 1676//2788 1674//2788 1660//2788
f 1677//2789 1679//2789 1680//2789
f 1677//2790 1680//2790 1678//2790
f 1693//2791 1679//2791 1677//2791
f 1694//2792 1678//2792 1680//2792
f 1679//2793 1681//2793 1682//2793
f 1679//2794 1682//2794 1680//2794
f 1693//2795 1681//2795 1679//2795
f 1694//2796 1680//2796 1682//2796
f 1681//2797 1683//2797 1684//2797
f 1681//2798 1684//2798 1682//2798
f 1693//2799 1683//2799 1681//2799
f 1694//2800 1682//2800 1684//2800
f 1683//2801 1685//2801 1686//2801
f 1683//2802 1686//2802 1684//2802
f 1693//2803 1685//2803 1683//2803
f 1694//2804 1684//2804 1686//2804
f 1685//2805 1687//2805 1688//2805
f 1685//2806 1688//2806 1686//2806
f 1693//2807 1687//2807 1685//2807
f 1694//2808 1686//2808 1688//2808
f 1687//2809 1689//2809 1690//2809
f 1687//2810 1690//2810 1688//2810
f 1693//2811 1689//2811 1687//2811
f 1694//2812 1688//2812 1690//2812
f 1689//2813 1691//2813 1692//2813
f 1689//2814 1692//2814 1690//2814
f 1693//2815 1691//2815 1689//2815
f 1694//2816 1690//2816 1692//2816
f 1691//2817 1677//2817 1678//2817
f 1691//2818 1678//2818 1692//2818
f 1693//2819 1677//2819 1691//2819
f 1694//2820 1692//2820 1678//2820
f 1695//2821 1697//2821 1698//2821
f 1695//2822 1698//2822 1696//2822
f 1711//2823 1697//2823 1695//2823
f 1712//2824 1696//2824 1698//2824
f 1697//2825 1699//2825 1700//2825
f 1697//2826 1700//2826 1698//2826
f 1711//2827 1699//2827 1697//2827
f 1712//2828 1698//2828 1700//2828
f 1699//2829 1701//2829 1702//2829
f 1699//2830 1702//2830 1700//2830
f 1711//2831 1701//2831 1699//2831
f 1712//2832 1700//2832 1702//2832
f 1701//2833 1703//2833 1704//2833
f 1701//2834 1704//2834 1702//2834
f 1711//2835 1703//2835 1701//2835
f 1712//2836 1702//2836 1704//2836
f 1703//2837 1705//2837 1706//2837
f 1703//2838 1706//2838 1704//2838
f 1711//2839 1705//2839 1703//2839
f 1712//2840 1704//2840 1706//2840
f 1705//2841 1707//2841 1708//2841
f 1705//2842 1708//2842 1706//2842
f 1711//2843 1707//2843 1705//2843
f 1712//2844 1706//2844 1708//2844
f 1707//2845 1709//2845 1710//2845
f 1707//2846 1710//2846 1708//2846
f 1711//2847 1709//2847 1707//2847
f 1712//2848 1708//2848 1710//2848
f 1709//2849 1695//2849 1696//2849
f 1709//2850 1696//2850 1710//2850
f 1711//2851 1695//2851 1709//2851
f 1712//2852 1710//2852 1696//2852
f 1713//2853 1715//2853 1716//2853
f 1713//2854 1716//2854 1714//2854
f 1729//2855 1715//2855 1713//2855
f 1730//2856 1714//2856 1716//2856
f 1715//2857 1717//2857 1718//2857
f 1715//2858 1718//2858 1716//2858
f 1729//2859 1717//2859 1715//2859
f 1730//2860 1716//2860 1718//2860
f 1717//2861 1719//2861 1720//2861
f 1717//2862 1720//2862 1718//2862
f 1729//2863 1719//2863 1717//2863
f 1730//2864 1718//2864 1720//2864
f 1719//2865 1721//2865 1722//2865
f 1719//2866 1722//2866 1720//2866
f 1729//2867 1721//2867 1719//2867
f 1730//2868 1720//2868 1722//2868
f 1721//2869 1723//2869 1724//2869
f 1721//2870 1724//2870 1722//2870
f 1729//2871 1723//2871 1721//2871
f 1730//2872 1722//2872 1724//2872
f 1723//2873 1725//2873 1726//2873
f 1723//2874 1726//2874 1724//2874
f 1729//2875 1725//2875 1723//2875
f 1730//2876 1724//2876 1726//2876
f 1725//2877 1727//2877 1728//2877
f 1725//2878 1728//2878 1726//2878
f 1729//2879 1727//2879 1725//2879
f 1730//2880 1726//2880 1728//2880
f 1727//2881 1713//2881 1714//2881
f 1727//2882 1714//2882 1728//2882
f 1729//2883 1713//2883 1727//2883
f 1730//2884 1728//2884 1714//2884
usemtl DisplayCyan
f 1731//2885 1733//2885 1734//2885
f 1731//2886 1734//2886 1732//2886
f 1747//2887 1733//2887 1731//2887
f 1748//2888 1732//2888 1734//2888
f 1733//2889 1735//2889 1736//2889
f 1733//2890 1736//2890 1734//2890
f 1747//2891 1735//2891 1733//2891
f 1748//2892 1734//2892 1736//2892
f 1735//2893 1737//2893 1738//2893
f 1735//2894 1738//2894 1736//2894
f 1747//2895 1737//2895 1735//2895
f 1748//2896 1736//2896 1738//2896
f 1737//2897 1739//2897 1740//2897
f 1737//2898 1740//2898 1738//2898
f 1747//2899 1739//2899 1737//2899
f 1748//2900 1738//2900 1740//2900
f 1739//2901 1741//2901 1742//2901
f 1739//2902 1742//2902 1740//2902
f 1747//2903 1741//2903 1739//2903
f 1748//2904 1740//2904 1742//2904
f 1741//2905 1743//2905 1744//2905
f 1741//2906 1744//2906 1742//2906
f 1747//2907 1743//2907 1741//2907
f 1748//2908 1742//2908 1744//2908
f 1743//2909 1745//2909 1746//2909
f 1743//2910 1746//2910 1744//2910
f 1747//2911 1745//2911 1743//2911
f 1748//2912 1744//2912 1746//2912
f 1745//2913 1731//2913 1732//2913
f 1745//2914 1732//2914 1746//2914
f 1747//2915 1731//2915 1745//2915
f 1748//2916 1746//2916 1732//2916
f 1749//2917 1751//2917 1752//2917
f 1749//2918 1752//2918 1750//2918
f 1765//2919 1751//2919 1749//2919
f 1766//2920 1750//2920 1752//2920
f 1751//2921 1753//2921 1754//2921
f 1751//2922 1754//2922 1752//2922
f 1765//2923 1753//2923 1751//2923
f 1766//2924 1752//2924 1754//2924
f 1753//2925 1755//2925 1756//2925
f 1753//2926 1756//2926 1754//2926
f 1765//2927 1755//2927 1753//2927
f 1766//2928 1754//2928 1756//2928
f 1755//2929 1757//2929 1758//2929
f 1755//2930 1758//2930 1756//2930
f 1765//2931 1757//2931 1755//2931
f 1766//2932 1756//2932 1758//2932
f 1757//2933 1759//2933 1760//2933
f 1757//2934 1760//2934 1758//2934
f 1765//2935 1759//2935 1757//2935
f 1766//2936 1758//2936 1760//2936
f 1759//2937 1761//2937 1762//2937
f 1759//2938 1762//2938 1760//2938
f 1765//2939 1761//2939 1759//2939
f 1766//2940 1760//2940 1762//2940
f 1761//2941 1763//2941 1764//2941
f 1761//2942 1764//2942 1762//2942
f 1765//2943 1763//2943 1761//2943
f 1766//2944 1762//2944 1764//2944
f 1763//2945 1749//2945 1750//2945
f 1763//2946 1750//2946 1764//2946
f 1765//2947 1749//2947 1763//2947
f 1766//2948 1764//2948 1750//2948
usemtl HudAmber
f 1767//2949 1769//2949 1770//2949
f 1767//2950 1770//2950 1768//2950
f 1783//2951 1769//2951 1767//2951
f 1784//2952 1768//2952 1770//2952
f 1769//2953 1771//2953 1772//2953
f 1769//2954 1772//2954 1770//2954
f 1783//2955 1771//2955 1769//2955
f 1784//2956 1770//2956 1772//2956
f 1771//2957 1773//2957 1774//2957
f 1771//2958 1774//2958 1772//2958
f 1783//2959 1773//2959 1771//2959
f 1784//2960 1772//2960 1774//2960
f 1773//2961 1775//2961 1776//2961
f 1773//2962 1776//2962 1774//2962
f 1783//2963 1775//2963 1773//2963
f 1784//2964 1774//2964 1776//2964
f 1775//2965 1777//2965 1778//2965
f 1775//2966 1778//2966 1776//2966
f 1783//2967 1777//2967 1775//2967
f 1784//2968 1776//2968 1778//2968
f 1777//2969 1779//2969 1780//2969
f 1777//2970 1780//2970 1778//2970
f 1783//2971 1779//2971 1777//2971
f 1784//2972 1778//2972 1780//2972
f 1779//2973 1781//2973 1782//2973
f 1779//2974 1782//2974 1780//2974
f 1783//2975 1781//2975 1779//2975
f 1784//2976 1780//2976 1782//2976
f 1781//2977 1767//2977 1768//2977
f 1781//2978 1768//2978 1782//2978
f 1783//2979 1767//2979 1781//2979
f 1784//2980 1782//2980 1768//2980
f 1785//2981 1787//2981 1788//2981
f 1785//2982 1788//2982 1786//2982
f 1801//2983 1787//2983 1785//2983
f 1802//2984 1786//2984 1788//2984
f 1787//2985 1789//2985 1790//2985
f 1787//2986 1790//2986 1788//2986
f 1801//2987 1789//2987 1787//2987
f 1802//2988 1788//2988 1790//2988
f 1789//2989 1791//2989 1792//2989
f 1789//2990 1792//2990 1790//2990
f 1801//2991 1791//2991 1789//2991
f 1802//2992 1790//2992 1792//2992
f 1791//2993 1793//2993 1794//2993
f 1791//2994 1794//2994 1792//2994
f 1801//2995 1793//2995 1791//2995
f 1802//2996 1792//2996 1794//2996
f 1793//2997 1795//2997 1796//2997
f 1793//2998 1796//2998 1794//2998
f 1801//2999 1795//2999 1793//2999
f 1802//3000 1794//3000 1796//3000
f 1795//3001 1797//3001 1798//3001
f 1795//3002 1798//3002 1796//3002
f 1801//3003 1797//3003 1795//3003
f 1802//3004 1796//3004 1798//3004
f 1797//3005 1799//3005 1800//3005
f 1797//3006 1800//3006 1798//3006
f 1801//3007 1799//3007 1797//3007
f 1802//3008 1798//3008 1800//3008
f 1799//3009 1785//3009 1786//3009
f 1799//3010 1786//3010 1800//3010
f 1801//3011 1785//3011 1799//3011
f 1802//3012 1800//3012 1786//3012
f 1803//3013 1805//3013 1806//3013
f 1803//3014 1806//3014 1804//3014
f 1819//3015 1805//3015 1803//3015
f 1820//3016 1804//3016 1806//3016
f 1805//3017 1807//3017 1808//3017
f 1805//3018 1808//3018 1806//3018
f 1819//3019 1807//3019 1805//3019
f 1820//3020 1806//3020 1808//3020
f 1807//3021 1809//3021 1810//3021
f 1807//3022 1810//3022 1808//3022
f 1819//3023 1809//3023 1807//3023
f 1820//3024 1808//3024 1810//3024
f 1809//3025 1811//3025 1812//3025
f 1809//3026 1812//3026 1810//3026
f 1819//3027 1811//3027 1809//3027
f 1820//3028 1810//3028 1812//3028
f 1811//3029 1813//3029 1814//3029
f 1811//3030 1814//3030 1812//3030
f 1819//3031 1813//3031 1811//3031
f 1820//3032 1812//3032 1814//3032
f 1813//3033 1815//3033 1816//3033
f 1813//3034 1816//3034 1814//3034
f 1819//3035 1815//3035 1813//3035
f 1820//3036 1814//3036 1816//3036
f 1815//3037 1817//3037 1818//3037
f 1815//3038 1818//3038 1816//3038
f 1819//3039 1817//3039 1815//3039
f 1820//3040 1816//3040 1818//3040
f 1817//3041 1803//3041 1804//3041
f 1817//3042 1804//3042 1818//3042
f 1819//3043 1803//3043 1817//3043
f 1820//3044 1818//3044 1804//3044
usemtl DisplayCyan
f 1821//3045 1823//3045 1824//3045
f 1821//3046 1824//3046 1822//3046
f 1837//3047 1823//3047 1821//3047
f 1838//3048 1822//3048 1824//3048
f 1823//3049 1825//3049 1826//3049
f 1823//3050 1826//3050 1824//3050
f 1837//3051 1825//3051 1823//3051
f 1838//3052 1824//3052 1826//3052
f 1825//3053 1827//3053 1828//3053
f 1825//3054 1828//3054 1826//3054
f 1837//3055 1827//3055 1825//3055
f 1838//3056 1826//3056 1828//3056
f 1827//3057 1829//3057 1830//3057
f 1827//3058 1830//3058 1828//3058
f 1837//3059 1829//3059 1827//3059
f 1838//3060 1828//3060 1830//3060
f 1829//3061 1831//3061 1832//3061
f 1829//3062 1832//3062 1830//3062
f 1837//3063 1831//3063 1829//3063
f 1838//3064 1830//3064 1832//3064
f 1831//3065 1833//3065 1834//3065
f 1831//3066 1834//3066 1832//3066
f 1837//3067 1833//3067 1831//3067
f 1838//3068 1832//3068 1834//3068
f 1833//3069 1835//3069 1836//3069
f 1833//3070 1836//3070 1834//3070
f 1837//3071 1835//3071 1833//3071
f 1838//3072 1834//3072 1836//3072
f 1835//3073 1821//3073 1822//3073
f 1835//3074 1822//3074 1836//3074
f 1837//3075 1821//3075 1835//3075
f 1838//3076 1836//3076 1822//3076
f 1839//3077 1841//3077 1842//3077
f 1839//3078 1842//3078 1840//3078
f 1855//3079 1841//3079 1839//3079
f 1856//3080 1840//3080 1842//3080
f 1841//3081 1843//3081 1844//3081
f 1841//3082 1844//3082 1842//3082
f 1855//3083 1843//3083 1841//3083
f 1856//3084 1842//3084 1844//3084
f 1843//3085 1845//3085 1846//3085
f 1843//3086 1846//3086 1844//3086
f 1855//3087 1845//3087 1843//3087
f 1856//3088 1844//3088 1846//3088
f 1845//3089 1847//3089 1848//3089
f 1845//3090 1848//3090 1846//3090
f 1855//3091 1847//3091 1845//3091
f 1856//3092 1846//3092 1848//3092
f 1847//3093 1849//3093 1850//3093
f 1847//3094 1850//3094 1848//3094
f 1855//3095 1849//3095 1847//3095
f 1856//3096 1848//3096 1850//3096
f 1849//3097 1851//3097 1852//3097
f 1849//3098 1852//3098 1850//3098
f 1855//3099 1851//3099 1849//3099
f 1856//3100 1850//3100 1852//3100
f 1851//3101 1853//3101 1854//3101
f 1851//3102 1854//3102 1852//3102
f 1855//3103 1853//3103 1851//3103
f 1856//3104 1852//3104 1854//3104
f 1853//3105 1839//3105 1840//3105
f 1853//3106 1840//3106 1854//3106
f 1855//3107 1839//3107 1853//3107
f 1856//3108 1854//3108 1840//3108
usemtl HudAmber
f 1857//3109 1859//3109 1860//3109
f 1857//3110 1860//3110 1858//3110
f 1873//3111 1859//3111 1857//3111
f 1874//3112 1858//3112 1860//3112
f 1859//3113 1861//3113 1862//3113
f 1859//3114 1862//3114 1860//3114
f 1873//3115 1861//3115 1859//3115
f 1874//3116 1860//3116 1862//3116
f 1861//3117 1863//3117 1864//3117
f 1861//3118 1864//3118 1862//3118
f 1873//3119 1863//3119 1861//3119
f 1874//3120 1862//3120 1864//3120
f 1863//3121 1865//3121 1866//3121
f 1863//3122 1866//3122 1864//3122
f 1873//3123 1865//3123 1863//3123
f 1874//3124 1864//3124 1866//3124
f 1865//3125 1867//3125 1868//3125
f 1865//3126 1868//3126 1866//3126
f 1873//3127 1867//3127 1865//3127
f 1874//3128 1866//3128 1868//3128
f 1867//3129 1869//3129 1870//3129
f 1867//3130 1870//3130 1868//3130
f 1873//3131 1869//3131 1867//3131
f 1874//3132 1868//3132 1870//3132
f 1869//3133 1871//3133 1872//3133
f 1869//3134 1872//3134 1870//3134
f 1873//3135 1871//3135 1869//3135
f 1874//3136 1870//3136 1872//3136
f 1871//3137 1857//3137 1858//3137
f 1871//3138 1858//3138 1872//3138
f 1873//3139 1857//3139 1871//3139
f 1874//3140 1872//3140 1858//3140
f 1875//3141 1877//3141 1878//3141
f 1875//3142 1878//3142 1876//3142
f 1891//3143 1877//3143 1875//3143
f 1892//3144 1876//3144 1878//3144
f 1877//3145 1879//3145 1880//3145
f 1877//3146 1880//3146 1878//3146
f 1891//3147 1879//3147 1877//3147
f 1892//3148 1878//3148 1880//3148
f 1879//3149 1881//3149 1882//3149
f 1879//3150 1882//3150 1880//3150
f 1891//3151 1881//3151 1879//3151
f 1892//3152 1880//3152 1882//3152
f 1881//3153 1883//3153 1884//3153
f 1881//3154 1884//3154 1882//3154
f 1891//3155 1883//3155 1881//3155
f 1892//3156 1882//3156 1884//3156
f 1883//3157 1885//3157 1886//3157
f 1883//3158 1886//3158 1884//3158
f 1891//3159 1885//3159 1883//3159
f 1892//3160 1884//3160 1886//3160
f 1885//3161 1887//3161 1888//3161
f 1885//3162 1888//3162 1886//3162
f 1891//3163 1887//3163 1885//3163
f 1892//3164 1886//3164 1888//3164
f 1887//3165 1889//3165 1890//3165
f 1887//3166 1890//3166 1888//3166
f 1891//3167 1889//3167 1887//3167
f 1892//3168 1888//3168 1890//3168
f 1889//3169 1875//3169 1876//3169
f 1889//3170 1876//3170 1890//3170
f 1891//3171 1875//3171 1889//3171
f 1892//3172 1890//3172 1876//3172
f 1893//3173 1895//3173 1896//3173
f 1893//3174 1896//3174 1894//3174
f 1909//3175 1895//3175 1893//3175
f 1910//3176 1894//3176 1896//3176
f 1895//3177 1897//3177 1898//3177
f 1895//3178 1898//3178 1896//3178
f 1909//3179 1897//3179 1895//3179
f 1910//3180 1896//3180 1898//3180
f 1897//3181 1899//3181 1900//3181
f 1897//3182 1900//3182 1898//3182
f 1909//3183 1899//3183 1897//3183
f 1910//3184 1898//3184 1900//3184
f 1899//3185 1901//3185 1902//3185
f 1899//3186 1902//3186 1900//3186
f 1909//3187 1901//3187 1899//3187
f 1910//3188 1900//3188 1902//3188
f 1901//3189 1903//3189 1904//3189
f 1901//3190 1904//3190 1902//3190
f 1909//3191 1903//3191 1901//3191
f 1910//3192 1902//3192 1904//3192
f 1903//3193 1905//3193 1906//3193
f 1903//3194 1906//3194 1904//3194
f 1909//3195 1905//3195 1903//3195
f 1910//3196 1904//3196 1906//3196
f 1905//3197 1907//3197 1908//3197
f 1905//3198 1908//3198 1906//3198
f 1909//3199 1907//3199 1905//3199
f 1910//3200 1906//3200 1908//3200
f 1907//3201 1893//3201 1894//3201
f 1907//3202 1894//3202 1908//3202
f 1909//3203 1893//3203 1907//3203
f 1910//3204 1908//3204 1894//3204
g HUD_Data_Readouts
usemtl IndicatorWhite
f 1911//3205 1912//3205 1916//3205
f 1911//3206 1916//3206 1915//3206
f 1914//3207 1918//3207 1917//3207
f 1914//3208 1917//3208 1913//3208
f 1911//3209 1914//3209 1913//3209
f 1911//3210 1913//3210 1912//3210
f 1915//3211 1916//3211 1917//3211
f 1915//3212 1917//3212 1918//3212
f 1911//3213 1915//3213 1918//3213
f 1911//3214 1918//3214 1914//3214
f 1912//3215 1913//3215 1917//3215
f 1912//3216 1917//3216 1916//3216
f 1919//3217 1920//3217 1924//3217
f 1919//3218 1924//3218 1923//3218
f 1922//3219 1926//3219 1925//3219
f 1922//3220 1925//3220 1921//3220
f 1919//3221 1922//3221 1921//3221
f 1919//3222 1921//3222 1920//3222
f 1923//3223 1924//3223 1925//3223
f 1923//3224 1925//3224 1926//3224
f 1919//3225 1923//3225 1926//3225
f 1919//3226 1926//3226 1922//3226
f 1920//3227 1921//3227 1925//3227
f 1920//3228 1925//3228 1924//3228
f 1927//3229 1928//3229 1932//3229
f 1927//3230 1932//3230 1931//3230
f 1930//3231 1934//3231 1933//3231
f 1930//3232 1933//3232 1929//3232
f 1927//3233 1930//3233 1929//3233
f 1927//3234 1929//3234 1928//3234
f 1931//3235 1932//3235 1933//3235
f 1931//3236 1933//3236 1934//3236
f 1927//3237 1931//3237 1934//3237
f 1927//3238 1934//3238 1930//3238
f 1928//3239 1929//3239 1933//3239
f 1928//3240 1933//3240 1932//3240
f 1935//3241 1936//3241 1940//3241
f 1935//3242 1940//3242 1939//3242
f 1938//3243 1942//3243 1941//3243
f 1938//3244 1941//3244 1937//3244
f 1935//3245 1938//3245 1937//3245
f 1935//3246 1937//3246 1936//3246
f 1939//3247 1940//3247 1941//3247
f 1939//3248 1941//3248 1942//3248
f 1935//3249 1939//3249 1942//3249
f 1935//3250 1942//3250 1938//3250
f 1936//3251 1937//3251 1941//3251
f 1936//3252 1941//3252 1940//3252
g Rear_Bulkhead_Panels
usemtl ArmorGrey
f 1943//3253 1944//3253 1948//3253
f 1943//3254 1948//3254 1947//3254
f 1946//3255 1950//3255 1949//3255
f 1946//3256 1949//3256 1945//3256
f 1943//3257 1946//3257 1945//3257
f 1943//3258 1945//3258 1944//3258
f 1947//3259 1948//3259 1949//3259
f 1947//3260 1949//3260 1950//3260
f 1943//3261 1947//3261 1950//3261
f 1943//3262 1950//3262 1946//3262
f 1944//3263 1945//3263 1949//3263
f 1944//3264 1949//3264 1948//3264
g Rear_Bulkhead_Bolts
usemtl TrimMetal
f 1951//3265 1953//3265 1954//3265
f 1951//3266 1954//3266 1952//3266
f 1967//3267 1953//3267 1951//3267
f 1968//3268 1952//3268 1954//3268
f 1953//3269 1955//3269 1956//3269
f 1953//3270 1956//3270 1954//3270
f 1967//3271 1955//3271 1953//3271
f 1968//3272 1954//3272 1956//3272
f 1955//3273 1957//3273 1958//3273
f 1955//3274 1958//3274 1956//3274
f 1967//3275 1957//3275 1955//3275
f 1968//3276 1956//3276 1958//3276
f 1957//3277 1959//3277 1960//3277
f 1957//3278 1960//3278 1958//3278
f 1967//3279 1959//3279 1957//3279
f 1968//3280 1958//3280 1960//3280
f 1959//3281 1961//3281 1962//3281
f 1959//3282 1962//3282 1960//3282
f 1967//3283 1961//3283 1959//3283
f 1968//3284 1960//3284 1962//3284
f 1961//3285 1963//3285 1964//3285
f 1961//3286 1964//3286 1962//3286
f 1967//3287 1963//3287 1961//3287
f 1968//3288 1962//3288 1964//3288
f 1963//3289 1965//3289 1966//3289
f 1963//3290 1966//3290 1964//3290
f 1967//3291 1965//3291 1963//3291
f 1968//3292 1964//3292 1966//3292
f 1965//3293 1951//3293 1952//3293
f 1965//3294 1952//3294 1966//3294
f 1967//3295 1951//3295 1965//3295
f 1968//3296 1966//3296 1952//3296
f 1969//3297 1971//3297 1972//3297
f 1969//3298 1972//3298 1970//3298
f 1985//3299 1971//3299 1969//3299
f 1986//3300 1970//3300 1972//3300
f 1971//3301 1973//3301 1974//3301
f 1971//3302 1974//3302 1972//3302
f 1985//3303 1973//3303 1971//3303
f 1986//3304 1972//3304 1974//3304
f 1973//3305 1975//3305 1976//3305
f 1973//3306 1976//3306 1974//3306
f 1985//3307 1975//3307 1973//3307
f 1986//3308 1974//3308 1976//3308
f 1975//3309 1977//3309 1978//3309
f 1975//3310 1978//3310 1976//3310
f 1985//3311 1977//3311 1975//3311
f 1986//3312 1976//3312 1978//3312
f 1977//3313 1979//3313 1980//3313
f 1977//3314 1980//3314 1978//3314
f 1985//3315 1979//3315 1977//3315
f 1986//3316 1978//3316 1980//3316
f 1979//3317 1981//3317 1982//3317
f 1979//3318 1982//3318 1980//3318
f 1985//3319 1981//3319 1979//3319
f 1986//3320 1980//3320 1982//3320
f 1981//3321 1983//3321 1984//3321
f 1981//3322 1984//3322 1982//3322
f 1985//3323 1983//3323 1981//3323
f 1986//3324 1982//3324 1984//3324
f 1983//3325 1969//3325 1970//3325
f 1983//3326 1970//3326 1984//3326
f 1985//3327 1969//3327 1983//3327
f 1986//3328 1984//3328 1970//3328
f 1987//3329 1989//3329 1990//3329
f 1987//3330 1990//3330 1988//3330
f 2003//3331 1989//3331 1987//3331
f 2004//3332 1988//3332 1990//3332
f 1989//3333 1991//3333 1992//3333
f 1989//3334 1992//3334 1990//3334
f 2003//3335 1991//3335 1989//3335
f 2004//3336 1990//3336 1992//3336
f 1991//3337 1993//3337 1994//3337
f 1991//3338 1994//3338 1992//3338
f 2003//3339 1993//3339 1991//3339
f 2004//3340 1992//3340 1994//3340
f 1993//3341 1995//3341 1996//3341
f 1993//3342 1996//3342 1994//3342
f 2003//3343 1995//3343 1993//3343
f 2004//3344 1994//3344 1996//3344
f 1995//3345 1997//3345 1998//3345
f 1995//3346 1998//3346 1996//3346
f 2003//3347 1997//3347 1995//3347
f 2004//3348 1996//3348 1998//3348
f 1997//3349 1999//3349 2000//3349
f 1997//3350 2000//3350 1998//3350
f 2003//3351 1999//3351 1997//3351
f 2004//3352 1998//3352 2000//3352
f 1999//3353 2001//3353 2002//3353
f 1999//3354 2002//3354 2000//3354
f 2003//3355 2001//3355 1999//3355
f 2004//3356 2000//3356 2002//3356
f 2001//3357 1987//3357 1988//3357
f 2001//3358 1988//3358 2002//3358
f 2003//3359 1987//3359 2001//3359
f 2004//3360 2002//3360 1988//3360
g Rear_Bulkhead_Panels
usemtl ArmorGrey
f 2005//3361 2006//3361 2010//3361
f 2005//3362 2010//3362 2009//3362
f 2008//3363 2012//3363 2011//3363
f 2008//3364 2011//3364 2007//3364
f 2005//3365 2008//3365 2007//3365
f 2005//3366 2007//3366 2006//3366
f 2009//3367 2010//3367 2011//3367
f 2009//3368 2011//3368 2012//3368
f 2005//3369 2009//3369 2012//3369
f 2005//3370 2012//3370 2008//3370
f 2006//3371 2007//3371 2011//3371
f 2006//3372 2011//3372 2010//3372
g Rear_Bulkhead_Bolts
usemtl TrimMetal
f 2013//3373 2015//3373 2016//3373
f 2013//3374 2016//3374 2014//3374
f 2029//3375 2015//3375 2013//3375
f 2030//3376 2014//3376 2016//3376
f 2015//3377 2017//3377 2018//3377
f 2015//3378 2018//3378 2016//3378
f 2029//3379 2017//3379 2015//3379
f 2030//3380 2016//3380 2018//3380
f 2017//3381 2019//3381 2020//3381
f 2017//3382 2020//3382 2018//3382
f 2029//3383 2019//3383 2017//3383
f 2030//3384 2018//3384 2020//3384
f 2019//3385 2021//3385 2022//3385
f 2019//3386 2022//3386 2020//3386
f 2029//3387 2021//3387 2019//3387
f 2030//3388 2020//3388 2022//3388
f 2021//3389 2023//3389 2024//3389
f 2021//3390 2024//3390 2022//3390
f 2029//3391 2023//3391 2021//3391
f 2030//3392 2022//3392 2024//3392
f 2023//3393 2025//3393 2026//3393
f 2023//3394 2026//3394 2024//3394
f 2029//3395 2025//3395 2023//3395
f 2030//3396 2024//3396 2026//3396
f 2025//3397 2027//3397 2028//3397
f 2025//3398 2028//3398 2026//3398
f 2029//3399 2027//3399 2025//3399
f 2030//3400 2026//3400 2028//3400
f 2027//3401 2013//3401 2014//3401
f 2027//3402 2014//3402 2028//3402
f 2029//3403 2013//3403 2027//3403
f 2030//3404 2028//3404 2014//3404
f 2031//3405 2033//3405 2034//3405
f 2031//3406 2034//3406 2032//3406
f 2047//3407 2033//3407 2031//3407
f 2048//3408 2032//3408 2034//3408
f 2033//3409 2035//3409 2036//3409
f 2033//3410 2036//3410 2034//3410
f 2047//3411 2035//3411 2033//3411
f 2048//3412 2034//3412 2036//3412
f 2035//3413 2037//3413 2038//3413
f 2035//3414 2038//3414 2036//3414
f 2047//3415 2037//3415 2035//3415
f 2048//3416 2036//3416 2038//3416
f 2037//3417 2039//3417 2040//3417
f 2037//3418 2040//3418 2038//3418
f 2047//3419 2039//3419 2037//3419
f 2048//3420 2038//3420 2040//3420
f 2039//3421 2041//3421 2042//3421
f 2039//3422 2042//3422 2040//3422
f 2047//3423 2041//3423 2039//3423
f 2048//3424 2040//3424 2042//3424
f 2041//3425 2043//3425 2044//3425
f 2041//3426 2044//3426 2042//3426
f 2047//3427 2043//3427 2041//3427
f 2048//3428 2042//3428 2044//3428
f 2043//3429 2045//3429 2046//3429
f 2043//3430 2046//3430 2044//3430
f 2047//3431 2045//3431 2043//3431
f 2048//3432 2044//3432 2046//3432
f 2045//3433 2031//3433 2032//3433
f 2045//3434 2032//3434 2046//3434
f 2047//3435 2031//3435 2045//3435
f 2048//3436 2046//3436 2032//3436
f 2049//3437 2051//3437 2052//3437
f 2049//3438 2052//3438 2050//3438
f 2065//3439 2051//3439 2049//3439
f 2066//3440 2050//3440 2052//3440
f 2051//3441 2053//3441 2054//3441
f 2051//3442 2054//3442 2052//3442
f 2065//3443 2053//3443 2051//3443
f 2066//3444 2052//3444 2054//3444
f 2053//3445 2055//3445 2056//3445
f 2053//3446 2056//3446 2054//3446
f 2065//3447 2055//3447 2053//3447
f 2066//3448 2054//3448 2056//3448
f 2055//3449 2057//3449 2058//3449
f 2055//3450 2058//3450 2056//3450
f 2065//3451 2057//3451 2055//3451
f 2066//3452 2056//3452 2058//3452
f 2057//3453 2059//3453 2060//3453
f 2057//3454 2060//3454 2058//3454
f 2065//3455 2059//3455 2057//3455
f 2066//3456 2058//3456 2060//3456
f 2059//3457 2061//3457 2062//3457
f 2059//3458 2062//3458 2060//3458
f 2065//3459 2061//3459 2059//3459
f 2066//3460 2060//3460 2062//3460
f 2061//3461 2063//3461 2064//3461
f 2061//3462 2064//3462 2062//3462
f 2065//3463 2063//3463 2061//3463
f 2066//3464 2062//3464 2064//3464
f 2063//3465 2049//3465 2050//3465
f 2063//3466 2050//3466 2064//3466
f 2065//3467 2049//3467 2063//3467
f 2066//3468 2064//3468 2050//3468
g Rear_Bulkhead_Panels
usemtl ArmorGrey
f 2067//3469 2068//3469 2072//3469
f 2067//3470 2072//3470 2071//3470
f 2070//3471 2074//3471 2073//3471
f 2070//3472 2073//3472 2069//3472
f 2067//3473 2070//3473 2069//3473
f 2067//3474 2069//3474 2068//3474
f 2071//3475 2072//3475 2073//3475
f 2071//3476 2073//3476 2074//3476
f 2067//3477 2071//3477 2074//3477
f 2067//3478 2074//3478 2070//3478
f 2068//3479 2069//3479 2073//3479
f 2068//3480 2073//3480 2072//3480
g Rear_Bulkhead_Bolts
usemtl TrimMetal
f 2075//3481 2077//3481 2078//3481
f 2075//3482 2078//3482 2076//3482
f 2091//3483 2077//3483 2075//3483
f 2092//3484 2076//3484 2078//3484
f 2077//3485 2079//3485 2080//3485
f 2077//3486 2080//3486 2078//3486
f 2091//3487 2079//3487 2077//3487
f 2092//3488 2078//3488 2080//3488
f 2079//3489 2081//3489 2082//3489
f 2079//3490 2082//3490 2080//3490
f 2091//3491 2081//3491 2079//3491
f 2092//3492 2080//3492 2082//3492
f 2081//3493 2083//3493 2084//3493
f 2081//3494 2084//3494 2082//3494
f 2091//3495 2083//3495 2081//3495
f 2092//3496 2082//3496 2084//3496
f 2083//3497 2085//3497 2086//3497
f 2083//3498 2086//3498 2084//3498
f 2091//3499 2085//3499 2083//3499
f 2092//3500 2084//3500 2086//3500
f 2085//3501 2087//3501 2088//3501
f 2085//3502 2088//3502 2086//3502
f 2091//3503 2087//3503 2085//3503
f 2092//3504 2086//3504 2088//3504
f 2087//3505 2089//3505 2090//3505
f 2087//3506 2090//3506 2088//3506
f 2091//3507 2089//3507 2087//3507
f 2092//3508 2088//3508 2090//3508
f 2089//3509 2075//3509 2076//3509
f 2089//3510 2076//3510 2090//3510
f 2091//3511 2075//3511 2089//3511
f 2092//3512 2090//3512 2076//3512
f 2093//3513 2095//3513 2096//3513
f 2093//3514 2096//3514 2094//3514
f 2109//3515 2095//3515 2093//3515
f 2110//3516 2094//3516 2096//3516
f 2095//3517 2097//3517 2098//3517
f 2095//3518 2098//3518 2096//3518
f 2109//3519 2097//3519 2095//3519
f 2110//3520 2096//3520 2098//3520
f 2097//3521 2099//3521 2100//3521
f 2097//3522 2100//3522 2098//3522
f 2109//3523 2099//3523 2097//3523
f 2110//3524 2098//3524 2100//3524
f 2099//3525 2101//3525 2102//3525
f 2099//3526 2102//3526 2100//3526
f 2109//3527 2101//3527 2099//3527
f 2110//3528 2100//3528 2102//3528
f 2101//3529 2103//3529 2104//3529
f 2101//3530 2104//3530 2102//3530
f 2109//3531 2103//3531 2101//3531
f 2110//3532 2102//3532 2104//3532
f 2103//3533 2105//3533 2106//3533
f 2103//3534 2106//3534 2104//3534
f 2109//3535 2105//3535 2103//3535
f 2110//3536 2104//3536 2106//3536
f 2105//3537 2107//3537 2108//3537
f 2105//3538 2108//3538 2106//3538
f 2109//3539 2107//3539 2105//3539
f 2110//3540 2106//3540 2108//3540
f 2107//3541 2093//3541 2094//3541
f 2107//3542 2094//3542 2108//3542
f 2109//3543 2093//3543 2107//3543
f 2110//3544 2108//3544 2094//3544
f 2111//3545 2113//3545 2114//3545
f 2111//3546 2114//3546 2112//3546
f 2127//3547 2113//3547 2111//3547
f 2128//3548 2112//3548 2114//3548
f 2113//3549 2115//3549 2116//3549
f 2113//3550 2116//3550 2114//3550
f 2127//3551 2115//3551 2113//3551
f 2128//3552 2114//3552 2116//3552
f 2115//3553 2117//3553 2118//3553
f 2115//3554 2118//3554 2116//3554
f 2127//3555 2117//3555 2115//3555
f 2128//3556 2116//3556 2118//3556
f 2117//3557 2119//3557 2120//3557
f 2117//3558 2120//3558 2118//3558
f 2127//3559 2119//3559 2117//3559
f 2128//3560 2118//3560 2120//3560
f 2119//3561 2121//3561 2122//3561
f 2119//3562 2122//3562 2120//3562
f 2127//3563 2121//3563 2119//3563
f 2128//3564 2120//3564 2122//3564
f 2121//3565 2123//3565 2124//3565
f 2121//3566 2124//3566 2122//3566
f 2127//3567 2123//3567 2121//3567
f 2128//3568 2122//3568 2124//3568
f 2123//3569 2125//3569 2126//3569
f 2123//3570 2126//3570 2124//3570
f 2127//3571 2125//3571 2123//3571
f 2128//3572 2124//3572 2126//3572
f 2125//3573 2111//3573 2112//3573
f 2125//3574 2112//3574 2126//3574
f 2127//3575 2111//3575 2125//3575
f 2128//3576 2126//3576 2112//3576
g Rear_Bulkhead_Panels
usemtl ArmorGrey
f 2129//3577 2130//3577 2134//3577
f 2129//3578 2134//3578 2133//3578
f 2132//3579 2136//3579 2135//3579
f 2132//3580 2135//3580 2131//3580
f 2129//3581 2132//3581 2131//3581
f 2129//3582 2131//3582 2130//3582
f 2133//3583 2134//3583 2135//3583
f 2133//3584 2135//3584 2136//3584
f 2129//3585 2133//3585 2136//3585
f 2129//3586 2136//3586 2132//3586
f 2130//3587 2131//3587 2135//3587
f 2130//3588 2135//3588 2134//3588
g Rear_Bulkhead_Bolts
usemtl TrimMetal
f 2137//3589 2139//3589 2140//3589
f 2137//3590 2140//3590 2138//3590
f 2153//3591 2139//3591 2137//3591
f 2154//3592 2138//3592 2140//3592
f 2139//3593 2141//3593 2142//3593
f 2139//3594 2142//3594 2140//3594
f 2153//3595 2141//3595 2139//3595
f 2154//3596 2140//3596 2142//3596
f 2141//3597 2143//3597 2144//3597
f 2141//3598 2144//3598 2142//3598
f 2153//3599 2143//3599 2141//3599
f 2154//3600 2142//3600 2144//3600
f 2143//3601 2145//3601 2146//3601
f 2143//3602 2146//3602 2144//3602
f 2153//3603 2145//3603 2143//3603
f 2154//3604 2144//3604 2146//3604
f 2145//3605 2147//3605 2148//3605
f 2145//3606 2148//3606 2146//3606
f 2153//3607 2147//3607 2145//3607
f 2154//3608 2146//3608 2148//3608
f 2147//3609 2149//3609 2150//3609
f 2147//3610 2150//3610 2148//3610
f 2153//3611 2149//3611 2147//3611
f 2154//3612 2148//3612 2150//3612
f 2149//3613 2151//3613 2152//3613
f 2149//3614 2152//3614 2150//3614
f 2153//3615 2151//3615 2149//3615
f 2154//3616 2150//3616 2152//3616
f 2151//3617 2137//3617 2138//3617
f 2151//3618 2138//3618 2152//3618
f 2153//3619 2137//3619 2151//3619
f 2154//3620 2152//3620 2138//3620
f 2155//3621 2157//3621 2158//3621
f 2155//3622 2158//3622 2156//3622
f 2171//3623 2157//3623 2155//3623
f 2172//3624 2156//3624 2158//3624
f 2157//3625 2159//3625 2160//3625
f 2157//3626 2160//3626 2158//3626
f 2171//3627 2159//3627 2157//3627
f 2172//3628 2158//3628 2160//3628
f 2159//3629 2161//3629 2162//3629
f 2159//3630 2162//3630 2160//3630
f 2171//3631 2161//3631 2159//3631
f 2172//3632 2160//3632 2162//3632
f 2161//3633 2163//3633 2164//3633
f 2161//3634 2164//3634 2162//3634
f 2171//3635 2163//3635 2161//3635
f 2172//3636 2162//3636 2164//3636
f 2163//3637 2165//3637 2166//3637
f 2163//3638 2166//3638 2164//3638
f 2171//3639 2165//3639 2163//3639
f 2172//3640 2164//3640 2166//3640
f 2165//3641 2167//3641 2168//3641
f 2165//3642 2168//3642 2166//3642
f 2171//3643 2167//3643 2165//3643
f 2172//3644 2166//3644 2168//3644
f 2167//3645 2169//3645 2170//3645
f 2167//3646 2170//3646 2168//3646
f 2171//3647 2169//3647 2167//3647
f 2172//3648 2168//3648 2170//3648
f 2169//3649 2155//3649 2156//3649
f 2169//3650 2156//3650 2170//3650
f 2171//3651 2155//3651 2169//3651
f 2172//3652 2170//3652 2156//3652
f 2173//3653 2175//3653 2176//3653
f 2173//3654 2176//3654 2174//3654
f 2189//3655 2175//3655 2173//3655
f 2190//3656 2174//3656 2176//3656
f 2175//3657 2177//3657 2178//3657
f 2175//3658 2178//3658 2176//3658
f 2189//3659 2177//3659 2175//3659
f 2190//3660 2176//3660 2178//3660
f 2177//3661 2179//3661 2180//3661
f 2177//3662 2180//3662 2178//3662
f 2189//3663 2179//3663 2177//3663
f 2190//3664 2178//3664 2180//3664
f 2179//3665 2181//3665 2182//3665
f 2179//3666 2182//3666 2180//3666
f 2189//3667 2181//3667 2179//3667
f 2190//3668 2180//3668 2182//3668
f 2181//3669 2183//3669 2184//3669
f 2181//3670 2184//3670 2182//3670
f 2189//3671 2183//3671 2181//3671
f 2190//3672 2182//3672 2184//3672
f 2183//3673 2185//3673 2186//3673
f 2183//3674 2186//3674 2184//3674
f 2189//3675 2185//3675 2183//3675
f 2190//3676 2184//3676 2186//3676
f 2185//3677 2187//3677 2188//3677
f 2185//3678 2188//3678 2186//3678
f 2189//3679 2187//3679 2185//3679
f 2190//3680 2186//3680 2188//3680
f 2187//3681 2173//3681 2174//3681
f 2187//3682 2174//3682 2188//3682
f 2189//3683 2173//3683 2187//3683
f 2190//3684 2188//3684 2174//3684
g Rear_Bulkhead_Panels
usemtl ArmorGrey
f 2191//3685 2192//3685 2196//3685
f 2191//3686 2196//3686 2195//3686
f 2194//3687 2198//3687 2197//3687
f 2194//3688 2197//3688 2193//3688
f 2191//3689 2194//3689 2193//3689
f 2191//3690 2193//3690 2192//3690
f 2195//3691 2196//3691 2197//3691
f 2195//3692 2197//3692 2198//3692
f 2191//3693 2195//3693 2198//3693
f 2191//3694 2198//3694 2194//3694
f 2192//3695 2193//3695 2197//3695
f 2192//3696 2197//3696 2196//3696
g Rear_Bulkhead_Bolts
usemtl TrimMetal
f 2199//3697 2201//3697 2202//3697
f 2199//3698 2202//3698 2200//3698
f 2215//3699 2201//3699 2199//3699
f 2216//3700 2200//3700 2202//3700
f 2201//3701 2203//3701 2204//3701
f 2201//3702 2204//3702 2202//3702
f 2215//3703 2203//3703 2201//3703
f 2216//3704 2202//3704 2204//3704
f 2203//3705 2205//3705 2206//3705
f 2203//3706 2206//3706 2204//3706
f 2215//3707 2205//3707 2203//3707
f 2216//3708 2204//3708 2206//3708
f 2205//3709 2207//3709 2208//3709
f 2205//3710 2208//3710 2206//3710
f 2215//3711 2207//3711 2205//3711
f 2216//3712 2206//3712 2208//3712
f 2207//3713 2209//3713 2210//3713
f 2207//3714 2210//3714 2208//3714
f 2215//3715 2209//3715 2207//3715
f 2216//3716 2208//3716 2210//3716
f 2209//3717 2211//3717 2212//3717
f 2209//3718 2212//3718 2210//3718
f 2215//3719 2211//3719 2209//3719
f 2216//3720 2210//3720 2212//3720
f 2211//3721 2213//3721 2214//3721
f 2211//3722 2214//3722 2212//3722
f 2215//3723 2213//3723 2211//3723
f 2216//3724 2212//3724 2214//3724
f 2213//3725 2199//3725 2200//3725
f 2213//3726 2200//3726 2214//3726
f 2215//3727 2199//3727 2213//3727
f 2216//3728 2214//3728 2200//3728
f 2217//3729 2219//3729 2220//3729
f 2217//3730 2220//3730 2218//3730
f 2233//3731 2219//3731 2217//3731
f 2234//3732 2218//3732 2220//3732
f 2219//3733 2221//3733 2222//3733
f 2219//3734 2222//3734 2220//3734
f 2233//3735 2221//3735 2219//3735
f 2234//3736 2220//3736 2222//3736
f 2221//3737 2223//3737 2224//3737
f 2221//3738 2224//3738 2222//3738
f 2233//3739 2223//3739 2221//3739
f 2234//3740 2222//3740 2224//3740
f 2223//3741 2225//3741 2226//3741
f 2223//3742 2226//3742 2224//3742
f 2233//3743 2225//3743 2223//3743
f 2234//3744 2224//3744 2226//3744
f 2225//3745 2227//3745 2228//3745
f 2225//3746 2228//3746 2226//3746
f 2233//3747 2227//3747 2225//3747
f 2234//3748 2226//3748 2228//3748
f 2227//3749 2229//3749 2230//3749
f 2227//3750 2230//3750 2228//3750
f 2233//3751 2229//3751 2227//3751
f 2234//3752 2228//3752 2230//3752
f 2229//3753 2231//3753 2232//3753
f 2229//3754 2232//3754 2230//3754
f 2233//3755 2231//3755 2229//3755
f 2234//3756 2230//3756 2232//3756
f 2231//3757 2217//3757 2218//3757
f 2231//3758 2218//3758 2232//3758
f 2233//3759 2217//3759 2231//3759
f 2234//3760 2232//3760 2218//3760
f 2235//3761 2237//3761 2238//3761
f 2235//3762 2238//3762 2236//3762
f 2251//3763 2237//3763 2235//3763
f 2252//3764 2236//3764 2238//3764
f 2237//3765 2239//3765 2240//3765
f 2237//3766 2240//3766 2238//3766
f 2251//3767 2239//3767 2237//3767
f 2252//3768 2238//3768 2240//3768
f 2239//3769 2241//3769 2242//3769
f 2239//3770 2242//3770 2240//3770
f 2251//3771 2241//3771 2239//3771
f 2252//3772 2240//3772 2242//3772
f 2241//3773 2243//3773 2244//3773
f 2241//3774 2244//3774 2242//3774
f 2251//3775 2243//3775 2241//3775
f 2252//3776 2242//3776 2244//3776
f 2243//3777 2245//3777 2246//3777
f 2243//3778 2246//3778 2244//3778
f 2251//3779 2245//3779 2243//3779
f 2252//3780 2244//3780 2246//3780
f 2245//3781 2247//3781 2248//3781
f 2245//3782 2248//3782 2246//3782
f 2251//3783 2247//3783 2245//3783
f 2252//3784 2246//3784 2248//3784
f 2247//3785 2249//3785 2250//3785
f 2247//3786 2250//3786 2248//3786
f 2251//3787 2249//3787 2247//3787
f 2252//3788 2248//3788 2250//3788
f 2249//3789 2235//3789 2236//3789
f 2249//3790 2236//3790 2250//3790
f 2251//3791 2235//3791 2249//3791
f 2252//3792 2250//3792 2236//3792
